trial_number,model_name,display_name,hyperparameters,selection_status,validation_verdict,error_message,rmse,mae,r2,composite_score,test_rmse,test_mae,test_r2,test_composite_score,validation_pass_rate,failed_count,hard_failed_count,warning_count,suspicious_count,durability_caution_count,dataset_anomaly_count
1,HistGradientBoostingRegressor,HistGradientBoosting,"{""learning_rate"": 0.03581469519842854, ""max_depth"": 3, ""max_leaf_nodes"": 40, ""min_samples_leaf"": 19, ""l2_regularization"": 0.9329804363840617}",no_improvement,WARN,,5.545056637364813,4.255408916933932,0.8784396596824307,0.8611812463404638,5.341738189932203,4.223898351153633,0.8899335470234218,0.8676788336618616,0.2824427480916031,0,0,188,66,188,83
2,HistGradientBoostingRegressor,HistGradientBoosting,"{""learning_rate"": 0.017435870897751903, ""max_depth"": 5, ""max_leaf_nodes"": 21, ""min_samples_leaf"": 15, ""l2_regularization"": 0.0032399913028876132}",no_improvement,WARN,,6.005236779421681,4.691587619669787,0.8574781003909994,0.845929754756855,5.918422736476367,4.712632962441553,0.8648855683328569,0.8492591606202906,0.2824427480916031,0,0,188,68,188,83
3,XGBRegressor,XGBoost,"{""n_estimators"": 350, ""learning_rate"": 0.043203413176990293, ""max_depth"": 8, ""min_child_weight"": 4.539442220870642, ""subsample"": 0.6439525811988809, ""colsample_bytree"": 0.9264532795541052, ""reg_alpha"": 2.3912506885805597e-05, ""reg_lambda"": 0.00392397120915593}",new_best,WARN,,3.786274338944684,2.3719477659158574,0.942858654462275,0.9159856383095252,2.8873747731703165,1.8670530026546353,0.9678414773262982,0.9390276158299435,0.2824427480916031,0,0,188,66,188,82
4,LGBMRegressor,LightGBM,"{""n_estimators"": 150, ""learning_rate"": 0.017567233902640325, ""num_leaves"": 49, ""min_child_samples"": 20, ""subsample"": 0.6730968784607863, ""colsample_bytree"": 0.6717384173564485, ""reg_lambda"": 0.1657210733713911}",no_improvement,WARN,,4.880110821733256,3.6271684337546026,0.905823005518965,0.8823361034366077,4.633864544647727,3.467370968068033,0.9171721395618003,0.8901212289424824,0.2824427480916031,0,0,188,67,188,83
5,LGBMRegressor,LightGBM,"{""n_estimators"": 350, ""learning_rate"": 0.010163399780847033, ""num_leaves"": 25, ""min_child_samples"": 24, ""subsample"": 0.8322957183283843, ""colsample_bytree"": 0.6015518528215695, ""reg_lambda"": 0.0023990558524704525}",no_improvement,WARN,,4.604765980188786,3.3394709524811965,0.9161878225154865,0.8909594052524901,4.276729934999367,3.126893441280284,0.9294473343616902,0.9007708999104658,0.2824427480916031,0,0,188,68,188,84
6,RandomForestRegressor,RandomForest,"{""n_estimators"": 250, ""max_depth"": 6, ""min_samples_split"": 9, ""min_samples_leaf"": 2, ""max_features"": null}",no_improvement,WARN,,5.358276444154766,3.959528838081147,0.8863150728014281,0.8678531752423212,5.225150356225385,3.8485135071801406,0.8946856969476912,0.8728716049748351,0.2824427480916031,0,0,188,66,188,82
7,ExtraTreesRegressor,ExtraTrees,"{""n_estimators"": 600, ""max_depth"": 10, ""min_samples_split"": 7, ""min_samples_leaf"": 4, ""max_features"": ""sqrt""}",no_improvement,WARN,,5.245717658176625,3.9443958018770227,0.8912944917752,0.8710221281126594,4.960163258952296,3.737772362841629,0.9050966121164942,0.8803628126752313,0.2824427480916031,0,0,188,67,188,83
8,XGBRegressor,XGBoost,"{""n_estimators"": 350, ""learning_rate"": 0.03669521797270215, ""max_depth"": 3, ""min_child_weight"": 4.7747344116395904, ""subsample"": 0.7997649990470986, ""colsample_bytree"": 0.744186070867579, ""reg_alpha"": 0.00040445316786228173, ""reg_lambda"": 0.23379340045817076}",no_improvement,WARN,,4.155212588360366,3.017190892380177,0.9316860289746918,0.9037783874413073,3.844112142245776,2.8861532521683464,0.9429990792118182,0.9123061396880516,0.2824427480916031,0,0,188,66,188,83
9,ExtraTreesRegressor,ExtraTrees,"{""n_estimators"": 800, ""max_depth"": null, ""min_samples_split"": 4, ""min_samples_leaf"": 4, ""max_features"": ""sqrt""}",no_improvement,WARN,,5.0426609347918925,3.7352479554426354,0.899540876890309,0.8775452589957894,4.677420247053665,3.4357801353998867,0.9156077518140824,0.8892152462124792,0.2824427480916031,0,0,188,65,188,81
10,XGBRegressor,XGBoost,"{""n_estimators"": 300, ""learning_rate"": 0.05, ""max_depth"": 5, ""min_child_weight"": 4.872438356990495, ""subsample"": 0.8, ""colsample_bytree"": 0.8, ""reg_alpha"": 0.01, ""reg_lambda"": 0.007867968441080555}",new_best,WARN,,3.750782810488512,2.4941152022550703,0.9443208248478685,0.9162353913949737,3.078474423604504,2.1470856037916057,0.9634438144049462,0.933427533351548,0.2824427480916031,0,0,188,65,188,81
11,CatBoostRegressor,CatBoost,"{""iterations"": 300, ""learning_rate"": 0.03344988649416884, ""depth"": 6, ""l2_leaf_reg"": 2.1642820184392253, ""bagging_temperature"": 4.441099302584153, ""random_strength"": 1.760967341065543}",no_improvement,WARN,,4.404421892146426,3.2261457662555166,0.9232987140452694,0.8965622665556082,4.090397370610419,3.067821823810654,0.9354612164914113,0.9055402934485075,0.2824427480916031,0,0,188,68,188,84
12,XGBRegressor,XGBoost,"{""n_estimators"": 300, ""learning_rate"": 0.05135703075406829, ""max_depth"": 8, ""min_child_weight"": 4.48988198430597, ""subsample"": 0.6375981964201034, ""colsample_bytree"": 0.9698912910070879, ""reg_alpha"": 0.009764399274973112, ""reg_lambda"": 0.0016776299354187983}",no_improvement,WARN,,3.836270763631611,2.397418413863508,0.9416781800570317,0.9147815229728704,2.765447169680689,1.807263854792706,0.9705001025310044,0.9418849107738307,0.2824427480916031,0,0,188,66,188,82
13,XGBRegressor,XGBoost,"{""n_estimators"": 350, ""learning_rate"": 0.14201457240163975, ""max_depth"": 6, ""min_child_weight"": 8.285852838343425, ""subsample"": 0.7525518600911624, ""colsample_bytree"": 0.8997780184437265, ""reg_alpha"": 3.3267167593153696e-06, ""reg_lambda"": 0.0019577938943254854}",new_best,WARN,,3.7204303525963347,2.3602801051166766,0.9450454610588966,0.9176374899610578,2.997795904916948,1.9200827378409788,0.9653347850052953,0.9364165883190552,0.2824427480916031,0,0,188,61,188,78
14,XGBRegressor,XGBoost,"{""n_estimators"": 100, ""learning_rate"": 0.250685844034486, ""max_depth"": 5, ""min_child_weight"": 9.564134912358455, ""subsample"": 0.8250516276370349, ""colsample_bytree"": 0.82167348915717, ""reg_alpha"": 6.199619776934771, ""reg_lambda"": 0.008431764797198227}",no_improvement,WARN,,3.8005792220706454,2.57092062523507,0.9427832785727542,0.9146369840321631,3.1099394432987877,2.167705337017214,0.9626927154934971,0.9326413482873581,0.2824427480916031,0,0,188,66,188,83
15,XGBRegressor,XGBoost,"{""n_estimators"": 500, ""learning_rate"": 0.1688817332576073, ""max_depth"": 5, ""min_child_weight"": 8.569536458792067, ""subsample"": 0.7776637700613296, ""colsample_bytree"": 0.6038023815555389, ""reg_alpha"": 0.02092151871899521, ""reg_lambda"": 8.39464218283701}",new_best,WARN,,3.6087276392542336,2.297529547247604,0.9483454779653842,0.9205595281838159,2.6268952801310124,1.7505285000421957,0.9733820077403607,0.9450267191137985,0.2824427480916031,0,0,188,65,188,81
16,CatBoostRegressor,CatBoost,"{""iterations"": 800, ""learning_rate"": 0.19594841004158267, ""depth"": 10, ""l2_leaf_reg"": 9.367074843687082, ""bagging_temperature"": 0.16054512563864076, ""random_strength"": 0.0033570481867980506}",no_improvement,WARN,,3.8708147379876094,2.276856035819974,0.940543613605833,0.9146343660014279,2.5826134462546646,1.5258782932736499,0.9742718481870509,0.9471881234898649,0.2824427480916031,0,0,188,65,188,81
17,RandomForestRegressor,RandomForest,"{""n_estimators"": 600, ""max_depth"": 18, ""min_samples_split"": 2, ""min_samples_leaf"": 4, ""max_features"": ""sqrt""}",no_improvement,WARN,,4.776749248483907,3.470755723401613,0.909777313056218,0.8858657357671396,4.363813460002011,3.177038768965762,0.9265448704404764,0.8983870263183877,0.2824427480916031,0,0,188,67,188,83
18,XGBRegressor,XGBoost,"{""n_estimators"": 500, ""learning_rate"": 0.22018291693640044, ""max_depth"": 6, ""min_child_weight"": 8.873117713395649, ""subsample"": 0.9670909765431165, ""colsample_bytree"": 0.6002322944578483, ""reg_alpha"": 1.3773811568103568e-06, ""reg_lambda"": 7.896618627691067}",no_improvement,WARN,,3.7788249712469644,2.3379621915385083,0.9432503164527877,0.9164003302924817,2.712522939407792,1.6734349346158255,0.9716184170995421,0.943723853365414,0.2824427480916031,0,0,188,64,188,80
19,XGBRegressor,XGBoost,"{""n_estimators"": 500, ""learning_rate"": 0.12592770484471402, ""max_depth"": 3, ""min_child_weight"": 7.568953841629558, ""subsample"": 0.7368084468763147, ""colsample_bytree"": 0.6099930274939478, ""reg_alpha"": 0.8585217983008967, ""reg_lambda"": 4.62423415000375}",no_improvement,WARN,,3.77045722830949,2.545659522678638,0.9437732685602123,0.9155020887571916,3.217464901160036,2.369991356717527,0.9600683358347692,0.929192745992804,0.2824427480916031,0,0,188,63,188,80
20,XGBRegressor,XGBoost,"{""n_estimators"": 300, ""learning_rate"": 0.05, ""max_depth"": 5, ""min_child_weight"": 7.285041669286188, ""subsample"": 0.8, ""colsample_bytree"": 0.8, ""reg_alpha"": 0.01, ""reg_lambda"": 0.1607258494425023}",no_improvement,WARN,,3.7521392082957363,2.504249561869333,0.9442484522602582,0.9161372735612459,3.2774584323657865,2.2659682672811514,0.9585653038304094,0.9284821996531424,0.2824427480916031,0,0,188,67,188,83
21,LGBMRegressor,LightGBM,"{""n_estimators"": 500, ""learning_rate"": 0.29874621572913185, ""num_leaves"": 63, ""min_child_samples"": 5, ""subsample"": 0.9617492629413117, ""colsample_bytree"": 0.9695237850846482, ""reg_lambda"": 9.077675084025898}",no_improvement,WARN,,3.8649408725886003,2.34137185142444,0.9408517177509207,0.9144452961594245,3.0044751353694963,1.780607277696039,0.9651801414574264,0.9370637767878713,0.2824427480916031,0,0,188,64,188,80
22,XGBRegressor,XGBoost,"{""n_estimators"": 500, ""learning_rate"": 0.17222298876919942, ""max_depth"": 6, ""min_child_weight"": 9.463274799618405, ""subsample"": 0.9936907631519021, ""colsample_bytree"": 0.6020844999908973, ""reg_alpha"": 1.9134656864378942e-06, ""reg_lambda"": 9.669014063831545}",new_best,WARN,,3.5902016514200525,2.2332433189225993,0.9488621450715378,0.9213393253744547,2.616088818451988,1.5984976269034115,0.9736005582544123,0.9461037385576493,0.2824427480916031,0,0,188,67,188,83
23,XGBRegressor,XGBoost,"{""n_estimators"": 450, ""learning_rate"": 0.11327444318317702, ""max_depth"": 7, ""min_child_weight"": 7.817711198491403, ""subsample"": 0.9903134078087619, ""colsample_bytree"": 0.6613106455019148, ""reg_alpha"": 1.1419074541764765e-06, ""reg_lambda"": 1.1532174640885646}",no_improvement,WARN,,3.741391963376165,2.3210326595372037,0.9446018610784858,0.9174300871431396,2.655340507575693,1.6615333607754,0.9728024229660915,0.9449538612596409,0.2824427480916031,0,0,188,64,188,81
24,XGBRegressor,XGBoost,"{""n_estimators"": 400, ""learning_rate"": 0.015460529903062745, ""max_depth"": 10, ""min_child_weight"": 2.049174545496366, ""subsample"": 0.8902576744086682, ""colsample_bytree"": 0.6766542837658829, ""reg_alpha"": 3.98840664057983e-05, ""reg_lambda"": 2.2164301007227354}",no_improvement,WARN,,3.9219353687761993,2.506763981182549,0.9390128264786446,0.9121543935450496,3.1927317552981807,2.0983621860803288,0.9606798978260407,0.931259974466259,0.2824427480916031,0,0,188,65,188,81
25,XGBRegressor,XGBoost,"{""n_estimators"": 200, ""learning_rate"": 0.13110772625628106, ""max_depth"": 6, ""min_child_weight"": 9.943185631234927, ""subsample"": 0.7175945905293454, ""colsample_bytree"": 0.8836919120420627, ""reg_alpha"": 0.16553742552894213, ""reg_lambda"": 0.03444342017700675}",no_improvement,WARN,,3.7367236707577143,2.469713380847483,0.9446968611863509,0.9166846042508369,2.9785174483603334,1.9971495582695853,0.965779206847965,0.9363868215628457,0.2824427480916031,0,0,188,62,188,79
26,CatBoostRegressor,CatBoost,"{""iterations"": 700, ""learning_rate"": 0.011174012296233087, ""depth"": 4, ""l2_leaf_reg"": 9.880560581108567, ""bagging_temperature"": 1.4381612547759706, ""random_strength"": 0.5752374537989052}",no_improvement,WARN,,5.069875579828922,3.841396211303658,0.8984788887276949,0.8762426750717146,4.898829551934549,3.758565864086021,0.9074291115034128,0.8818112983324992,0.2824427480916031,0,0,188,66,188,82
27,HistGradientBoostingRegressor,HistGradientBoosting,"{""learning_rate"": 0.18280082485292906, ""max_depth"": 7, ""max_leaf_nodes"": 62, ""min_samples_leaf"": 30, ""l2_regularization"": 0.00011553675272164658}",no_improvement,WARN,,3.8970284627609564,2.6861405283139965,0.9398560717781894,0.9117458052676672,3.2684365306945,2.381770721922517,0.9587931054963158,0.928023774710141,0.2824427480916031,0,0,188,67,188,84
28,RandomForestRegressor,RandomForest,"{""n_estimators"": 100, ""max_depth"": 10, ""min_samples_split"": 4, ""min_samples_leaf"": 1, ""max_features"": ""log2""}",no_improvement,WARN,,4.425142083140264,3.158190359812705,0.9225557358250575,0.8964306338741366,3.8926969202124764,2.883498826635816,0.9415491330543796,0.911200000463879,0.2824427480916031,0,0,188,67,188,83
29,ExtraTreesRegressor,ExtraTrees,"{""n_estimators"": 200, ""max_depth"": 18, ""min_samples_split"": 12, ""min_samples_leaf"": 1, ""max_features"": 1.0}",no_improvement,WARN,,4.445775539962218,3.1439715201427516,0.9217548116457749,0.8959792791720642,3.8934743211955554,2.8021998247066167,0.9415257845637631,0.911641282947988,0.2824427480916031,0,0,188,66,188,82
30,XGBRegressor,XGBoost,"{""n_estimators"": 300, ""learning_rate"": 0.05, ""max_depth"": 5, ""min_child_weight"": 8.558410134801914, ""subsample"": 0.8, ""colsample_bytree"": 0.8, ""reg_alpha"": 0.01, ""reg_lambda"": 0.6716236536255132}",no_improvement,WARN,,3.757773101385714,2.5391323734589393,0.9440591320518834,0.9158038550186695,3.3647782115809903,2.34578822434742,0.9563280423403736,0.9261269153284628,0.2824427480916031,0,0,188,68,188,84
31,HistGradientBoostingRegressor,HistGradientBoosting,"{""learning_rate"": 0.16959008207903087, ""max_depth"": null, ""max_leaf_nodes"": 19, ""min_samples_leaf"": 5, ""l2_regularization"": 0.519199753097595}",no_improvement,WARN,,3.7862109831980453,2.5081593247859093,0.9433270147498802,0.9153575686430231,3.2572882834750634,2.242701653545857,0.9590737296966896,0.9290510206987737,0.2824427480916031,0,0,188,66,188,82
32,XGBRegressor,XGBoost,"{""n_estimators"": 450, ""learning_rate"": 0.1248684048050033, ""max_depth"": 7, ""min_child_weight"": 7.16484171624315, ""subsample"": 0.982475782788166, ""colsample_bytree"": 0.6640402276096602, ""reg_alpha"": 1.0003306001925636e-06, ""reg_lambda"": 1.7986698288828669}",no_improvement,WARN,,3.7733520892342005,2.3245256467158937,0.9436215279535757,0.9166648902312495,2.5280135163140307,1.6242131372197763,0.9753482044479799,0.9477266281036937,0.2824427480916031,0,0,188,65,188,81
33,XGBRegressor,XGBoost,"{""n_estimators"": 450, ""learning_rate"": 0.1673043174170516, ""max_depth"": 7, ""min_child_weight"": 8.235684005552296, ""subsample"": 0.9312141487409786, ""colsample_bytree"": 0.6607551690408205, ""reg_alpha"": 6.404816897844095e-06, ""reg_lambda"": 8.296693175841812}",new_best,WARN,,3.5796487710496976,2.2332515473604424,0.9492644571724892,0.9216090081725841,2.6318316172566263,1.6269304998630503,0.9732818752071879,0.9456251819921964,0.2824427480916031,0,0,188,65,188,81
34,XGBRegressor,XGBoost,"{""n_estimators"": 500, ""learning_rate"": 0.18366690193970836, ""max_depth"": 6, ""min_child_weight"": 8.630654843364045, ""subsample"": 0.9261386582166635, ""colsample_bytree"": 0.6312987146977622, ""reg_alpha"": 1.2513843296779069e-05, ""reg_lambda"": 9.645074984313213}",no_improvement,WARN,,3.61270808960872,2.2593538735523984,0.9482549562549831,0.9206918149207686,2.8924750022868153,1.7578089042252796,0.9677277680197333,0.9395386044668034,0.2824427480916031,0,0,188,66,188,83
35,XGBRegressor,XGBoost,"{""n_estimators"": 500, ""learning_rate"": 0.20418259746540676, ""max_depth"": 4, ""min_child_weight"": 6.252248645638063, ""subsample"": 0.9154928038182781, ""colsample_bytree"": 0.634076547162079, ""reg_alpha"": 1.5575279361474264e-05, ""reg_lambda"": 9.973262867585243}",no_improvement,WARN,,3.5998680384946455,2.3376885436768786,0.948556439215291,0.9205210763260961,2.6476340356560097,1.7804082389958154,0.9729600624181556,0.9444384537486027,0.2824427480916031,0,0,188,66,188,82
36,HistGradientBoostingRegressor,HistGradientBoosting,"{""learning_rate"": 0.013232374991186966, ""max_depth"": null, ""max_leaf_nodes"": 63, ""min_samples_leaf"": 30, ""l2_regularization"": 0.012152086305182745}",no_improvement,WARN,,7.043115325306533,5.559192701363808,0.8040814049936378,0.8103518643060049,6.82480004879144,5.4444907508692495,0.8203324531158194,0.8189583525974067,0.2824427480916031,0,0,188,71,188,88
37,LGBMRegressor,LightGBM,"{""n_estimators"": 100, ""learning_rate"": 0.14799960594248626, ""num_leaves"": 17, ""min_child_samples"": 30, ""subsample"": 0.6016721349241386, ""colsample_bytree"": 0.9081507981060292, ""reg_lambda"": 0.0013610661249763999}",no_improvement,WARN,,3.9349399761435913,2.6681440716828817,0.9386389119372527,0.910946906389771,3.4257877961622176,2.4487016251372618,0.954729979632379,0.9242045057017663,0.2824427480916031,0,0,188,67,188,84
38,XGBRegressor,XGBoost,"{""n_estimators"": 450, ""learning_rate"": 0.0833556925409479, ""max_depth"": 8, ""min_child_weight"": 9.237487913820317, ""subsample"": 0.9236196817739653, ""colsample_bytree"": 0.7127339118439913, ""reg_alpha"": 0.0004574829908089015, ""reg_lambda"": 3.3372387988292327}",no_improvement,WARN,,3.644553196559208,2.2600348040044893,0.9473383198971209,0.9199632370072064,2.7827178118595444,1.7528121356862936,0.9701304891995313,0.9418377210018019,0.2824427480916031,0,0,188,67,188,83
39,XGBRegressor,XGBoost,"{""n_estimators"": 500, ""learning_rate"": 0.2887561541786819, ""max_depth"": 7, ""min_child_weight"": 8.931515231505038, ""subsample"": 0.8754379624451798, ""colsample_bytree"": 0.6346526309737304, ""reg_alpha"": 0.00013402325487160932, ""reg_lambda"": 9.615826213946061}",no_improvement,WARN,,3.7470641798465594,2.350322156169159,0.9443070336375484,0.9170960723864343,2.800026589378947,1.7622488120096453,0.9697577509902497,0.9414281433533039,0.2824427480916031,0,0,188,63,188,79
40,XGBRegressor,XGBoost,"{""n_estimators"": 300, ""learning_rate"": 0.05, ""max_depth"": 5, ""min_child_weight"": 6.313030654220171, ""subsample"": 0.8, ""colsample_bytree"": 0.8, ""reg_alpha"": 0.01, ""reg_lambda"": 3.893678800457646}",no_improvement,WARN,,3.8670742128866578,2.617238082150485,0.9407678351728117,0.9128316072582585,3.2644926575791353,2.3223372373261055,0.9588924904544164,0.9284450341239879,0.2824427480916031,0,0,188,65,188,81
41,ExtraTreesRegressor,ExtraTrees,"{""n_estimators"": 300, ""max_depth"": 14, ""min_samples_split"": 2, ""min_samples_leaf"": 1, ""max_features"": 0.5}",no_improvement,WARN,,3.955939008257984,2.339697384670038,0.9379182899499388,0.9122895834724226,3.269199193308863,1.8498335709734675,0.958773872677072,0.9310121993237075,0.2824427480916031,0,0,188,63,188,79
42,XGBRegressor,XGBoost,"{""n_estimators"": 500, ""learning_rate"": 0.17788597393707933, ""max_depth"": 4, ""min_child_weight"": 6.361894281331523, ""subsample"": 0.9354421537686544, ""colsample_bytree"": 0.6339445151981317, ""reg_alpha"": 9.329409208723367e-06, ""reg_lambda"": 8.032021971838551}",no_improvement,WARN,,3.6233428917397674,2.3311557065020567,0.9480630264030232,0.9200784277286057,2.5881020522828635,1.7672629564828304,0.9741623763325904,0.9457141620100513,0.2824427480916031,0,0,188,64,188,80
43,XGBRegressor,XGBoost,"{""n_estimators"": 450, ""learning_rate"": 0.1873659779942234, ""max_depth"": 4, ""min_child_weight"": 9.996352781934108, ""subsample"": 0.9394540103681419, ""colsample_bytree"": 0.601491862304021, ""reg_alpha"": 9.132151184983183e-06, ""reg_lambda"": 9.932594523439901}",no_improvement,WARN,,3.6623208016034945,2.4038541434679046,0.9468732771776491,0.9187603472031414,2.867245399785346,1.9121279436738106,0.9682883015336577,0.9391913123428249,0.2824427480916031,0,0,188,65,188,81
44,RandomForestRegressor,RandomForest,"{""n_estimators"": 600, ""max_depth"": 4, ""min_samples_split"": 10, ""min_samples_leaf"": 4, ""max_features"": null}",no_improvement,WARN,,6.261125565908409,4.703174787189473,0.8449088057787829,0.8384796569370219,6.187228303449871,4.701976724104012,0.8523334743175677,0.8417574577572369,0.2824427480916031,0,0,188,65,188,81
45,XGBRegressor,XGBoost,"{""n_estimators"": 500, ""learning_rate"": 0.08267739502279609, ""max_depth"": 4, ""min_child_weight"": 8.242041927150558, ""subsample"": 0.8848911504935163, ""colsample_bytree"": 0.6938741573989302, ""reg_alpha"": 7.619446322548171e-06, ""reg_lambda"": 3.4937382527805023}",no_improvement,WARN,,3.671200824147916,2.43051652742185,0.9466580062912472,0.9184197372000008,3.114568648030532,2.178242496733014,0.9625815676097326,0.9324831013858024,0.2824427480916031,0,0,188,64,188,80
46,LGBMRegressor,LightGBM,"{""n_estimators"": 300, ""learning_rate"": 0.045543043061162324, ""num_leaves"": 34, ""min_child_samples"": 7, ""subsample"": 0.9993723281283146, ""colsample_bytree"": 0.7889502515545653, ""reg_lambda"": 3.8256377046178986}",no_improvement,WARN,,3.7695043667965935,2.390453073520026,0.9437184705675425,0.9163758828964309,3.0360740681111333,2.0593736590337675,0.9644438688980308,0.9348218525723389,0.2824427480916031,0,0,188,66,188,82
47,XGBRegressor,XGBoost,"{""n_estimators"": 450, ""learning_rate"": 0.18333537725608434, ""max_depth"": 6, ""min_child_weight"": 6.492423023804271, ""subsample"": 0.8498861512102186, ""colsample_bytree"": 0.6378350877499035, ""reg_alpha"": 4.894587287745441e-05, ""reg_lambda"": 0.6233663789310511}",no_improvement,WARN,,3.7051660334375263,2.29126427821161,0.9456906838156239,0.9184365080961341,2.724374315391755,1.6637960573184618,0.9713698694409855,0.943536366059832,0.2824427480916031,0,0,188,64,188,81
48,CatBoostRegressor,CatBoost,"{""iterations"": 200, ""learning_rate"": 0.15258269619971052, ""depth"": 10, ""l2_leaf_reg"": 1.3987316178103324, ""bagging_temperature"": 4.601953836039033, ""random_strength"": 1.8363019381997352}",no_improvement,WARN,,3.866568740903726,2.3091029683168776,0.9407732840791792,0.9145810661853013,2.66353043728414,1.7094686283763214,0.9726343919702375,0.9445169966150031,0.2824427480916031,0,0,188,63,188,79
49,XGBRegressor,XGBoost,"{""n_estimators"": 500, ""learning_rate"": 0.21095917514981855, ""max_depth"": 7, ""min_child_weight"": 3.5418231214606553, ""subsample"": 0.9511235026701541, ""colsample_bytree"": 0.7194365922508502, ""reg_alpha"": 0.12643033423230537, ""reg_lambda"": 6.081630636931396}",no_improvement,WARN,,3.719217233935389,2.301471397161532,0.9452756477611615,0.9180558947212993,2.954269661457743,1.8179630292652413,0.9663341144125593,0.937907981520742,0.2824427480916031,0,0,188,64,188,81
50,XGBRegressor,XGBoost,"{""n_estimators"": 300, ""learning_rate"": 0.05, ""max_depth"": 5, ""min_child_weight"": 9.122891514065639, ""subsample"": 0.8, ""colsample_bytree"": 0.8, ""reg_alpha"": 0.01, ""reg_lambda"": 1.934228184978645}",no_improvement,WARN,,3.7956156500506553,2.5890718181269543,0.9428384637330277,0.9146211009719641,3.3279645331344816,2.3811577231122216,0.9572784351033021,0.9267321376129118,0.2824427480916031,0,0,188,65,188,81
51,ExtraTreesRegressor,ExtraTrees,"{""n_estimators"": 500, ""max_depth"": 6, ""min_samples_split"": 12, ""min_samples_leaf"": 5, ""max_features"": ""log2""}",no_improvement,WARN,,6.623738776635638,5.174117534790608,0.8267043041340966,0.8252368101427148,6.507029479710875,5.091824142180768,0.8366740012520837,0.830340858536158,0.2824427480916031,0,0,188,74,188,89
52,XGBRegressor,XGBoost,"{""n_estimators"": 500, ""learning_rate"": 0.17331952007493548, ""max_depth"": 4, ""min_child_weight"": 6.711451003928267, ""subsample"": 0.9160615002690085, ""colsample_bytree"": 0.6380650972972595, ""reg_alpha"": 8.04353028183307e-06, ""reg_lambda"": 8.906876921358236}",no_improvement,WARN,,3.6047181411643017,2.349030391501196,0.9485481201307007,0.9203860126164111,2.7932644799033466,1.8490679270265928,0.9699036456487329,0.9410769615762046,0.2824427480916031,0,0,188,63,188,79
53,XGBRegressor,XGBoost,"{""n_estimators"": 500, ""learning_rate"": 0.15709654290537609, ""max_depth"": 4, ""min_child_weight"": 8.02268798974707, ""subsample"": 0.9129266988287196, ""colsample_bytree"": 0.6378810141412932, ""reg_alpha"": 3.813185875804416e-06, ""reg_lambda"": 5.132125921208171}",no_improvement,WARN,,3.5657598291749415,2.3233546326568106,0.9497217274495137,0.921433338054689,2.7999752375058695,1.9104495703941098,0.9697588602524959,0.9405920006828039,0.2824427480916031,0,0,188,65,188,81
54,XGBRegressor,XGBoost,"{""n_estimators"": 450, ""learning_rate"": 0.09093633019834332, ""max_depth"": 4, ""min_child_weight"": 8.020314512265646, ""subsample"": 0.9076131377019832, ""colsample_bytree"": 0.6243106572917728, ""reg_alpha"": 3.599416144603185e-06, ""reg_lambda"": 4.165845729394475}",no_improvement,WARN,,3.639081536833776,2.433532532884201,0.9476507419203264,0.9191541327195677,3.0708582693294235,2.1678614927818773,0.9636244708652846,0.9334719262605844,0.2824427480916031,0,0,188,66,188,82
55,XGBRegressor,XGBoost,"{""n_estimators"": 400, ""learning_rate"": 0.2987084995488397, ""max_depth"": 6, ""min_child_weight"": 8.619813452940631, ""subsample"": 0.9970909736198513, ""colsample_bytree"": 0.656581973262031, ""reg_alpha"": 2.4376462069198237e-05, ""reg_lambda"": 4.603806677258165}",no_improvement,WARN,,3.8701230732389,2.413384217639344,0.9407746160281729,0.9139421737896936,2.733289318265003,1.689930663465767,0.9711821894269405,0.9432065207688969,0.2824427480916031,0,0,188,63,188,79
56,XGBRegressor,XGBoost,"{""n_estimators"": 500, ""learning_rate"": 0.15977239835613202, ""max_depth"": 3, ""min_child_weight"": 5.793667026333227, ""subsample"": 0.956584790047045, ""colsample_bytree"": 0.6012028907853066, ""reg_alpha"": 4.526951409995197e-06, ""reg_lambda"": 9.89786029707377}",no_improvement,WARN,,3.733919092784133,2.5359551235421245,0.9448177662828368,0.916386277994845,3.091815916465286,2.2173689681483215,0.9631262734092648,0.9327468148886812,0.2824427480916031,0,0,188,65,188,82
57,XGBRegressor,XGBoost,"{""n_estimators"": 400, ""learning_rate"": 0.23076111626595058, ""max_depth"": 6, ""min_child_weight"": 9.43760664102713, ""subsample"": 0.8626516626933223, ""colsample_bytree"": 0.6865093111436726, ""reg_alpha"": 6.885378369650362e-05, ""reg_lambda"": 2.378127817912855}",no_improvement,WARN,,3.767009716716676,2.368906004901982,0.9438435918424736,0.9165703721013727,2.6556890233126382,1.6735211912332502,0.972795283086573,0.9448790768616921,0.2824427480916031,0,0,188,63,188,80
58,RandomForestRegressor,RandomForest,"{""n_estimators"": 400, ""max_depth"": 8, ""min_samples_split"": 7, ""min_samples_leaf"": 1, ""max_features"": ""sqrt""}",no_improvement,WARN,,4.666051045018096,3.431222614301293,0.9139418699234311,0.8889017918855767,4.330963849418595,3.251229221662099,0.927646608780463,0.8987623653598497,0.2824427480916031,0,0,188,67,188,83
59,CatBoostRegressor,CatBoost,"{""iterations"": 500, ""learning_rate"": 0.05691487753706978, ""depth"": 7, ""l2_leaf_reg"": 5.687078950632155, ""bagging_temperature"": 2.757615688389662, ""random_strength"": 1.1157694805828466}",no_improvement,WARN,,3.807005201946576,2.612876793126696,0.9426813357438755,0.914278634176472,3.108471746915535,2.2956694031665164,0.9627279205815018,0.9319497561059356,0.2824427480916031,0,0,188,64,188,80
60,XGBRegressor,XGBoost,"{""n_estimators"": 300, ""learning_rate"": 0.05, ""max_depth"": 5, ""min_child_weight"": 7.890046152932067, ""subsample"": 0.8, ""colsample_bytree"": 0.8, ""reg_alpha"": 0.01, ""reg_lambda"": 5.301752508755833}",no_improvement,WARN,,3.8896655082994704,2.6344078163814015,0.9400573255847895,0.912202409731001,3.344382786997832,2.387462517855639,0.9568558682908569,0.9263378803305069,0.2824427480916031,0,0,188,66,188,82
61,HistGradientBoostingRegressor,HistGradientBoosting,"{""learning_rate"": 0.06565070679431573, ""max_depth"": 5, ""max_leaf_nodes"": 41, ""min_samples_leaf"": 5, ""l2_regularization"": 0.00015352838706375434}",no_improvement,WARN,,4.113939438542336,2.8821534260723,0.9329944664683543,0.9055166488543727,3.559604595085934,2.561458836743347,0.9511242661183433,0.9205959543672131,0.2824427480916031,0,0,188,66,188,83
62,XGBRegressor,XGBoost,"{""n_estimators"": 500, ""learning_rate"": 0.1662122911639176, ""max_depth"": 4, ""min_child_weight"": 6.974813166923625, ""subsample"": 0.9012083136646558, ""colsample_bytree"": 0.6442075682569653, ""reg_alpha"": 1.337958638358815e-05, ""reg_lambda"": 6.243659090089975}",no_improvement,WARN,,3.699563151006397,2.373491524702101,0.9457444027273454,0.9180672420431789,2.630552251324601,1.8197320393905265,0.9733078449160355,0.9445618861816781,0.2824427480916031,0,0,188,64,188,80
63,XGBRegressor,XGBoost,"{""n_estimators"": 500, ""learning_rate"": 0.09960823211435647, ""max_depth"": 4, ""min_child_weight"": 5.479145059666945, ""subsample"": 0.9139305807578953, ""colsample_bytree"": 0.6250186735262878, ""reg_alpha"": 2.962466110038443e-06, ""reg_lambda"": 9.442851686518772}",no_improvement,WARN,,3.6221430453866454,2.4167914112753777,0.9480975295157522,0.9196219592584362,2.9673929054846395,2.056335135529913,0.9660343537533956,0.9362861295756195,0.2824427480916031,0,0,188,66,188,82
64,XGBRegressor,XGBoost,"{""n_estimators"": 450, ""learning_rate"": 0.14646430498042787, ""max_depth"": 3, ""min_child_weight"": 7.07023727408915, ""subsample"": 0.9294110332311606, ""colsample_bytree"": 0.649661256494569, ""reg_alpha"": 1.892551621040473e-05, ""reg_lambda"": 5.625746902474981}",no_improvement,WARN,,3.7881212900945087,2.555303274903467,0.9432330193628184,0.9150360704305897,3.1916654336703427,2.3097920292305725,0.9607061580175933,0.9300885239082708,0.2824427480916031,0,0,188,65,188,81
65,XGBRegressor,XGBoost,"{""n_estimators"": 500, ""learning_rate"": 0.19983952184236908, ""max_depth"": 4, ""min_child_weight"": 8.487165768520542, ""subsample"": 0.76215657047605, ""colsample_bytree"": 0.6338042200806409, ""reg_alpha"": 2.201923264180115e-06, ""reg_lambda"": 2.9453753392048507}",no_improvement,WARN,,3.556716723910352,2.3253413541829095,0.949879856568475,0.9215972670852968,2.825532167795077,1.9258844310678143,0.9692042854118151,0.9399775011426534,0.2824427480916031,0,0,188,68,188,83
66,LGBMRegressor,LightGBM,"{""n_estimators"": 500, ""learning_rate"": 0.04830035411796552, ""num_leaves"": 47, ""min_child_samples"": 15, ""subsample"": 0.793226794631902, ""colsample_bytree"": 0.8022289538852515, ""reg_lambda"": 0.04537862012342111}",no_improvement,WARN,,3.7775796561338857,2.287020280302675,0.9435330909864714,0.9167905257950962,2.8607749722011357,1.8044325076980812,0.9684312657371398,0.9399339639338857,0.2824427480916031,0,0,188,65,188,81
67,XGBRegressor,XGBoost,"{""n_estimators"": 500, ""learning_rate"": 0.027134221965955774, ""max_depth"": 8, ""min_child_weight"": 8.368949797601791, ""subsample"": 0.7675314125250502, ""colsample_bytree"": 0.6168243501964367, ""reg_alpha"": 0.0008553421899881109, ""reg_lambda"": 1.2638056495618388}",no_improvement,WARN,,3.743363551912617,2.4240029439398025,0.9444458238211089,0.9167737424445157,3.0449516480000574,2.0782307522204286,0.9642356303134176,0.9345274796129331,0.2824427480916031,0,0,188,67,188,83
68,XGBRegressor,XGBoost,"{""n_estimators"": 450, ""learning_rate"": 0.21204992463196057, ""max_depth"": 5, ""min_child_weight"": 8.967762442123153, ""subsample"": 0.6975193272439362, ""colsample_bytree"": 0.6715963153931688, ""reg_alpha"": 0.002388176044601242, ""reg_lambda"": 0.036527741179426004}",no_improvement,WARN,,3.6301339183557557,2.331915703111929,0.9478010149007117,0.9198996230369171,2.8554190495794787,1.847204475793487,0.9685493606063351,0.9398034096705981,0.2824427480916031,0,0,188,64,188,80
69,XGBRegressor,XGBoost,"{""n_estimators"": 250, ""learning_rate"": 0.2578989623542758, ""max_depth"": 7, ""min_child_weight"": 7.623684395837696, ""subsample"": 0.7519026230278446, ""colsample_bytree"": 0.7668272464841774, ""reg_alpha"": 2.487449410839862e-06, ""reg_lambda"": 3.042083095964916}",no_improvement,WARN,,3.7208836996836063,2.3477540927790708,0.9450536333689283,0.9177042998254485,2.906797967524439,1.8791157892390287,0.9674073652488676,0.9385549294932141,0.2824427480916031,0,0,188,63,188,79
70,XGBRegressor,XGBoost,"{""n_estimators"": 300, ""learning_rate"": 0.05, ""max_depth"": 5, ""min_child_weight"": 9.562855454805426, ""subsample"": 0.8, ""colsample_bytree"": 0.8, ""reg_alpha"": 0.01, ""reg_lambda"": 5.699765329566051}",no_improvement,WARN,,3.8874685850518444,2.6334777917962264,0.940178494272421,0.9122750407271958,3.333006305915414,2.391481376443586,0.957148893109904,0.9265637520032106,0.2824427480916031,0,0,188,65,188,81
71,ExtraTreesRegressor,ExtraTrees,"{""n_estimators"": 800, ""max_depth"": 6, ""min_samples_split"": 8, ""min_samples_leaf"": 2, ""max_features"": 1.0}",no_improvement,WARN,,5.474907276072473,4.1300259740883725,0.8814976744628786,0.8637976529914996,5.3347254444245715,4.059691009832241,0.8902223524024917,0.8687921379424716,0.2824427480916031,0,0,188,68,188,84
72,XGBRegressor,XGBoost,"{""n_estimators"": 500, ""learning_rate"": 0.19545673391978116, ""max_depth"": 4, ""min_child_weight"": 8.405882895088702, ""subsample"": 0.8397441755178213, ""colsample_bytree"": 0.6210367103001058, ""reg_alpha"": 0.034881365901525, ""reg_lambda"": 6.41212515355195}",no_improvement,WARN,,3.5979002414214944,2.3661327861437345,0.9486231088483938,0.9204081835878243,2.6768009428766217,1.8243534051871635,0.9723610253708765,0.9435985752349896,0.2824427480916031,0,0,188,61,188,78
73,XGBRegressor,XGBoost,"{""n_estimators"": 500, ""learning_rate"": 0.20496453373403253, ""max_depth"": 3, ""min_child_weight"": 8.609133128802172, ""subsample"": 0.8310085914763429, ""colsample_bytree"": 0.6215455150812366, ""reg_alpha"": 0.11282286237671692, ""reg_lambda"": 5.683143303937271}",no_improvement,WARN,,3.746730406257808,2.4899862886421995,0.9444815535648308,0.9163641657261,2.9785856294835695,2.1397173814152026,0.9657776401364313,0.935580008971928,0.2824427480916031,0,0,188,66,188,82
74,XGBRegressor,XGBoost,"{""n_estimators"": 500, ""learning_rate"": 0.14740522624381647, ""max_depth"": 4, ""min_child_weight"": 8.358352767817081, ""subsample"": 0.7759665212630067, ""colsample_bytree"": 0.6195365997675913, ""reg_alpha"": 0.04365673636275995, ""reg_lambda"": 2.742891388905599}",no_improvement,WARN,,3.652653584678133,2.3536542976655843,0.9470934418798811,0.9192465081373856,2.8001999954424486,1.936608237637359,0.969754005060294,0.9404395970385364,0.2824427480916031,0,0,188,65,188,82
75,XGBRegressor,XGBoost,"{""n_estimators"": 450, ""learning_rate"": 0.24698080953819382, ""max_depth"": 6, ""min_child_weight"": 7.914124316820263, ""subsample"": 0.9797827811647422, ""colsample_bytree"": 0.6515766003836018, ""reg_alpha"": 2.0126805816283307e-06, ""reg_lambda"": 7.144467010909854}",no_improvement,WARN,,3.718063200447017,2.333193013426373,0.9453396527472282,0.9179121958050116,2.7928870495519775,1.729503973191293,0.9699117784340366,0.941760160314502,0.2824427480916031,0,0,188,62,188,78
76,XGBRegressor,XGBoost,"{""n_estimators"": 500, ""learning_rate"": 0.1527086463533141, ""max_depth"": 4, ""min_child_weight"": 4.0569001117966685, ""subsample"": 0.9589876281660312, ""colsample_bytree"": 0.6031989668762783, ""reg_alpha"": 0.025259124646601242, ""reg_lambda"": 3.713878382411937}",new_best,WARN,,3.554397209571839,2.324686425953085,0.9499890456671285,0.9216664814812582,2.8460193553069573,1.851816070889424,0.9687560831970838,0.9399721245895084,0.2824427480916031,0,0,188,64,188,80
77,RandomForestRegressor,RandomForest,"{""n_estimators"": 400, ""max_depth"": null, ""min_samples_split"": 6, ""min_samples_leaf"": 3, ""max_features"": ""log2""}",no_improvement,WARN,,4.583102152625218,3.2953596397808225,0.9169743455577322,0.891750504052905,4.17001334285636,3.024785275873251,0.9329243850115424,0.9038979655328842,0.2824427480916031,0,0,188,66,188,82
78,HistGradientBoostingRegressor,HistGradientBoosting,"{""learning_rate"": 0.061956101876222025, ""max_depth"": 3, ""max_leaf_nodes"": 49, ""min_samples_leaf"": 19, ""l2_regularization"": 0.04683804569368491}",no_improvement,WARN,,4.886287593695977,3.687807101022918,0.9055455555612145,0.8818230816635672,4.749979913143724,3.608447246085311,0.9129691309553464,0.8864235046944628,0.2824427480916031,0,0,188,65,188,83
79,CatBoostRegressor,CatBoost,"{""iterations"": 500, ""learning_rate"": 0.011777826735327427, ""depth"": 8, ""l2_leaf_reg"": 5.664837755436528, ""bagging_temperature"": 2.8387932491873897, ""random_strength"": 1.0980211980761145}",no_improvement,WARN,,4.776705285881732,3.5669788722187876,0.9098315490252779,0.8853390533869883,4.455970227214871,3.370433580898117,0.9234096004940229,0.8950524323631671,0.2824427480916031,0,0,188,67,188,83
80,XGBRegressor,XGBoost,"{""n_estimators"": 300, ""learning_rate"": 0.05, ""max_depth"": 5, ""min_child_weight"": 3.961376632217433, ""subsample"": 0.8, ""colsample_bytree"": 0.8, ""reg_alpha"": 0.01, ""reg_lambda"": 1.251138210390179}",no_improvement,WARN,,3.7600007174582393,2.4938685097685136,0.9440045597940401,0.9160117233083904,3.163012574296161,2.2082289981885483,0.96140850430657,0.9312776244197656,0.2824427480916031,0,0,188,67,188,83
81,XGBRegressor,XGBoost,"{""n_estimators"": 500, ""learning_rate"": 0.11518402982627546, ""max_depth"": 3, ""min_child_weight"": 3.178312982479944, ""subsample"": 0.9614452945493357, ""colsample_bytree"": 0.6022454021956126, ""reg_alpha"": 5.066874300771918e-06, ""reg_lambda"": 4.1222307153275635}",no_improvement,WARN,,3.781932647869765,2.5570445671498367,0.943293601173514,0.9151318088658529,3.0827077542594417,2.283447431418725,0.9633432055940689,0.9325672430609643,0.2824427480916031,0,0,188,63,188,81
82,XGBRegressor,XGBoost,"{""n_estimators"": 500, ""learning_rate"": 0.1442967269534707, ""max_depth"": 4, ""min_child_weight"": 4.684187293453525, ""subsample"": 0.9445125943556211, ""colsample_bytree"": 0.6146445842988474, ""reg_alpha"": 0.0356012371636572, ""reg_lambda"": 6.341585312129504}",no_improvement,WARN,,3.638898894217621,2.3535028399343476,0.9475848065695158,0.9195890271462834,2.808523644343157,1.9103784652444595,0.9695739241951475,0.9404161945654551,0.2824427480916031,0,0,188,64,188,80
83,XGBRegressor,XGBoost,"{""n_estimators"": 500, ""learning_rate"": 0.18690615054152554, ""max_depth"": 4, ""min_child_weight"": 2.290745736784638, ""subsample"": 0.7738331064194148, ""colsample_bytree"": 0.6346886417442466, ""reg_alpha"": 0.002693566794789913, ""reg_lambda"": 9.925387967157496}",no_improvement,WARN,,3.5930531758115523,2.3240245693645853,0.9489307483743314,0.9208068027863296,2.760916519925216,1.803632534875721,0.9705966830926299,0.9419983838427313,0.2824427480916031,0,0,188,66,188,82
84,XGBRegressor,XGBoost,"{""n_estimators"": 450, ""learning_rate"": 0.16078211357377234, ""max_depth"": 4, ""min_child_weight"": 2.0952630943197286, ""subsample"": 0.9715267751726694, ""colsample_bytree"": 0.6617097157708013, ""reg_alpha"": 1.4911163307801018e-06, ""reg_lambda"": 3.8221506474835527}",no_improvement,WARN,,3.6572226644925743,2.3528112454709076,0.9470316203053114,0.9191681961953193,2.680138095613194,1.8229701525439708,0.9722920677034839,0.9435385723040599,0.2824427480916031,0,0,188,64,188,80
85,XGBRegressor,XGBoost,"{""n_estimators"": 500, ""learning_rate"": 0.13016831123394043, ""max_depth"": 10, ""min_child_weight"": 2.6667418167857644, ""subsample"": 0.7226291557029394, ""colsample_bytree"": 0.6402721791383503, ""reg_alpha"": 0.0025481115645465263, ""reg_lambda"": 9.974179634321333}",no_improvement,WARN,,3.6592650731470506,2.2687917883181337,0.9471099245607576,0.9196374772404322,2.7860306064825417,1.7492330783550325,0.970059328225384,0.9417898053992231,0.2824427480916031,0,0,188,65,188,82
86,XGBRegressor,XGBoost,"{""n_estimators"": 150, ""learning_rate"": 0.24092570809283007, ""max_depth"": 6, ""min_child_weight"": 5.141749241161424, ""subsample"": 0.7832942533490859, ""colsample_bytree"": 0.6825074263634358, ""reg_alpha"": 0.00013693674831337878, ""reg_lambda"": 0.005560901791515914}",no_improvement,WARN,,3.756561105421961,2.4430990462002664,0.9440338707784989,0.9163558950709045,2.9750170383210173,1.998076437381128,0.9658595934309662,0.9364551369089323,0.2824427480916031,0,0,188,63,188,79
87,LGBMRegressor,LightGBM,"{""n_estimators"": 200, ""learning_rate"": 0.10616824685238811, ""num_leaves"": 60, ""min_child_samples"": 12, ""subsample"": 0.8476989705288163, ""colsample_bytree"": 0.7993786905702127, ""reg_lambda"": 0.30115561905214266}",no_improvement,WARN,,3.8726766153964847,2.369827366855711,0.9407413456268816,0.9141421865809886,3.0438852606265074,1.923657898403965,0.9642606763557195,0.9354232510170974,0.2824427480916031,0,0,188,65,188,82
88,XGBRegressor,XGBoost,"{""n_estimators"": 450, ""learning_rate"": 0.1838448854535661, ""max_depth"": 7, ""min_child_weight"": 1.4570337121074781, ""subsample"": 0.7575419497119965, ""colsample_bytree"": 0.6111531939767705, ""reg_alpha"": 4.860759261794467e-06, ""reg_lambda"": 0.36097340767691205}",no_improvement,WARN,,3.925945140303007,2.466030864396965,0.9390106278195157,0.9123272103497788,2.865803519164582,1.7961415658082238,0.9683201878776082,0.9398764600307425,0.2824427480916031,0,0,188,65,188,81
89,XGBRegressor,XGBoost,"{""n_estimators"": 500, ""learning_rate"": 0.10608088944560289, ""max_depth"": 9, ""min_child_weight"": 3.9877502105373583, ""subsample"": 0.8207690482515076, ""colsample_bytree"": 0.6315360090982333, ""reg_alpha"": 1.5475906787732243e-06, ""reg_lambda"": 2.524755387636502}",no_improvement,WARN,,3.7511096165786446,2.287489260646583,0.9443201959794075,0.9173978376272475,2.8759194111490607,1.747419276389134,0.9680961423964113,0.9399416192223552,0.2824427480916031,0,0,188,65,188,81
90,XGBRegressor,XGBoost,"{""n_estimators"": 300, ""learning_rate"": 0.05, ""max_depth"": 5, ""min_child_weight"": 7.437240063590852, ""subsample"": 0.8, ""colsample_bytree"": 0.8, ""reg_alpha"": 0.01, ""reg_lambda"": 0.05964433002852816}",no_improvement,WARN,,3.772242725236107,2.538036686486198,0.9436007580126121,0.9154681816253182,3.2002210705068213,2.225133724272544,0.960495212077807,0.930382654140452,0.2824427480916031,0,0,188,67,188,83
91,ExtraTreesRegressor,ExtraTrees,"{""n_estimators"": 400, ""max_depth"": 18, ""min_samples_split"": 8, ""min_samples_leaf"": 3, ""max_features"": 0.5}",no_improvement,WARN,,4.558279426829479,3.2224924278211526,0.9177691242768636,0.8927511367811176,4.177659008568257,2.976178789012799,0.9326781949741967,0.9039907135562869,0.2824427480916031,0,0,188,66,188,82
92,XGBRegressor,XGBoost,"{""n_estimators"": 500, ""learning_rate"": 0.19712653291087118, ""max_depth"": 4, ""min_child_weight"": 8.833930731449636, ""subsample"": 0.6182902704037418, ""colsample_bytree"": 0.6198242365110072, ""reg_alpha"": 0.03217346545599611, ""reg_lambda"": 7.018183979042183}",no_improvement,WARN,,3.6980885955154377,2.4075535922584583,0.9458378466509627,0.9179236800192199,2.9531947115010397,2.0377841130598178,0.9663586095077623,0.9366887203447942,0.2824427480916031,0,0,188,65,188,80
93,XGBRegressor,XGBoost,"{""n_estimators"": 500, ""learning_rate"": 0.1597986137158425, ""max_depth"": 4, ""min_child_weight"": 9.33471209185701, ""subsample"": 0.7373037756610578, ""colsample_bytree"": 0.9450452060263664, ""reg_alpha"": 0.4150945357397648, ""reg_lambda"": 7.2303632274471745}",no_improvement,WARN,,3.6057575892562865,2.382306381548801,0.9484184043497507,0.9201444386758044,2.8474129775402197,1.8895782474900689,0.9687254770258507,0.9397299387106814,0.2824427480916031,0,0,188,63,188,79
94,XGBRegressor,XGBoost,"{""n_estimators"": 500, ""learning_rate"": 0.07093244761213331, ""max_depth"": 3, ""min_child_weight"": 8.08462979537509, ""subsample"": 0.8961884663198723, ""colsample_bytree"": 0.8619853419376332, ""reg_alpha"": 0.024397509972422574, ""reg_lambda"": 4.478415801956604}",no_improvement,WARN,,3.8779308552571563,2.709944041661894,0.9403932394215715,0.9120421978333678,3.5685810038975214,2.6079596244410976,0.9508774512056452,0.9201324508209985,0.2824427480916031,0,0,188,64,188,80
95,XGBRegressor,XGBoost,"{""n_estimators"": 500, ""learning_rate"": 0.21394055523435368, ""max_depth"": 4, ""min_child_weight"": 8.766538867062028, ""subsample"": 0.9278792238793235, ""colsample_bytree"": 0.6449310782824265, ""reg_alpha"": 0.0888756618815252, ""reg_lambda"": 7.537079848805302}",no_improvement,WARN,,3.632282782628949,2.338468464094442,0.947734912060105,0.919812427127903,2.5969073870128785,1.762995437255274,0.9739862658547369,0.9455610809955126,0.2824427480916031,0,0,188,64,188,80
96,XGBRegressor,XGBoost,"{""n_estimators"": 450, ""learning_rate"": 0.1929433292802104, ""max_depth"": 4, ""min_child_weight"": 9.723531271606761, ""subsample"": 0.9748078732390956, ""colsample_bytree"": 0.602202260681336, ""reg_alpha"": 0.23984804395048634, ""reg_lambda"": 1.7664517911356408}",no_improvement,WARN,,3.603964469157744,2.3575744911976315,0.9483551392066569,0.9202904957970692,2.7307475630843,1.8071993740980425,0.9712357613348445,0.9425960264098133,0.2824427480916031,0,0,188,64,188,79
97,XGBRegressor,XGBoost,"{""n_estimators"": 500, ""learning_rate"": 0.26579242973834655, ""max_depth"": 5, ""min_child_weight"": 8.373276462821048, ""subsample"": 0.8746689305416274, ""colsample_bytree"": 0.630083638877025, ""reg_alpha"": 4.966054036290959, ""reg_lambda"": 0.001254279362194175}",no_improvement,WARN,,3.70885595847583,2.3983235630627395,0.9455804926233837,0.9177465504205469,2.603287775297855,1.6696984165742201,0.973858281605285,0.9459596211738422,0.2824427480916031,0,0,188,66,188,81
98,RandomForestRegressor,RandomForest,"{""n_estimators"": 100, ""max_depth"": 14, ""min_samples_split"": 2, ""min_samples_leaf"": 3, ""max_features"": ""sqrt""}",no_improvement,WARN,,4.610999636487162,3.3022502673129117,0.9159070550251188,0.8909974019755474,4.19254955693997,3.0689873644192156,0.9321974256543775,0.9031119025428954,0.2824427480916031,0,0,188,66,188,82
99,HistGradientBoostingRegressor,HistGradientBoosting,"{""learning_rate"": 0.028956277037035932, ""max_depth"": 7, ""max_leaf_nodes"": 28, ""min_samples_leaf"": 11, ""l2_regularization"": 0.0009763442182667994}",no_improvement,WARN,,4.720162794827429,3.484449185917806,0.9118236393351673,0.887201434055645,4.323976649797355,3.2530504288799436,0.9278798777718831,0.8989207363252196,0.2824427480916031,0,0,188,68,188,84
100,XGBRegressor,XGBoost,"{""n_estimators"": 300, ""learning_rate"": 0.05, ""max_depth"": 5, ""min_child_weight"": 9.127113220247251, ""subsample"": 0.8, ""colsample_bytree"": 0.8, ""reg_alpha"": 0.01, ""reg_lambda"": 0.012712604185379202}",no_improvement,WARN,,3.810067748273595,2.5640847689793214,0.9424737165523881,0.9144487278038929,3.321096398651888,2.3373281948394844,0.9574545876300871,0.9271295776125418,0.2824427480916031,0,0,188,67,188,83
101,XGBRegressor,XGBoost,"{""n_estimators"": 450, ""learning_rate"": 0.1763981000682739, ""max_depth"": 7, ""min_child_weight"": 7.595068875991329, ""subsample"": 0.9464534839858972, ""colsample_bytree"": 0.6695442434511737, ""reg_alpha"": 0.004160098620328626, ""reg_lambda"": 3.094747739447001}",no_improvement,WARN,,3.803495118929947,2.3340269676665475,0.9427891313170427,0.9159357949846177,2.632715075901096,1.646610587773169,0.9732639346064769,0.9454961481951112,0.2824427480916031,0,0,188,64,188,81
102,XGBRegressor,XGBoost,"{""n_estimators"": 500, ""learning_rate"": 0.16941340080457737, ""max_depth"": 4, ""min_child_weight"": 8.518463347349723, ""subsample"": 0.9141688815117214, ""colsample_bytree"": 0.6364335884320694, ""reg_alpha"": 7.658193271053504e-06, ""reg_lambda"": 9.939718699991422}",no_improvement,WARN,,3.6209547847875,2.373640413205144,0.9480221462225223,0.9198598900108502,2.800832576429683,1.8717345898441622,0.9697403380347237,0.9407930407751526,0.2824427480916031,0,0,188,63,188,79
103,XGBRegressor,XGBoost,"{""n_estimators"": 500, ""learning_rate"": 0.13786681920181715, ""max_depth"": 4, ""min_child_weight"": 6.703987900331215, ""subsample"": 0.9192514908562996, ""colsample_bytree"": 0.6556339811427453, ""reg_alpha"": 1.3721915835083797e-05, ""reg_lambda"": 7.495855658927174}",no_improvement,WARN,,3.618598116435437,2.3496070215075466,0.9481130364034973,0.9200562066906081,2.7650112285923485,1.9273366966417105,0.9705094024401956,0.9412155541237835,0.2824427480916031,0,0,188,64,188,80
104,XGBRegressor,XGBoost,"{""n_estimators"": 500, ""learning_rate"": 0.21990632848500646, ""max_depth"": 4, ""min_child_weight"": 5.4994014184093025, ""subsample"": 0.9966027214458977, ""colsample_bytree"": 0.612655152415928, ""reg_alpha"": 0.019351826119780688, ""reg_lambda"": 5.160572073185956}",no_improvement,WARN,,3.6275148100654335,2.2852059837961427,0.9478020576952331,0.9202007926812154,2.6129167353478793,1.7337560656322404,0.9736645396094835,0.9454036432483861,0.2824427480916031,0,0,188,64,188,80
105,CatBoostRegressor,CatBoost,"{""iterations"": 400, ""learning_rate"": 0.050246170874221466, ""depth"": 4, ""l2_leaf_reg"": 4.0524204950015905, ""bagging_temperature"": 0.09199492607163151, ""random_strength"": 0.07832504130432638}",no_improvement,WARN,,4.276035440295904,3.1234285998446336,0.9276250580569858,0.9002535984219663,3.8420380976338437,2.9171258948924335,0.9430605709454145,0.912178910904907,0.2824427480916031,0,0,188,66,188,81
106,XGBRegressor,XGBoost,"{""n_estimators"": 500, ""learning_rate"": 0.19015591051465458, ""max_depth"": 6, ""min_child_weight"": 6.089336072162431, ""subsample"": 0.9359619955881524, ""colsample_bytree"": 0.6302512023711857, ""reg_alpha"": 3.7394978706879356e-05, ""reg_lambda"": 7.824418990842054}",no_improvement,WARN,,3.6880223953726223,2.2968095860896014,0.9460458199454225,0.9187538381940337,2.687152217600489,1.6568317332997071,0.972146850464458,0.9443344807590508,0.2824427480916031,0,0,188,65,188,81
107,XGBRegressor,XGBoost,"{""n_estimators"": 450, ""learning_rate"": 0.15258466954077324, ""max_depth"": 3, ""min_child_weight"": 8.127816471934658, ""subsample"": 0.7809291065541109, ""colsample_bytree"": 0.647002569061263, ""reg_alpha"": 0.06790454521199624, ""reg_lambda"": 4.77817743839971}",no_improvement,WARN,,3.78783556802561,2.532030667773658,0.9432893324758668,0.9151884687942842,3.226239742877702,2.3245230745214354,0.9598502313021701,0.9292602445742981,0.2824427480916031,0,0,188,64,188,81
108,LGBMRegressor,LightGBM,"{""n_estimators"": 350, ""learning_rate"": 0.024706548226898748, ""num_leaves"": 34, ""min_child_samples"": 30, ""subsample"": 0.7202203701452665, ""colsample_bytree"": 0.7130470561617426, ""reg_lambda"": 0.012530042153410938}",no_improvement,WARN,,4.0093456927044056,2.7577957634608974,0.9362353577144498,0.9086685758368818,3.613337120347604,2.498117704199419,0.9496375627427053,0.9197489128332759,0.2824427480916031,0,0,188,67,188,83
109,XGBRegressor,XGBoost,"{""n_estimators"": 500, ""learning_rate"": 0.12213869833271626, ""max_depth"": 4, ""min_child_weight"": 6.793667800248165, ""subsample"": 0.8884794088330497, ""colsample_bytree"": 0.696708862524716, ""reg_alpha"": 5.22741976205003e-06, ""reg_lambda"": 9.69707473915719}",no_improvement,WARN,,3.6747140014124566,2.3776649840397956,0.9464108227519826,0.9185945300006606,3.059584038481796,2.0861658224402064,0.9638910759983574,0.9341726377883093,0.2824427480916031,0,0,188,63,188,79
110,XGBRegressor,XGBoost,"{""n_estimators"": 300, ""learning_rate"": 0.05, ""max_depth"": 5, ""min_child_weight"": 5.803865232879033, ""subsample"": 0.8, ""colsample_bytree"": 0.8, ""reg_alpha"": 0.01, ""reg_lambda"": 3.5495764300405366}",no_improvement,WARN,,3.829016917418172,2.5709415922936767,0.9419218207704247,0.9139768098927139,3.21323809142954,2.2602887147619697,0.9601731840215704,0.9299036156375993,0.2824427480916031,0,0,188,64,188,80
111,XGBRegressor,XGBoost,"{""n_estimators"": 500, ""learning_rate"": 0.17284789207092116, ""max_depth"": 6, ""min_child_weight"": 1.2038884227363564, ""subsample"": 0.9622640877486393, ""colsample_bytree"": 0.6100818352919001, ""reg_alpha"": 1.0210448032692608e-06, ""reg_lambda"": 5.765610734170475}",no_improvement,WARN,,3.8238217188645236,2.3419414803820997,0.9419950365273989,0.9153657892740995,2.7184227299480432,1.6342403989784133,0.9714948218367078,0.9438248673337779,0.2824427480916031,0,0,188,64,188,81
112,XGBRegressor,XGBoost,"{""n_estimators"": 400, ""learning_rate"": 0.1980194130119491, ""max_depth"": 4, ""min_child_weight"": 9.731540020882864, ""subsample"": 0.9808404733188996, ""colsample_bytree"": 0.6021723186594474, ""reg_alpha"": 2.6308413642097554e-06, ""reg_lambda"": 1.8889006050780879}",no_improvement,WARN,,3.6902504994051917,2.3786372481157065,0.9460288408586439,0.9182550249992327,2.808481940361274,1.9113168242288952,0.9695748277866809,0.9404117537353558,0.2824427480916031,0,0,188,63,188,79
113,XGBRegressor,XGBoost,"{""n_estimators"": 450, ""learning_rate"": 0.1874532656853041, ""max_depth"": 4, ""min_child_weight"": 9.806781983017702, ""subsample"": 0.9059301593701056, ""colsample_bytree"": 0.6008501799289692, ""reg_alpha"": 0.3744367991735984, ""reg_lambda"": 7.910471712915154}",no_improvement,WARN,,3.6385233757147217,2.3858889938145245,0.9476657067546489,0.9194356479817352,2.8761050737672367,1.9049541393974592,0.9680920229868697,0.9390478313785892,0.2824427480916031,0,0,188,63,188,79
114,XGBRegressor,XGBoost,"{""n_estimators"": 500, ""learning_rate"": 0.23334885677857126, ""max_depth"": 4, ""min_child_weight"": 9.146326839473181, ""subsample"": 0.9699363203496655, ""colsample_bytree"": 0.6322510880895935, ""reg_alpha"": 1.166101308320034, ""reg_lambda"": 4.639146950420029}",no_improvement,WARN,,3.614402707116306,2.3420440841835286,0.948223512230844,0.9201913239175384,2.830821589850916,1.8939021184300657,0.969088877772118,0.9400488489191783,0.2824427480916031,0,0,188,63,188,80
115,XGBRegressor,XGBoost,"{""n_estimators"": 400, ""learning_rate"": 0.03177874386704967, ""max_depth"": 4, ""min_child_weight"": 9.578931091967632, ""subsample"": 0.8191928071483431, ""colsample_bytree"": 0.6238394073891089, ""reg_alpha"": 9.383020161235711e-06, ""reg_lambda"": 6.146816894686131}",no_improvement,WARN,,4.096302530640635,2.9119228543833726,0.933623369848226,0.9057862310101329,3.7346492804018196,2.6755809900431626,0.9461991147997624,0.9160016100255677,0.2824427480916031,0,0,188,68,188,84
116,XGBRegressor,XGBoost,"{""n_estimators"": 350, ""learning_rate"": 0.26984675583659334, ""max_depth"": 3, ""min_child_weight"": 7.8038485866286464, ""subsample"": 0.9499837383123357, ""colsample_bytree"": 0.6410712333896151, ""reg_alpha"": 1.867822082479725e-05, ""reg_lambda"": 3.396632285949744}",no_improvement,WARN,,3.76970814498974,2.4859210061237262,0.943769152699909,0.9158489018756594,3.115001208669867,2.2408567432432425,0.9625711733196533,0.9321201601099864,0.2824427480916031,0,0,188,62,188,78
117,XGBRegressor,XGBoost,"{""n_estimators"": 450, ""learning_rate"": 0.1688413112819909, ""max_depth"": 4, ""min_child_weight"": 8.84232529512593, ""subsample"": 0.9248383824094156, ""colsample_bytree"": 0.9987615824118521, ""reg_alpha"": 0.005341441850191803, ""reg_lambda"": 1.5979347075894947}",no_improvement,WARN,,3.6163098438918553,2.3500675910023707,0.94816857335798,0.9201025826668792,2.7295431018123084,1.8003643222112524,0.9712611300443998,0.9426592592047378,0.2824427480916031,0,0,188,62,188,80
118,ExtraTreesRegressor,ExtraTrees,"{""n_estimators"": 600, ""max_depth"": 14, ""min_samples_split"": 5, ""min_samples_leaf"": 5, ""max_features"": ""log2""}",no_improvement,WARN,,5.307448534955152,3.98899170928617,0.8887621808903876,0.8691386986693863,4.904724897629565,3.641774501888967,0.907206174265598,0.882320924596614,0.2824427480916031,0,0,188,66,188,82
119,XGBRegressor,XGBoost,"{""n_estimators"": 450, ""learning_rate"": 0.2071536639025639, ""max_depth"": 4, ""min_child_weight"": 5.129718574174244, ""subsample"": 0.9867239311097797, ""colsample_bytree"": 0.7715945254536911, ""reg_alpha"": 0.2887390939462199, ""reg_lambda"": 0.7606023014782275}",no_improvement,WARN,,3.6613359817131945,2.326679538774684,0.9469928647561623,0.9192460987799752,2.7420396244489758,1.8238245915406228,0.970997380374912,0.9422711197146059,0.2824427480916031,0,0,188,63,188,79
120,XGBRegressor,XGBoost,"{""n_estimators"": 300, ""learning_rate"": 0.05, ""max_depth"": 5, ""min_child_weight"": 8.54189355962947, ""subsample"": 0.8, ""colsample_bytree"": 0.8, ""reg_alpha"": 0.01, ""reg_lambda"": 0.16112557099966407}",no_improvement,WARN,,3.7472016455370407,2.515442805399057,0.944349222210352,0.9161740047569495,3.230983951044518,2.27816815106887,0.9597320634498132,0.9294196564982823,0.2824427480916031,0,0,188,68,188,84
121,HistGradientBoostingRegressor,HistGradientBoosting,"{""learning_rate"": 0.10135188279443451, ""max_depth"": 5, ""max_leaf_nodes"": 51, ""min_samples_leaf"": 26, ""l2_regularization"": 0.0750465657517864}",no_improvement,WARN,,4.11547311168559,2.9473022655810306,0.9328494342871704,0.9050834473133496,3.8336745458766646,2.7621575849895073,0.9433081986491982,0.9132467467784271,0.2824427480916031,0,0,188,65,188,83
122,XGBRegressor,XGBoost,"{""n_estimators"": 500, ""learning_rate"": 0.22532641452950536, ""max_depth"": 4, ""min_child_weight"": 7.291901592562166, ""subsample"": 0.9731236477700045, ""colsample_bytree"": 0.6126208021045308, ""reg_alpha"": 0.023552170585515172, ""reg_lambda"": 4.781115663524492}",no_improvement,WARN,,3.65656237510336,2.347699524191863,0.9469668722928883,0.9191869735079498,2.8468910819626054,1.90327821462988,0.9687369404416231,0.9396633558706765,0.2824427480916031,0,0,188,65,188,81
123,XGBRegressor,XGBoost,"{""n_estimators"": 500, ""learning_rate"": 0.15301979944849586, ""max_depth"": 4, ""min_child_weight"": 5.9685929145796734, ""subsample"": 0.9987983545769078, ""colsample_bytree"": 0.6145538772451276, ""reg_alpha"": 0.018656805548975447, ""reg_lambda"": 8.154872080112982}",no_improvement,WARN,,3.6769808865354605,2.404413341397916,0.9464103716469372,0.9184112759210573,2.949774683515311,2.0189703095536022,0.9664364830563702,0.9368666636253541,0.2824427480916031,0,0,188,63,188,80
124,XGBRegressor,XGBoost,"{""n_estimators"": 500, ""learning_rate"": 0.21937692707334258, ""max_depth"": 7, ""min_child_weight"": 3.0726895534489693, ""subsample"": 0.9894021230358536, ""colsample_bytree"": 0.6247701058839421, ""reg_alpha"": 0.05102775738359009, ""reg_lambda"": 6.025402014427445}",no_improvement,WARN,,3.746615296638511,2.329139059933867,0.9443735733720098,0.9172420391670957,2.7401229321609604,1.6941537099268695,0.9710379120057578,0.9430428717425567,0.2824427480916031,0,0,188,62,188,79
125,XGBRegressor,XGBoost,"{""n_estimators"": 500, ""learning_rate"": 0.13684157413461107, ""max_depth"": 4, ""min_child_weight"": 5.490442845958376, ""subsample"": 0.7631638508653171, ""colsample_bytree"": 0.6083776811499079, ""reg_alpha"": 3.5843193067686664e-06, ""reg_lambda"": 2.5203615288733805}",no_improvement,WARN,,3.581844236614483,2.334207403058907,0.949235667509068,0.9209990556998235,2.875003761213367,1.9376035453252287,0.9681164545891626,0.9388862747076193,0.2824427480916031,0,0,188,64,188,80
126,RandomForestRegressor,RandomForest,"{""n_estimators"": 250, ""max_depth"": 14, ""min_samples_split"": 7, ""min_samples_leaf"": 2, ""max_features"": null}",no_improvement,WARN,,4.717361718855688,3.3098305168958184,0.9117324517827721,0.8882000747323701,4.354769134576163,3.0271662325748583,0.9268490372627499,0.8994526517948023,0.2824427480916031,0,0,188,65,188,81
127,XGBRegressor,XGBoost,"{""n_estimators"": 500, ""learning_rate"": 0.13567020806714683, ""max_depth"": 3, ""min_child_weight"": 4.492411673623979, ""subsample"": 0.7579302410737602, ""colsample_bytree"": 0.6001215668864084, ""reg_alpha"": 3.969978340439532e-06, ""reg_lambda"": 2.1713338031934915}",no_improvement,WARN,,3.656275379742432,2.4615025137042412,0.9471007170292225,0.9185882957966331,3.075792235639442,2.2329136384477715,0.9635074874021655,0.9329996640906374,0.2824427480916031,0,0,188,66,188,82
128,CatBoostRegressor,CatBoost,"{""iterations"": 700, ""learning_rate"": 0.09109770692554864, ""depth"": 6, ""l2_leaf_reg"": 7.711308703051003, ""bagging_temperature"": 1.4153233810684482, ""random_strength"": 0.5722787355436447}",no_improvement,WARN,,3.702611904236117,2.437195926192195,0.9456674631902956,0.9176412309764822,2.756803070390404,1.9493918080715515,0.9706842329763412,0.9412593335232312,0.2824427480916031,0,0,188,66,188,82
129,XGBRegressor,XGBoost,"{""n_estimators"": 500, ""learning_rate"": 0.010512064906652338, ""max_depth"": 4, ""min_child_weight"": 8.16846602361132, ""subsample"": 0.7676800864065285, ""colsample_bytree"": 0.6578490154350886, ""reg_alpha"": 1.931615832447864e-06, ""reg_lambda"": 2.653037295902756}",no_improvement,WARN,,4.594301993951437,3.3842732777001387,0.9165561820994365,0.8909646006022859,4.306784773673069,3.207754505925442,0.9284522283937047,0.8995911191443164,0.2824427480916031,0,0,188,65,188,82
130,XGBRegressor,XGBoost,"{""n_estimators"": 300, ""learning_rate"": 0.05, ""max_depth"": 5, ""min_child_weight"": 6.366936169587387, ""subsample"": 0.8, ""colsample_bytree"": 0.8, ""reg_alpha"": 0.01, ""reg_lambda"": 8.251769130117049}",no_improvement,WARN,,3.894226353298625,2.669806534068508,0.9399764875091565,0.911913775809739,3.3684215456958024,2.429422080877895,0.956233416385825,0.9255746177674457,0.2824427480916031,0,0,188,68,188,84
131,XGBRegressor,XGBoost,"{""n_estimators"": 500, ""learning_rate"": 0.18998844526691996, ""max_depth"": 6, ""min_child_weight"": 9.386659696524374, ""subsample"": 0.7420911629880244, ""colsample_bytree"": 0.6413157668639942, ""reg_alpha"": 0.0011300786774239295, ""reg_lambda"": 3.8337986543373934}",no_improvement,WARN,,3.636227238472445,2.2671688811588013,0.9475628480238723,0.9201078797337284,2.855117679001727,1.7603079083567237,0.9685559990695619,0.9403005446566062,0.2824427480916031,0,0,188,64,188,81
132,XGBRegressor,XGBoost,"{""n_estimators"": 500, ""learning_rate"": 0.17435083387265907, ""max_depth"": 4, ""min_child_weight"": 5.614197280317423, ""subsample"": 0.7724018292763836, ""colsample_bytree"": 0.6115642098847223, ""reg_alpha"": 6.8239171177277615e-06, ""reg_lambda"": 5.422652600872729}",no_improvement,WARN,,3.562322373717471,2.296038583750408,0.9497035141118424,0.921630731414676,2.7696551389523507,1.829616234150528,0.9704102587570678,0.9416722587674163,0.2824427480916031,0,0,188,64,188,80
133,XGBRegressor,XGBoost,"{""n_estimators"": 500, ""learning_rate"": 0.1739892390153224, ""max_depth"": 4, ""min_child_weight"": 4.204245907584632, ""subsample"": 0.7772439415948549, ""colsample_bytree"": 0.6090329904667067, ""reg_alpha"": 7.2571120418213334e-06, ""reg_lambda"": 9.832724022316144}",no_improvement,WARN,,3.5846296258362664,2.3057513395700426,0.9491280020453841,0.9210881698206319,2.883847024649845,1.867648228688431,0.9679200108633068,0.9390976348975597,0.2824427480916031,0,0,188,66,188,81
134,XGBRegressor,XGBoost,"{""n_estimators"": 500, ""learning_rate"": 0.15963899563402517, ""max_depth"": 4, ""min_child_weight"": 4.845836390415486, ""subsample"": 0.7856672218721437, ""colsample_bytree"": 0.6187336564570036, ""reg_alpha"": 6.138493147864938e-06, ""reg_lambda"": 6.389792297159884}",no_improvement,WARN,,3.643828876686848,2.3414492655856947,0.947377985886648,0.9195254478787718,2.7292095636565836,1.8359572981653924,0.971268153142165,0.9424650083824933,0.2824427480916031,0,0,188,63,188,79
135,XGBRegressor,XGBoost,"{""n_estimators"": 500, ""learning_rate"": 0.1772441650429726, ""max_depth"": 4, ""min_child_weight"": 4.253915714694839, ""subsample"": 0.7681464723248806, ""colsample_bytree"": 0.6257732907630957, ""reg_alpha"": 1.1596215306299008e-05, ""reg_lambda"": 9.88520408066431}",no_improvement,WARN,,3.6912203211693124,2.37900211480168,0.9460024019341813,0.9182313356074241,2.7579472930818523,1.867388036669132,0.9706598926616873,0.9416991192424012,0.2824427480916031,0,0,188,64,188,81
136,XGBRegressor,XGBoost,"{""n_estimators"": 500, ""learning_rate"": 0.14827993036041492, ""max_depth"": 4, ""min_child_weight"": 3.7288660165099854, ""subsample"": 0.7477108560938095, ""colsample_bytree"": 0.6094030756956513, ""reg_alpha"": 3.4686318296735753e-06, ""reg_lambda"": 7.478007242724661}",no_improvement,WARN,,3.6820818120079366,2.3632430800344295,0.9463790263256648,0.9185624081096785,3.020920414612389,2.0331766748001465,0.9647979186582678,0.9352900680464689,0.2824427480916031,0,0,188,64,188,80
137,LGBMRegressor,LightGBM,"{""n_estimators"": 250, ""learning_rate"": 0.10599724884937915, ""num_leaves"": 17, ""min_child_samples"": 24, ""subsample"": 0.9108741158171495, ""colsample_bytree"": 0.9952478114570749, ""reg_lambda"": 0.8665885873301827}",no_improvement,WARN,,3.746016649500497,2.437589132977738,0.9443930380119789,0.9166436879580945,2.985240200265635,2.0889005956857774,0.9656245543835145,0.9357271714587857,0.2824427480916031,0,0,188,65,188,82
138,XGBRegressor,XGBoost,"{""n_estimators"": 500, ""learning_rate"": 0.12663635649894728, ""max_depth"": 7, ""min_child_weight"": 5.675554270245469, ""subsample"": 0.7269570892488382, ""colsample_bytree"": 0.6353588738861429, ""reg_alpha"": 2.6244674696910196e-05, ""reg_lambda"": 5.340002228660633}",no_improvement,WARN,,3.6093461403273333,2.240903530665019,0.9484538435641874,0.9209031888738779,2.5866595336826133,1.605374886298299,0.9741911703021634,0.9466576941758997,0.2824427480916031,0,0,188,65,188,82
139,XGBRegressor,XGBoost,"{""n_estimators"": 500, ""learning_rate"": 0.12078660063905003, ""max_depth"": 7, ""min_child_weight"": 5.373886711009464, ""subsample"": 0.7204497523097113, ""colsample_bytree"": 0.6328010152447738, ""reg_alpha"": 2.982680825137492e-05, ""reg_lambda"": 5.077786048325211}",no_improvement,WARN,,3.59082988852413,2.2168262343954774,0.9489786740515012,0.9214581533624895,2.622122998773018,1.6715628397632558,0.9734786337176572,0.9455691894166833,0.2824427480916031,0,0,188,67,188,84
140,XGBRegressor,XGBoost,"{""n_estimators"": 300, ""learning_rate"": 0.05, ""max_depth"": 5, ""min_child_weight"": 5.191317373049509, ""subsample"": 0.8, ""colsample_bytree"": 0.8, ""reg_alpha"": 0.01, ""reg_lambda"": 4.974555618210327}",no_improvement,WARN,,3.8681570349474628,2.616442142208262,0.9407221741995857,0.9128071128882677,3.3068340512333196,2.345613245510785,0.9578192229450603,0.9273935886526365,0.2824427480916031,0,0,188,65,188,81
141,XGBRegressor,XGBoost,"{""n_estimators"": 500, ""learning_rate"": 0.11969766856048619, ""max_depth"": 7, ""min_child_weight"": 5.678531024171903, ""subsample"": 0.6943709452021715, ""colsample_bytree"": 0.6477669802936084, ""reg_alpha"": 2.916241952321227e-05, ""reg_lambda"": 4.240508783181459}",no_improvement,WARN,,3.613319436955737,2.222535041548361,0.948259692642277,0.9208925951413773,2.5278898512403924,1.6089518168287082,0.9753506162163726,0.9478153108264549,0.2824427480916031,0,0,188,64,188,79
142,XGBRegressor,XGBoost,"{""n_estimators"": 500, ""learning_rate"": 0.11947817166464936, ""max_depth"": 7, ""min_child_weight"": 5.765284151287551, ""subsample"": 0.6838729888675423, ""colsample_bytree"": 0.6520431355842059, ""reg_alpha"": 2.8987718478165494e-05, ""reg_lambda"": 3.8763411697274295}",no_improvement,WARN,,3.65288222664289,2.2378704828938876,0.9470171490316284,0.9198744654022883,2.559219945262761,1.6042386157159745,0.9747358321778764,0.947215033985987,0.2824427480916031,0,0,188,67,188,82
143,XGBRegressor,XGBoost,"{""n_estimators"": 500, ""learning_rate"": 0.1104069782527177, ""max_depth"": 7, ""min_child_weight"": 5.314350818038534, ""subsample"": 0.6990800432709623, ""colsample_bytree"": 0.6682265146023184, ""reg_alpha"": 5.9144161197215794e-05, ""reg_lambda"": 5.457224755965513}",no_improvement,WARN,,3.616861163379191,2.256201690763735,0.94824465257116,0.9206478779998252,2.657970417355611,1.6767782557038469,0.9727485220861861,0.9448144295345918,0.2824427480916031,0,0,188,65,188,81
144,XGBRegressor,XGBoost,"{""n_estimators"": 500, ""learning_rate"": 0.1296137874187133, ""max_depth"": 7, ""min_child_weight"": 5.309410190207931, ""subsample"": 0.692891471423737, ""colsample_bytree"": 0.670203265397425, ""reg_alpha"": 8.158508556551623e-05, ""reg_lambda"": 2.9422300467378046}",no_improvement,WARN,,3.6339647911868638,2.239117399225305,0.9476598618304898,0.9203274014284073,2.541173857076858,1.6385859399979192,0.9750908715842055,0.9473823747138246,0.2824427480916031,0,0,188,64,188,80
145,XGBRegressor,XGBoost,"{""n_estimators"": 500, ""learning_rate"": 0.10947971784215511, ""max_depth"": 8, ""min_child_weight"": 5.661482267889562, ""subsample"": 0.7075874686229245, ""colsample_bytree"": 0.6337198828100712, ""reg_alpha"": 2.5118218143128035e-05, ""reg_lambda"": 4.291752457253593}",no_improvement,WARN,,3.670302402881437,2.257211694413261,0.9465823924297301,0.9193887572854661,2.5292388648405524,1.6056663519151129,0.9753243008082572,0.9478069243421745,0.2824427480916031,0,0,188,66,188,82
146,XGBRegressor,XGBoost,"{""n_estimators"": 250, ""learning_rate"": 0.09329038225794044, ""max_depth"": 7, ""min_child_weight"": 5.445085833230917, ""subsample"": 0.671720380643376, ""colsample_bytree"": 0.6486563679769717, ""reg_alpha"": 1.868310780674113e-05, ""reg_lambda"": 5.467089983913496}",no_improvement,WARN,,3.6759663916117367,2.3603290507160137,0.9465437707268096,0.9187146595987427,2.8371874743579566,1.8984970961196759,0.9689496970564504,0.9398912334518034,0.2824427480916031,0,0,188,67,188,83
147,XGBRegressor,XGBoost,"{""n_estimators"": 500, ""learning_rate"": 0.13961076231097075, ""max_depth"": 7, ""min_child_weight"": 4.947493494425482, ""subsample"": 0.7285344215398313, ""colsample_bytree"": 0.666802228662185, ""reg_alpha"": 5.064406809696908e-05, ""reg_lambda"": 6.3115769441598655}",no_improvement,WARN,,3.6498159467819975,2.2710189243194727,0.947208206475241,0.9197878281176022,2.6319469648605636,1.6141415025493868,0.9732795331582572,0.9456950966578437,0.2824427480916031,0,0,188,63,188,80
148,ExtraTreesRegressor,ExtraTrees,"{""n_estimators"": 200, ""max_depth"": 10, ""min_samples_split"": 10, ""min_samples_leaf"": 3, ""max_features"": ""sqrt""}",no_improvement,WARN,,5.194556263853644,3.88705693742394,0.8933668599297058,0.8726902908379489,4.790372217957984,3.6109629448914466,0.911482672369903,0.8853929054193991,0.2824427480916031,0,0,188,67,188,83
149,XGBRegressor,XGBoost,"{""n_estimators"": 500, ""learning_rate"": 0.1289497378903333, ""max_depth"": 8, ""min_child_weight"": 5.652853130426238, ""subsample"": 0.708768701227031, ""colsample_bytree"": 0.6095069330030353, ""reg_alpha"": 1.1197132195646677e-05, ""reg_lambda"": 3.2523300471058247}",no_improvement,WARN,,3.707744442069953,2.2795040642125826,0.945666795282872,0.9184593619326091,2.495650471592919,1.565794228966204,0.975975337558897,0.9487018372693792,0.2824427480916031,0,0,188,66,188,82
150,XGBRegressor,XGBoost,"{""n_estimators"": 300, ""learning_rate"": 0.05, ""max_depth"": 5, ""min_child_weight"": 2.444185972781488, ""subsample"": 0.8, ""colsample_bytree"": 0.8, ""reg_alpha"": 0.01, ""reg_lambda"": 7.129626706562455}",no_improvement,WARN,,3.8692647518705776,2.620039977209707,0.9407723749834827,0.9127862045942443,3.276133093927181,2.3235258858368013,0.9585988077746377,0.9281858195994159,0.2824427480916031,0,0,188,68,188,84
151,XGBRegressor,XGBoost,"{""n_estimators"": 500, ""learning_rate"": 0.06546119401463163, ""max_depth"": 7, ""min_child_weight"": 6.182439340669429, ""subsample"": 0.667505786450406, ""colsample_bytree"": 0.6276418330353479, ""reg_alpha"": 6.249152000979946e-06, ""reg_lambda"": 2.3867272680083333}",no_improvement,WARN,,3.617676288202788,2.281388805106015,0.9481484065047294,0.9204652078895961,2.6233004590998084,1.7216030133583755,0.9734548096117437,0.9452627313430587,0.2824427480916031,0,0,188,63,188,79
152,XGBRegressor,XGBoost,"{""n_estimators"": 500, ""learning_rate"": 0.15855745844689725, ""max_depth"": 7, ""min_child_weight"": 5.392943642685545, ""subsample"": 0.7294312737614679, ""colsample_bytree"": 0.6380507586939267, ""reg_alpha"": 1.5860981825601324e-05, ""reg_lambda"": 8.73208942948657}",no_improvement,WARN,,3.604751559512811,2.2325108780958987,0.9486182917741118,0.921064822356428,2.7104733605329505,1.6562961205795845,0.9716612910713733,0.9438624800875087,0.2824427480916031,0,0,188,62,188,79
153,XGBRegressor,XGBoost,"{""n_estimators"": 500, ""learning_rate"": 0.10246759229695221, ""max_depth"": 7, ""min_child_weight"": 5.359131278708986, ""subsample"": 0.7750269233337408, ""colsample_bytree"": 0.6397756641731424, ""reg_alpha"": 9.766871274429819e-05, ""reg_lambda"": 8.291377444619792}",no_improvement,WARN,,3.618024900058179,2.224185480982501,0.9481453364673025,0.9207825107328624,2.6694505285770096,1.6813182725632223,0.9725126085374479,0.9445558777705662,0.2824427480916031,0,0,188,63,188,79
154,XGBRegressor,XGBoost,"{""n_estimators"": 500, ""learning_rate"": 0.10301146762903252, ""max_depth"": 7, ""min_child_weight"": 4.985189344256619, ""subsample"": 0.7264047315340326, ""colsample_bytree"": 0.6415229886912653, ""reg_alpha"": 7.670073024479387e-05, ""reg_lambda"": 8.390396037703388}",no_improvement,WARN,,3.6081692596724126,2.2214401280244127,0.94845047524664,0.9210287498436411,2.5120094884839075,1.6418971978657868,0.9756593413984106,0.9479460910118875,0.2824427480916031,0,0,188,65,188,80
155,XGBRegressor,XGBoost,"{""n_estimators"": 500, ""learning_rate"": 0.10343779782438775, ""max_depth"": 7, ""min_child_weight"": 5.007787104513154, ""subsample"": 0.7302072528138683, ""colsample_bytree"": 0.6375172701424167, ""reg_alpha"": 0.00013041859622976506, ""reg_lambda"": 8.599330862660953}",new_best,WARN,,3.551159039290215,2.216372178235617,0.95011529323906,0.9223619654618002,2.5681569443327867,1.6449233977629356,0.9745590751345516,0.9468059595630327,0.2824427480916031,0,0,188,64,188,80
156,XGBRegressor,XGBoost,"{""n_estimators"": 500, ""learning_rate"": 0.10069949282617978, ""max_depth"": 8, ""min_child_weight"": 4.6835406991384065, ""subsample"": 0.7291732036407548, ""colsample_bytree"": 0.6411976693698538, ""reg_alpha"": 0.00013235176627565928, ""reg_lambda"": 8.43756249438955}",no_improvement,WARN,,3.585379499913272,2.203477788709825,0.949132840466232,0.9216567844261334,2.612264265912097,1.6184373729156283,0.9736776903826119,0.9460682497920891,0.2824427480916031,0,0,188,62,188,79
157,XGBRegressor,XGBoost,"{""n_estimators"": 500, ""learning_rate"": 0.09664832849418865, ""max_depth"": 8, ""min_child_weight"": 4.595306653995619, ""subsample"": 0.7317341085826737, ""colsample_bytree"": 0.6574351879366565, ""reg_alpha"": 0.00014529815553077964, ""reg_lambda"": 6.917551014861054}",no_improvement,WARN,,3.619488271429808,2.2019133032585962,0.948092361618424,0.9208717691810122,2.546127822798995,1.6417955692586392,0.9749936572595258,0.9472651153040947,0.2824427480916031,0,0,188,65,188,80
158,XGBRegressor,XGBoost,"{""n_estimators"": 500, ""learning_rate"": 0.0938811317773752, ""max_depth"": 8, ""min_child_weight"": 4.719802319482041, ""subsample"": 0.7272217865196253, ""colsample_bytree"": 0.6587199766038334, ""reg_alpha"": 0.00017532958067303624, ""reg_lambda"": 4.190024997734033}",no_improvement,WARN,,3.613819653975394,2.2363573294102954,0.9483727655114146,0.9208413690987827,2.5677529724282118,1.5972596129294985,0.974567078236211,0.9470833231005723,0.2824427480916031,0,0,188,65,188,81
159,RandomForestRegressor,RandomForest,"{""n_estimators"": 500, ""max_depth"": 10, ""min_samples_split"": 4, ""min_samples_leaf"": 1, ""max_features"": ""log2""}",no_improvement,WARN,,4.363768227511626,3.1059211835819327,0.9246862962014527,0.8982318430970205,3.8493776013777428,2.8093591764415313,0.9428428186434941,0.912618716070948,0.2824427480916031,0,0,188,67,188,83
160,XGBRegressor,XGBoost,"{""n_estimators"": 300, ""learning_rate"": 0.05, ""max_depth"": 5, ""min_child_weight"": 4.956061932892678, ""subsample"": 0.8, ""colsample_bytree"": 0.8, ""reg_alpha"": 0.01, ""reg_lambda"": 6.933084011426966}",no_improvement,WARN,,3.8594910457970117,2.6101378305032283,0.9410239649389684,0.9130556513530436,3.269093703421579,2.333162450909093,0.9587765331875531,0.9282841148436863,0.2824427480916031,0,0,188,68,188,84
161,XGBRegressor,XGBoost,"{""n_estimators"": 450, ""learning_rate"": 0.08415313136159158, ""max_depth"": 8, ""min_child_weight"": 4.2352010765261365, ""subsample"": 0.7164312811228354, ""colsample_bytree"": 0.679709835199656, ""reg_alpha"": 0.0002786799414969026, ""reg_lambda"": 8.480648261724541}",no_improvement,WARN,,3.647334400127432,2.236278674806257,0.9473329483804281,0.9200565480333867,2.616632827250414,1.6516191793634845,0.9735895777237034,0.9457926726190917,0.2824427480916031,0,0,188,64,188,81
162,XGBRegressor,XGBoost,"{""n_estimators"": 500, ""learning_rate"": 0.10020050075788885, ""max_depth"": 8, ""min_child_weight"": 4.6782607720188, ""subsample"": 0.7302063532831033, ""colsample_bytree"": 0.6584786307580611, ""reg_alpha"": 0.00021715172758421958, ""reg_lambda"": 4.086515192187598}",no_improvement,WARN,,3.6305513080879903,2.234160147776393,0.947789208894472,0.920442417304665,2.602063013960289,1.5809120475357192,0.9738828734577355,0.9464858586653098,0.2824427480916031,0,0,188,67,188,82
163,XGBRegressor,XGBoost,"{""n_estimators"": 500, ""learning_rate"": 0.09163320368357712, ""max_depth"": 8, ""min_child_weight"": 4.202298298346026, ""subsample"": 0.7273720525856855, ""colsample_bytree"": 0.6507551718365361, ""reg_alpha"": 0.0001194069022723577, ""reg_lambda"": 4.934148312203243}",no_improvement,WARN,,3.624098166537615,2.2379813486278564,0.9480581653763966,0.9205926539896058,2.569361002842792,1.6247181639054924,0.9745352140204439,0.9468959379718932,0.2824427480916031,0,0,188,66,188,82
164,XGBRegressor,XGBoost,"{""n_estimators"": 500, ""learning_rate"": 0.11697343108436682, ""max_depth"": 9, ""min_child_weight"": 4.651862767469998, ""subsample"": 0.738684071840177, ""colsample_bytree"": 0.6457366278571707, ""reg_alpha"": 3.5233774826179244e-05, ""reg_lambda"": 6.557586757586944}",no_improvement,WARN,,3.703022606485935,2.2751284275231387,0.9456737751059066,0.9185528595676115,2.6282278905351366,1.6374634040308014,0.9733549945503619,0.9456385109000893,0.2824427480916031,0,0,188,64,188,81
165,HistGradientBoostingRegressor,HistGradientBoosting,"{""learning_rate"": 0.010738352384801662, ""max_depth"": 3, ""max_leaf_nodes"": 30, ""min_samples_leaf"": 24, ""l2_regularization"": 0.0009239663823289484}",no_improvement,WARN,,8.394511714388484,6.677959657293206,0.7216990882100458,0.7602317163506238,8.556364419358127,6.827324944160291,0.7175976409903757,0.755871698296696,0.2824427480916031,0,0,188,76,188,91
166,XGBRegressor,XGBoost,"{""n_estimators"": 500, ""learning_rate"": 0.09542767050248058, ""max_depth"": 8, ""min_child_weight"": 4.3965130511126675, ""subsample"": 0.7172267085168751, ""colsample_bytree"": 0.6608275184257612, ""reg_alpha"": 0.00016731274009586342, ""reg_lambda"": 5.29138394951726}",no_improvement,WARN,,3.589009171510374,2.2206903266973534,0.9490168905863605,0.9214735032092842,2.6410589838792045,1.6603979519076209,0.9730941959346728,0.9452495015211695,0.2824427480916031,0,0,188,63,188,80
167,XGBRegressor,XGBoost,"{""n_estimators"": 500, ""learning_rate"": 0.12227044273197613, ""max_depth"": 9, ""min_child_weight"": 4.386708671057065, ""subsample"": 0.7163775751196012, ""colsample_bytree"": 0.6197417914077239, ""reg_alpha"": 2.3109737802198382e-06, ""reg_lambda"": 5.42070589862354}",no_improvement,WARN,,3.668258836791169,2.2181093931589144,0.9467851203480061,0.9196993291766814,2.662858619897891,1.6307165345046342,0.9726481949832866,0.9449755037589918,0.2824427480916031,0,0,188,67,188,83
168,CatBoostRegressor,CatBoost,"{""iterations"": 200, ""learning_rate"": 0.025453411198454488, ""depth"": 8, ""l2_leaf_reg"": 3.3500639179570872, ""bagging_temperature"": 3.6806775375600074, ""random_strength"": 1.473794429387311}",no_improvement,WARN,,4.786661166297824,3.567185069019158,0.9094044216983581,0.8850691459906143,4.56853514920157,3.4675497199891763,0.919491132924632,0.8917385476351025,0.2824427480916031,0,0,188,66,188,82
169,XGBRegressor,XGBoost,"{""n_estimators"": 500, ""learning_rate"": 0.14297273574087246, ""max_depth"": 7, ""min_child_weight"": 4.008320484527707, ""subsample"": 0.7574281950354872, ""colsample_bytree"": 0.6895288816300934, ""reg_alpha"": 4.557872785886608e-05, ""reg_lambda"": 8.331710768505408}",no_improvement,WARN,,3.638671956214678,2.2377229003958496,0.9476334876967897,0.9202608887525254,2.637042340630981,1.6234623982346414,0.9731759728561464,0.9455394132108051,0.2824427480916031,0,0,188,63,188,79
170,XGBRegressor,XGBoost,"{""n_estimators"": 300, ""learning_rate"": 0.05, ""max_depth"": 5, ""min_child_weight"": 5.043939370258306, ""subsample"": 0.8, ""colsample_bytree"": 0.8, ""reg_alpha"": 0.01, ""reg_lambda"": 6.757885497600643}",no_improvement,WARN,,3.8655452175547182,2.60853745470562,0.9407747783957262,0.912904434539397,3.288463148840134,2.342093365980674,0.9582865862755098,0.927813129389745,0.2824427480916031,0,0,188,66,188,82
171,XGBRegressor,XGBoost,"{""n_estimators"": 500, ""learning_rate"": 0.07793758750511139, ""max_depth"": 7, ""min_child_weight"": 3.7057947396999715, ""subsample"": 0.747990582135256, ""colsample_bytree"": 0.6381711713935584, ""reg_alpha"": 8.79668039286003e-05, ""reg_lambda"": 0.0024078966081992666}",no_improvement,WARN,,3.824110585715111,2.3294463857691015,0.9418060967982843,0.9153756137821121,2.755593241907927,1.7192149307558735,0.9707099578951206,0.9425844289468023,0.2824427480916031,0,0,188,66,188,82
172,XGBRegressor,XGBoost,"{""n_estimators"": 500, ""learning_rate"": 0.09575254544795897, ""max_depth"": 8, ""min_child_weight"": 4.845536317237558, ""subsample"": 0.709491414890951, ""colsample_bytree"": 0.6567597722927294, ""reg_alpha"": 0.00014558189553313673, ""reg_lambda"": 4.250665029422479}",no_improvement,WARN,,3.627078653558148,2.2200750733879224,0.9480272693223233,0.9206424468238611,2.7260502567160465,1.7072867376910117,0.9713346340643935,0.9432564434165889,0.2824427480916031,0,0,188,63,188,79
173,XGBRegressor,XGBoost,"{""n_estimators"": 500, ""learning_rate"": 0.08238484338476428, ""max_depth"": 8, ""min_child_weight"": 4.527535050686238, ""subsample"": 0.7206440253695288, ""colsample_bytree"": 0.6622866651395323, ""reg_alpha"": 0.0004598317949035412, ""reg_lambda"": 3.3083862245751137}",no_improvement,WARN,,3.629380808474555,2.224152881947098,0.9478926271054977,0.9205465054671012,2.6832729982975456,1.6752817671972562,0.9722272109920808,0.9443091480885771,0.2824427480916031,0,0,188,64,188,81
174,XGBRegressor,XGBoost,"{""n_estimators"": 500, ""learning_rate"": 0.10580617519706279, ""max_depth"": 8, ""min_child_weight"": 4.723400478029915, ""subsample"": 0.7332425973503665, ""colsample_bytree"": 0.6771758962532365, ""reg_alpha"": 0.00024940420277791685, ""reg_lambda"": 5.000660495119453}",no_improvement,WARN,,3.629386162800979,2.2370543265690954,0.9478309792875216,0.9204550539727356,2.5951037825084273,1.591970739099836,0.9740223874318089,0.9465635246793558,0.2824427480916031,0,0,188,63,188,80
175,XGBRegressor,XGBoost,"{""n_estimators"": 500, ""learning_rate"": 0.15593456427357402, ""max_depth"": 7, ""min_child_weight"": 4.39514875367537, ""subsample"": 0.7385013631937867, ""colsample_bytree"": 0.6297513403815549, ""reg_alpha"": 0.00017133639440838292, ""reg_lambda"": 8.5760458997827}",no_improvement,WARN,,3.6677575055221396,2.233001906773716,0.9467970337293323,0.919625854089355,2.7812225979967824,1.647560810061384,0.9701625796311908,0.9424630397605976,0.2824427480916031,0,0,188,62,188,79
176,XGBRegressor,XGBoost,"{""n_estimators"": 500, ""learning_rate"": 0.1346867075242503, ""max_depth"": 8, ""min_child_weight"": 5.585427405132856, ""subsample"": 0.7234892704193083, ""colsample_bytree"": 0.6454992286709146, ""reg_alpha"": 3.0669110253139493e-06, ""reg_lambda"": 3.5758132610464064}",no_improvement,WARN,,3.650512354425588,2.2187959304170675,0.9472033950847749,0.9200715623474398,2.6129421394117487,1.6289190960962565,0.9736640275143517,0.9459953652097552,0.2824427480916031,0,0,188,66,188,82
177,LGBMRegressor,LightGBM,"{""n_estimators"": 400, ""learning_rate"": 0.22984005322047324, ""num_leaves"": 49, ""min_child_samples"": 11, ""subsample"": 0.7607863688212967, ""colsample_bytree"": 0.8938787053507036, ""reg_lambda"": 0.02688408514270118}",no_improvement,WARN,,3.9392435737195264,2.380322844252683,0.9386929627322631,0.9125282734698256,3.0446562819506813,1.7923393141817099,0.9642425683994436,0.9361487613060193,0.2824427480916031,0,0,188,63,188,80
178,XGBRegressor,XGBoost,"{""n_estimators"": 450, ""learning_rate"": 0.11355144260320428, ""max_depth"": 7, ""min_child_weight"": 5.196989954867918, ""subsample"": 0.7035873786875189, ""colsample_bytree"": 0.6099732710207488, ""reg_alpha"": 6.951793953893663e-05, ""reg_lambda"": 5.903717061843654}",no_improvement,WARN,,3.599967007104412,2.254263292716083,0.9486933255110237,0.9210320219644972,2.5474790104199125,1.6432717597061062,0.9749671093180704,0.9472297292966156,0.2824427480916031,0,0,188,65,188,82
179,XGBRegressor,XGBoost,"{""n_estimators"": 450, ""learning_rate"": 0.10905990031094638, ""max_depth"": 7, ""min_child_weight"": 5.998140730933281, ""subsample"": 0.6965511755346456, ""colsample_bytree"": 0.6085288926815299, ""reg_alpha"": 6.614050400946143e-05, ""reg_lambda"": 6.689261548583385}",no_improvement,WARN,,3.6056199550750407,2.2526456550918526,0.9484519770987525,0.9208889204856128,2.5590353264085386,1.6349530595061346,0.9747394770959216,0.9470452258689507,0.2824427480916031,0,0,188,64,188,81
180,XGBRegressor,XGBoost,"{""n_estimators"": 300, ""learning_rate"": 0.05, ""max_depth"": 5, ""min_child_weight"": 5.822622962199092, ""subsample"": 0.8, ""colsample_bytree"": 0.8, ""reg_alpha"": 0.01, ""reg_lambda"": 5.4979808395437875}",no_improvement,WARN,,3.8728174256710046,2.620394921438492,0.9405919318782587,0.9126798930373764,3.244060347149317,2.277838883853091,0.9594054601370174,0.9291388609440341,0.2824427480916031,0,0,188,65,188,81
181,XGBRegressor,XGBoost,"{""n_estimators"": 450, ""learning_rate"": 0.11644077607057192, ""max_depth"": 7, ""min_child_weight"": 5.12503118682883, ""subsample"": 0.6867479131191015, ""colsample_bytree"": 0.6075531316380332, ""reg_alpha"": 6.861039069519506e-05, ""reg_lambda"": 9.957843446367551}",no_improvement,WARN,,3.669293985921791,2.280791290129713,0.9466784705055957,0.9192986188667297,2.6540653612927687,1.6901829629127092,0.9728285383075634,0.9448178600055658,0.2824427480916031,0,0,188,63,188,79
182,XGBRegressor,XGBoost,"{""n_estimators"": 450, ""learning_rate"": 0.10388406005945337, ""max_depth"": 7, ""min_child_weight"": 5.965243575932265, ""subsample"": 0.7069754776133997, ""colsample_bytree"": 0.6145374145482156, ""reg_alpha"": 1.638654405128048e-05, ""reg_lambda"": 7.123555260541272}",no_improvement,WARN,,3.64352837024787,2.2785555518401166,0.9475369407487166,0.9199326710961628,2.6718285840642277,1.7363989730890215,0.9724636129430448,0.9441964381166477,0.2824427480916031,0,0,188,64,188,80
183,XGBRegressor,XGBoost,"{""n_estimators"": 450, ""learning_rate"": 0.11114702623574137, ""max_depth"": 7, ""min_child_weight"": 5.2478003943461555, ""subsample"": 0.6960286120842982, ""colsample_bytree"": 0.6211007037385993, ""reg_alpha"": 3.430733179688365e-05, ""reg_lambda"": 6.222624603490795}",no_improvement,WARN,,3.605791923763994,2.240239836872549,0.9486110284779705,0.921004288918053,2.6205610996106365,1.6698263446957025,0.9735102198503732,0.9456105331935944,0.2824427480916031,0,0,188,65,188,81
184,XGBRegressor,XGBoost,"{""n_estimators"": 450, ""learning_rate"": 0.1263713083314404, ""max_depth"": 7, ""min_child_weight"": 5.225059990042686, ""subsample"": 0.7009435350339208, ""colsample_bytree"": 0.6204490189955733, ""reg_alpha"": 2.673326591755528e-05, ""reg_lambda"": 5.82970340684002}",no_improvement,WARN,,3.6184960130024493,2.2575729042827115,0.9482104445588027,0.9206067809096181,2.560142306124101,1.6510079247746074,0.9747176181288172,0.9469323390702988,0.2824427480916031,0,0,188,65,188,81
185,XGBRegressor,XGBoost,"{""n_estimators"": 400, ""learning_rate"": 0.11143096972214085, ""max_depth"": 7, ""min_child_weight"": 5.4872691145834045, ""subsample"": 0.6886217922094193, ""colsample_bytree"": 0.606482786108527, ""reg_alpha"": 3.906433286425969e-05, ""reg_lambda"": 8.403622706447859}",no_improvement,WARN,,3.575062594574902,2.2334793291485084,0.9494083544200465,0.9217156599914591,2.6096471265265166,1.6784198213682426,0.9737304068288452,0.9457821791629925,0.2824427480916031,0,0,188,67,188,83
186,XGBRegressor,XGBoost,"{""n_estimators"": 400, ""learning_rate"": 0.11432431266243168, ""max_depth"": 7, ""min_child_weight"": 5.479970820631583, ""subsample"": 0.7184363632427704, ""colsample_bytree"": 0.6265973339058011, ""reg_alpha"": 1.8118675826923047e-06, ""reg_lambda"": 8.446489625361108}",no_improvement,WARN,,3.5781457567169603,2.243838736895113,0.9493027162033918,0.9215819044955162,2.6750364711360533,1.7430344795394659,0.9723974510277734,0.9440938007377371,0.2824427480916031,0,0,188,66,188,82
187,XGBRegressor,XGBoost,"{""n_estimators"": 400, ""learning_rate"": 0.11176447112384003, ""max_depth"": 7, ""min_child_weight"": 5.4207084204748535, ""subsample"": 0.7888447368049428, ""colsample_bytree"": 0.6248065379546492, ""reg_alpha"": 1.5173593266682024e-06, ""reg_lambda"": 8.361400268126328}",no_improvement,WARN,,3.6405288287670374,2.2568794838394246,0.9474685832528824,0.9200769758532025,2.764320713087557,1.7152726802828604,0.9705241301721489,0.9424276949306618,0.2824427480916031,0,0,188,63,188,79
188,XGBRegressor,XGBoost,"{""n_estimators"": 400, ""learning_rate"": 0.1457554708781495, ""max_depth"": 7, ""min_child_weight"": 4.9833139107111295, ""subsample"": 0.672944999943765, ""colsample_bytree"": 0.6172043204625725, ""reg_alpha"": 4.123981369255229e-06, ""reg_lambda"": 8.56924126237739}",no_improvement,WARN,,3.6583802792550832,2.3075280745835904,0.9471161104319957,0.9194330036255853,2.716204425380753,1.7311011391060278,0.9715413248078973,0.9433229709178792,0.2824427480916031,0,0,188,67,188,82
189,XGBRegressor,XGBoost,"{""n_estimators"": 350, ""learning_rate"": 0.1677518307758721, ""max_depth"": 7, ""min_child_weight"": 5.447116442642078, ""subsample"": 0.7158006372829421, ""colsample_bytree"": 0.6345807181625431, ""reg_alpha"": 8.549941702794656e-06, ""reg_lambda"": 0.018812527357217668}",no_improvement,WARN,,3.8360377981732787,2.3805447098074355,0.9418078033818101,0.9149190212982474,2.721720093655951,1.7851246678828392,0.9714256280769569,0.9429051812812541,0.2824427480916031,0,0,188,65,188,81
190,XGBRegressor,XGBoost,"{""n_estimators"": 300, ""learning_rate"": 0.05, ""max_depth"": 5, ""min_child_weight"": 5.1430147360925655, ""subsample"": 0.8, ""colsample_bytree"": 0.8, ""reg_alpha"": 0.01, ""reg_lambda"": 5.951005930090234}",no_improvement,WARN,,3.8669698743088565,2.611610408122808,0.9407830421903911,0.91286943419557,3.2873696693893772,2.3487907210081023,0.9583143227439384,0.9277990592449337,0.2824427480916031,0,0,188,65,188,81
191,ExtraTreesRegressor,ExtraTrees,"{""n_estimators"": 700, ""max_depth"": 6, ""min_samples_split"": 2, ""min_samples_leaf"": 2, ""max_features"": 0.5}",no_improvement,WARN,,5.6622403000764905,4.285180310407572,0.8732693937652675,0.8578070299050429,5.544381576456703,4.268518546137404,0.881424217995914,0.8620120899619984,0.2824427480916031,0,0,188,70,188,86
192,XGBRegressor,XGBoost,"{""n_estimators"": 450, ""learning_rate"": 0.12343199004554208, ""max_depth"": 7, ""min_child_weight"": 5.545330790691708, ""subsample"": 0.7624173610411733, ""colsample_bytree"": 0.6264001389772912, ""reg_alpha"": 3.102586196491438e-05, ""reg_lambda"": 4.765470126283079}",no_improvement,WARN,,3.6978119268631486,2.275079557510703,0.9457871914207207,0.9186607496393862,2.77240812788385,1.6816827882552912,0.9703514061483036,0.9424514138248969,0.2824427480916031,0,0,188,64,188,80
193,XGBRegressor,XGBoost,"{""n_estimators"": 400, ""learning_rate"": 0.11581788462119023, ""max_depth"": 7, ""min_child_weight"": 5.677793509543405, ""subsample"": 0.6830467495209226, ""colsample_bytree"": 0.6049867407639894, ""reg_alpha"": 4.563898919633909e-05, ""reg_lambda"": 7.753206304964129}",no_improvement,WARN,,3.5886129312240564,2.2569489964014133,0.9490523267401795,0.9212849012605826,2.6654395942436646,1.7380904936736148,0.9725951478419333,0.9443165731016341,0.2824427480916031,0,0,188,63,188,79
194,XGBRegressor,XGBoost,"{""n_estimators"": 400, ""learning_rate"": 0.1322360929350978, ""max_depth"": 7, ""min_child_weight"": 5.2866521978353855, ""subsample"": 0.6836238569262512, ""colsample_bytree"": 0.6060232642185148, ""reg_alpha"": 6.1398017356300495e-06, ""reg_lambda"": 7.6181999116943135}",no_improvement,WARN,,3.597838894448331,2.2457185650284344,0.9487961111704906,0.9211411824654301,2.719069071215387,1.716248330224509,0.9714812652525447,0.9433484013652599,0.2824427480916031,0,0,188,62,188,78
195,XGBRegressor,XGBoost,"{""n_estimators"": 400, ""learning_rate"": 0.042716972820838285, ""max_depth"": 7, ""min_child_weight"": 5.274017805638129, ""subsample"": 0.685650990110533, ""colsample_bytree"": 0.6083177816457808, ""reg_alpha"": 5.841963033577295e-06, ""reg_lambda"": 9.771728752548338}",no_improvement,WARN,,3.7510192008017214,2.4712522706449613,0.9442848671779484,0.916350420565765,3.044946318769237,2.121306571218345,0.9642357555018847,0.9342842528893032,0.2824427480916031,0,0,188,64,188,80
196,XGBRegressor,XGBoost,"{""n_estimators"": 400, ""learning_rate"": 0.1619927409917271, ""max_depth"": 7, ""min_child_weight"": 4.8849085754267385, ""subsample"": 0.6571489050930864, ""colsample_bytree"": 0.6010565913949097, ""reg_alpha"": 1.9442567814740212e-06, ""reg_lambda"": 7.68451220126937}",no_improvement,WARN,,3.5705850131821526,2.250787372638648,0.9495174541721394,0.9217138508205265,2.5972649642716203,1.6721799665880903,0.9739791015174959,0.9460669072586045,0.2824427480916031,0,0,188,63,188,80
197,XGBRegressor,XGBoost,"{""n_estimators"": 400, ""learning_rate"": 0.15890688007032647, ""max_depth"": 7, ""min_child_weight"": 4.890450295952945, ""subsample"": 0.6593916092077355, ""colsample_bytree"": 0.6000636828510485, ""reg_alpha"": 1.8333757560869772e-06, ""reg_lambda"": 7.764022860933709}",no_improvement,WARN,,3.6699355606065596,2.3046564403562924,0.9467218732132198,0.9191677622987537,2.772666915984942,1.7624048685343732,0.9703458708439401,0.9419900914540636,0.2824427480916031,0,0,188,64,188,81
198,XGBRegressor,XGBoost,"{""n_estimators"": 400, ""learning_rate"": 0.17621193719575473, ""max_depth"": 7, ""min_child_weight"": 3.9488117956026345, ""subsample"": 0.6840089341167531, ""colsample_bytree"": 0.6132075125073077, ""reg_alpha"": 2.9158664179913834e-06, ""reg_lambda"": 8.698989530134561}",no_improvement,WARN,,3.695742867380955,2.318120974592317,0.9459757474490308,0.9185033920460778,2.6793628184780345,1.6878965690947483,0.9723080953995801,0.944317373629795,0.2824427480916031,0,0,188,65,188,81
199,RandomForestRegressor,RandomForest,"{""n_estimators"": 250, ""max_depth"": 18, ""min_samples_split"": 4, ""min_samples_leaf"": 3, ""max_features"": ""sqrt""}",no_improvement,WARN,,4.584429422007998,3.290543887409842,0.9169159314011288,0.8917414397766881,4.167171596446032,3.022640939457561,0.9330157741386919,0.9039776291019157,0.2824427480916031,0,0,188,66,188,82
200,XGBRegressor,XGBoost,"{""n_estimators"": 300, ""learning_rate"": 0.05, ""max_depth"": 5, ""min_child_weight"": 5.023457250960878, ""subsample"": 0.8, ""colsample_bytree"": 0.8, ""reg_alpha"": 0.01, ""reg_lambda"": 7.351097480730093}",no_improvement,WARN,,3.8596612934989154,2.6289004351268526,0.9410175371178197,0.91294532684039,3.3457126936787582,2.3832370602248116,0.9568215486086415,0.926332672517596,0.2824427480916031,0,0,188,67,188,83
201,HistGradientBoostingRegressor,HistGradientBoosting,"{""learning_rate"": 0.02282898313781713, ""max_depth"": 7, ""max_leaf_nodes"": 53, ""min_samples_leaf"": 13, ""l2_regularization"": 0.13248218653260552}",no_improvement,WARN,,5.047343751674939,3.8138466671149387,0.8991426319637392,0.8769156394210109,4.688230335964465,3.560845944005334,0.9152172194855199,0.8882389093028186,0.2824427480916031,0,0,188,69,188,85
202,XGBRegressor,XGBoost,"{""n_estimators"": 400, ""learning_rate"": 0.13677254536071914, ""max_depth"": 7, ""min_child_weight"": 5.2767012282266625, ""subsample"": 0.7040697411992487, ""colsample_bytree"": 0.6061728941953285, ""reg_alpha"": 1.1531816372028686e-06, ""reg_lambda"": 6.528570288835235}",no_improvement,WARN,,3.639049996491681,2.254650887785396,0.9476024921185244,0.9201506232443625,2.673142758496287,1.7005462349643568,0.9724365180046064,0.9443722855315319,0.2824427480916031,0,0,188,62,188,78
203,XGBRegressor,XGBoost,"{""n_estimators"": 400, ""learning_rate"": 0.15300444196992932, ""max_depth"": 7, ""min_child_weight"": 5.414918039015619, ""subsample"": 0.6358621963272673, ""colsample_bytree"": 0.8383336718921288, ""reg_alpha"": 3.904611397600191e-06, ""reg_lambda"": 8.404955279823197}",no_improvement,WARN,,3.6388420557552563,2.276099042386728,0.9474813422421491,0.9199960522381774,2.6427836547842465,1.666220095903744,0.9730590442708535,0.9451817090677735,0.2824427480916031,0,0,188,63,188,80
204,XGBRegressor,XGBoost,"{""n_estimators"": 400, ""learning_rate"": 0.1121299939906154, ""max_depth"": 7, ""min_child_weight"": 4.871546962887101, ""subsample"": 0.6611626930570274, ""colsample_bytree"": 0.6184719339134362, ""reg_alpha"": 4.1187437291293146e-05, ""reg_lambda"": 9.993148763691483}",no_improvement,WARN,,3.699033265301472,2.3170241857839526,0.9457743059466275,0.9184026860086321,2.601114729639318,1.6865141641681816,0.9739019060088968,0.9459084040530908,0.2824427480916031,0,0,188,63,188,79
205,XGBRegressor,XGBoost,"{""n_estimators"": 350, ""learning_rate"": 0.08733185120210853, ""max_depth"": 7, ""min_child_weight"": 5.102654310885738, ""subsample"": 0.6448467837707326, ""colsample_bytree"": 0.6062398725517175, ""reg_alpha"": 2.084289342838161e-06, ""reg_lambda"": 6.239406598723916}",no_improvement,WARN,,3.64035028075464,2.30411416347685,0.9475336797201864,0.9198321930248028,2.7822901292208693,1.8388974348741973,0.9701396699288567,0.9413602109413279,0.2824427480916031,0,0,188,66,188,82
206,XGBRegressor,XGBoost,"{""n_estimators"": 400, ""learning_rate"": 0.16579753779260717, ""max_depth"": 7, ""min_child_weight"": 4.06520810768192, ""subsample"": 0.7441507255132779, ""colsample_bytree"": 0.6002265950553408, ""reg_alpha"": 7.474188896108963e-06, ""reg_lambda"": 7.470127989582025}",no_improvement,WARN,,3.617361763558718,2.248018865737259,0.9481840206132347,0.9206688441475706,2.739550910982702,1.720710421864831,0.9710500028490333,0.9429045560244659,0.2824427480916031,0,0,188,62,188,79
207,XGBRegressor,XGBoost,"{""n_estimators"": 400, ""learning_rate"": 0.10126927638540394, ""max_depth"": 7, ""min_child_weight"": 5.49695088923746, ""subsample"": 0.7130004899502994, ""colsample_bytree"": 0.6174950489381804, ""reg_alpha"": 5.189422399753766e-05, ""reg_lambda"": 5.711775549614186}",no_improvement,WARN,,3.6280267681271434,2.253196830279009,0.9479202966619722,0.920409856977888,2.657237809373638,1.750376192672347,0.9727635424932706,0.9444135200995866,0.2824427480916031,0,0,188,65,188,81
208,CatBoostRegressor,CatBoost,"{""iterations"": 600, ""learning_rate"": 0.021039979105322106, ""depth"": 5, ""l2_leaf_reg"": 7.179299514708777, ""bagging_temperature"": 1.5157888861878674, ""random_strength"": 0.6021225404443916}",no_improvement,WARN,,4.515321700593809,3.363531831702492,0.9193756029814162,0.8930430159754164,4.2298978074935665,3.1997163497645085,0.9309840414327607,0.901481926500846,0.2824427480916031,0,0,188,66,188,82
209,XGBRegressor,XGBoost,"{""n_estimators"": 350, ""learning_rate"": 0.14245321362283608, ""max_depth"": 7, ""min_child_weight"": 5.878046238750674, ""subsample"": 0.6884075235911737, ""colsample_bytree"": 0.6260688901113666, ""reg_alpha"": 1.3986275762480494e-05, ""reg_lambda"": 7.555651889157082}",no_improvement,WARN,,3.6366938537546303,2.281072052963655,0.9477483495970318,0.9200783999297916,2.6821949266451863,1.7113932697313752,0.9722495233261395,0.9441270696871138,0.2824427480916031,0,0,188,66,188,81
210,XGBRegressor,XGBoost,"{""n_estimators"": 300, ""learning_rate"": 0.05, ""max_depth"": 5, ""min_child_weight"": 5.253138238744421, ""subsample"": 0.8, ""colsample_bytree"": 0.8, ""reg_alpha"": 0.01, ""reg_lambda"": 8.700267380197662}",no_improvement,WARN,,3.9152307696930215,2.6742074208597177,0.9392991994291904,0.9113890883011567,3.4126402150298016,2.425761352632684,0.9550767898730718,0.9246238205838819,0.2824427480916031,0,0,188,66,188,82
211,XGBRegressor,XGBoost,"{""n_estimators"": 100, ""learning_rate"": 0.1344458472735299, ""max_depth"": 6, ""min_child_weight"": 4.502959930475656, ""subsample"": 0.6774371198207525, ""colsample_bytree"": 0.6114701207640884, ""reg_alpha"": 0.00010220583425010169, ""reg_lambda"": 9.947058079984277}",no_improvement,WARN,,3.9939227014910132,2.723211161550192,0.9369672139499645,0.9093013195200343,3.4241951482800728,2.4280194913854767,0.9547720618901847,0.9243564583512272,0.2824427480916031,0,0,188,69,188,83
212,XGBRegressor,XGBoost,"{""n_estimators"": 500, ""learning_rate"": 0.12596540106496712, ""max_depth"": 7, ""min_child_weight"": 5.68900899381616, ""subsample"": 0.7201376656025666, ""colsample_bytree"": 0.6344979545885646, ""reg_alpha"": 1.043304806916261e-05, ""reg_lambda"": 5.022567127284289}",no_improvement,WARN,,3.5778988320280667,2.1882881813395456,0.9493198390601917,0.9219043391661137,2.739844560800786,1.6946176128523893,0.9710437962719053,0.9430459477571582,0.2824427480916031,0,0,188,63,188,80
213,XGBRegressor,XGBoost,"{""n_estimators"": 400, ""learning_rate"": 0.11476894851705961, ""max_depth"": 7, ""min_child_weight"": 5.578345598434429, ""subsample"": 0.7227578414534868, ""colsample_bytree"": 0.7233782956957635, ""reg_alpha"": 9.363294988333582e-06, ""reg_lambda"": 4.8715206193555955}",no_improvement,WARN,,3.5835624424943595,2.2260052718139622,0.9491490306096246,0.9215600433393816,2.752536454517563,1.7653401766953956,0.9707749049055603,0.942386517225782,0.2824427480916031,0,0,188,67,188,83
214,XGBRegressor,XGBoost,"{""n_estimators"": 400, ""learning_rate"": 0.11546766451030063, ""max_depth"": 7, ""min_child_weight"": 5.653715432920228, ""subsample"": 0.7183124330583585, ""colsample_bytree"": 0.7395066777640059, ""reg_alpha"": 9.105064938824922e-06, ""reg_lambda"": 4.834098563907844}",no_improvement,WARN,,3.616242898122897,2.230526106258078,0.9481111608615231,0.9207616059955855,2.595100595296865,1.6182010639869768,0.9740224512412772,0.946415411145976,0.2824427480916031,0,0,188,65,188,81
215,XGBRegressor,XGBoost,"{""n_estimators"": 400, ""learning_rate"": 0.10443196000903805, ""max_depth"": 7, ""min_child_weight"": 4.3503982880515375, ""subsample"": 0.6995788805488019, ""colsample_bytree"": 0.6299950216366781, ""reg_alpha"": 1.9880476578052317e-05, ""reg_lambda"": 0.3414513806966407}",no_improvement,WARN,,3.711725899523917,2.2833881775873834,0.9454280881175345,0.918309578930944,2.6775860275049723,1.6781501206285128,0.9723448104063341,0.9444085399469733,0.2824427480916031,0,0,188,64,188,80
216,XGBRegressor,XGBoost,"{""n_estimators"": 400, ""learning_rate"": 0.1217589121408559, ""max_depth"": 7, ""min_child_weight"": 5.055555592618933, ""subsample"": 0.7218367012336608, ""colsample_bytree"": 0.6408757548011947, ""reg_alpha"": 1.256807183153e-05, ""reg_lambda"": 6.149794823855143}",no_improvement,WARN,,3.5944301569231314,2.2633637331029903,0.948939625429972,0.9211326981860734,2.6265067778764064,1.683025182162522,0.973389880444984,0.9454159005342249,0.2824427480916031,0,0,188,66,188,82
217,XGBRegressor,XGBoost,"{""n_estimators"": 400, ""learning_rate"": 0.12296967128778365, ""max_depth"": 7, ""min_child_weight"": 4.867223129697406, ""subsample"": 0.7220867251489125, ""colsample_bytree"": 0.6416583856418215, ""reg_alpha"": 1.165221485740378e-05, ""reg_lambda"": 5.195384703814256}",no_improvement,WARN,,3.7101653376483226,2.308609163120087,0.9455365033552712,0.9182216670905667,2.6482498364774942,1.6284414136536571,0.9729474827700881,0.9452844586172369,0.2824427480916031,0,0,188,66,188,82
218,XGBRegressor,XGBoost,"{""n_estimators"": 400, ""learning_rate"": 0.18365814024296398, ""max_depth"": 7, ""min_child_weight"": 3.7262368232912073, ""subsample"": 0.7134187562500748, ""colsample_bytree"": 0.7093461147529254, ""reg_alpha"": 5.67824152945882e-06, ""reg_lambda"": 6.933553720695826}",no_improvement,WARN,,3.727789208759076,2.29611970238023,0.9449848573419452,0.9178778300215517,2.808247802834561,1.7026866274551296,0.9695799005468266,0.9415951547553459,0.2824427480916031,0,0,188,65,188,82
219,XGBRegressor,XGBoost,"{""n_estimators"": 400, ""learning_rate"": 0.15103132700906563, ""max_depth"": 7, ""min_child_weight"": 5.070569563312445, ""subsample"": 0.9582438053978911, ""colsample_bytree"": 0.6325229309491831, ""reg_alpha"": 7.2741102411229305e-06, ""reg_lambda"": 7.94120131826762}",no_improvement,WARN,,3.709556302385007,2.275410203067219,0.9455117367249766,0.9184103825466357,2.7430376222103017,1.6964048410202117,0.9709762648399243,0.9429704973037685,0.2824427480916031,0,0,188,66,188,82
220,XGBRegressor,XGBoost,"{""n_estimators"": 300, ""learning_rate"": 0.05, ""max_depth"": 5, ""min_child_weight"": 4.7459001259067986, ""subsample"": 0.8, ""colsample_bytree"": 0.8, ""reg_alpha"": 0.01, ""reg_lambda"": 4.358249349503653}",no_improvement,WARN,,3.821977877808563,2.5535520432192285,0.9421594837833938,0.9142457546416811,3.2290631095001325,2.272505522994972,0.959779928332187,0.9294931322642414,0.2824427480916031,0,0,188,65,188,81
221,LGBMRegressor,LightGBM,"{""n_estimators"": 100, ""learning_rate"": 0.027737652003990726, ""num_leaves"": 26, ""min_child_samples"": 20, ""subsample"": 0.6183590019450372, ""colsample_bytree"": 0.8760523840149158, ""reg_lambda"": 0.006863603130682798}",no_improvement,WARN,,4.866721634815812,3.6209974698631036,0.9062803792754673,0.8826972680348825,4.661998662707423,3.4976679579197074,0.9161633216053308,0.8892501018674943,0.2824427480916031,0,0,188,67,188,83
222,XGBRegressor,XGBoost,"{""n_estimators"": 450, ""learning_rate"": 0.1136755259664111, ""max_depth"": 7, ""min_child_weight"": 5.320458628662061, ""subsample"": 0.7292578645379495, ""colsample_bytree"": 0.6213122166129563, ""reg_alpha"": 1.4627240716483285e-05, ""reg_lambda"": 6.153469615269195}",no_improvement,WARN,,3.5918868708094913,2.2339998159957886,0.9488372351046799,0.9213037789322122,2.548319490535137,1.6516992063978027,0.9749505885793132,0.9471652957113585,0.2824427480916031,0,0,188,63,188,79
223,XGBRegressor,XGBoost,"{""n_estimators"": 400, ""learning_rate"": 0.11693556927627066, ""max_depth"": 7, ""min_child_weight"": 5.593101717652125, ""subsample"": 0.7337327684076735, ""colsample_bytree"": 0.6401784046906718, ""reg_alpha"": 1.1790136200380923e-05, ""reg_lambda"": 6.189536901671384}",no_improvement,WARN,,3.6366110024549263,2.260907930687915,0.9476786284240021,0.9201725627782206,2.703290904092283,1.6924729888470087,0.9718112810060234,0.9438045463858017,0.2824427480916031,0,0,188,65,188,80
224,XGBRegressor,XGBoost,"{""n_estimators"": 500, ""learning_rate"": 0.09998085708959754, ""max_depth"": 7, ""min_child_weight"": 5.387528552987575, ""subsample"": 0.723664102294949, ""colsample_bytree"": 0.6145740767537916, ""reg_alpha"": 4.828034431148432e-06, ""reg_lambda"": 5.266565658519497}",no_improvement,WARN,,3.575862958366879,2.2242266766735015,0.9493600157677038,0.9217421242060734,2.5650921187047753,1.6358042999502278,0.9746197610462938,0.946918963772608,0.2824427480916031,0,0,188,68,188,84
225,XGBRegressor,XGBoost,"{""n_estimators"": 500, ""learning_rate"": 0.1263880477382486, ""max_depth"": 7, ""min_child_weight"": 5.8310728131098655, ""subsample"": 0.8139840838695025, ""colsample_bytree"": 0.6149956849813306, ""reg_alpha"": 4.8800048806508734e-06, ""reg_lambda"": 3.84066665062163}",no_improvement,WARN,,3.6278545706409266,2.255057865939804,0.9477440652607401,0.9203489062851926,2.5982041307597514,1.5911622385270838,0.9739602798920219,0.9465056742853044,0.2824427480916031,0,0,188,63,188,80
226,XGBRegressor,XGBoost,"{""n_estimators"": 400, ""learning_rate"": 0.16438867549208502, ""max_depth"": 7, ""min_child_weight"": 5.344808545414512, ""subsample"": 0.7389309353937137, ""colsample_bytree"": 0.6226111113695643, ""reg_alpha"": 1.58905045459603e-05, ""reg_lambda"": 5.142269360736187}",no_improvement,WARN,,3.6913894717157247,2.289253517056905,0.9461132435132418,0.9187691978778387,2.6346136169848378,1.6870926167203266,0.9732253601164028,0.945229076266106,0.2824427480916031,0,0,188,65,188,81
227,XGBRegressor,XGBoost,"{""n_estimators"": 450, ""learning_rate"": 0.09891500602324793, ""max_depth"": 7, ""min_child_weight"": 7.916067463396122, ""subsample"": 0.7531262582034985, ""colsample_bytree"": 0.6006448776292123, ""reg_alpha"": 2.4062662773260057e-06, ""reg_lambda"": 5.80807776100309}",no_improvement,WARN,,3.5765390104515076,2.2272399831925265,0.9492854920036866,0.9216931968995915,2.6577004441976633,1.667240531227214,0.9727540577338856,0.9448737825361164,0.2824427480916031,0,0,188,63,188,79
228,XGBRegressor,XGBoost,"{""n_estimators"": 500, ""learning_rate"": 0.09746917148957603, ""max_depth"": 6, ""min_child_weight"": 5.694780706906246, ""subsample"": 0.7486046728178732, ""colsample_bytree"": 0.6034351228560235, ""reg_alpha"": 2.3827613689616864e-06, ""reg_lambda"": 4.508677719749495}",no_improvement,WARN,,3.613965570158355,2.2534030202844804,0.9482172268774477,0.9206963539849992,2.5215347735264086,1.6574328617268033,0.9754743968021048,0.9476683219548293,0.2824427480916031,0,0,188,64,188,80
229,XGBRegressor,XGBoost,"{""n_estimators"": 500, ""learning_rate"": 0.08931129310469607, ""max_depth"": 7, ""min_child_weight"": 7.7818369968972085, ""subsample"": 0.7525547278372928, ""colsample_bytree"": 0.615351408406561, ""reg_alpha"": 1.5906553848366517e-06, ""reg_lambda"": 7.180828084098801}",no_improvement,WARN,,3.5781219415296603,2.246504697968773,0.9493002195904892,0.9215664315708473,2.6493746712798627,1.70958337896178,0.972924496966492,0.9448032981669998,0.2824427480916031,0,0,188,63,188,79
230,XGBRegressor,XGBoost,"{""n_estimators"": 300, ""learning_rate"": 0.05, ""max_depth"": 5, ""min_child_weight"": 7.6778166304934485, ""subsample"": 0.8, ""colsample_bytree"": 0.8, ""reg_alpha"": 0.01, ""reg_lambda"": 6.972891514013048}",no_improvement,WARN,,3.89885245770554,2.6605583215195887,0.9398394033697617,0.9118595613329441,3.3292682510003937,2.378644392898741,0.9572449565151847,0.9267178800098301,0.2824427480916031,0,0,188,67,188,83
231,XGBRegressor,XGBoost,"{""n_estimators"": 500, ""learning_rate"": 0.10745238410719679, ""max_depth"": 7, ""min_child_weight"": 8.179573121760884, ""subsample"": 0.7531173550929673, ""colsample_bytree"": 0.6151525737725639, ""reg_alpha"": 1.2126482001715985e-06, ""reg_lambda"": 5.236901546865383}",no_improvement,WARN,,3.557800946407771,2.2115686385373756,0.9499073547915687,0.9222329176278778,2.693590876594492,1.7081147194706408,0.972013213237418,0.9439137554049976,0.2824427480916031,0,0,188,65,188,82
232,XGBRegressor,XGBoost,"{""n_estimators"": 500, ""learning_rate"": 0.09139988322439942, ""max_depth"": 7, ""min_child_weight"": 8.030940015187225, ""subsample"": 0.7530818293161493, ""colsample_bytree"": 0.6148555698655246, ""reg_alpha"": 1.4069841200488715e-06, ""reg_lambda"": 5.365235313542759}",no_improvement,WARN,,3.601076701757625,2.2556329969956677,0.9485656844304377,0.9209703201100184,2.5092782874698076,1.6293478377462671,0.9757122417490991,0.948071425746977,0.2824427480916031,0,0,188,68,188,83
233,XGBRegressor,XGBoost,"{""n_estimators"": 500, ""learning_rate"": 0.10627925895863537, ""max_depth"": 7, ""min_child_weight"": 7.904465823353199, ""subsample"": 0.7699555154567422, ""colsample_bytree"": 0.60179175860213, ""reg_alpha"": 1.1226659579329085e-06, ""reg_lambda"": 3.2330420005060096}",no_improvement,WARN,,3.639707157395448,2.236360247715076,0.9476082081377118,0.9202463827604502,2.6770663249837616,1.7064845404138718,0.9723555447594461,0.9442590359520235,0.2824427480916031,0,0,188,64,188,80
234,XGBRegressor,XGBoost,"{""n_estimators"": 500, ""learning_rate"": 0.09963092254589968, ""max_depth"": 7, ""min_child_weight"": 8.262426690238449, ""subsample"": 0.7530354939897803, ""colsample_bytree"": 0.6240542398422338, ""reg_alpha"": 2.704762306913038e-06, ""reg_lambda"": 6.575692634621862}",no_improvement,WARN,,3.575813199769064,2.251256931775089,0.9493146447178298,0.9215765190462019,2.561517178953585,1.6376157266871398,0.9746904560500445,0.94698042731248,0.2824427480916031,0,0,188,64,188,80
235,XGBRegressor,XGBoost,"{""n_estimators"": 500, ""learning_rate"": 0.09964692386632945, ""max_depth"": 7, ""min_child_weight"": 8.498044275618405, ""subsample"": 0.756126339288078, ""colsample_bytree"": 0.6264316908936554, ""reg_alpha"": 2.8603581824922916e-06, ""reg_lambda"": 4.581504488757396}",no_improvement,WARN,,3.6178102552839055,2.2585913332378906,0.9482048182112127,0.9206090245820908,2.6694626314268763,1.673575636908082,0.9725123592902545,0.9445993709822273,0.2824427480916031,0,0,188,66,188,82
236,XGBRegressor,XGBoost,"{""n_estimators"": 500, ""learning_rate"": 0.0887465900834935, ""max_depth"": 7, ""min_child_weight"": 8.213918164166861, ""subsample"": 0.7420107475850939, ""colsample_bytree"": 0.6201602032323965, ""reg_alpha"": 1.8669061247974915e-06, ""reg_lambda"": 5.893545162810731}",no_improvement,WARN,,3.575331432629291,2.242469301659077,0.9493446071920191,0.9216419538514135,2.626902460501304,1.686947880860747,0.9733818622246231,0.9453857472315851,0.2824427480916031,0,0,188,64,188,80
237,ExtraTreesRegressor,ExtraTrees,"{""n_estimators"": 400, ""max_depth"": null, ""min_samples_split"": 5, ""min_samples_leaf"": 4, ""max_features"": ""log2""}",no_improvement,WARN,,5.0575300015233955,3.7494284707530454,0.8989489702533818,0.8770775878216428,4.684471805360507,3.4501109428425853,0.9153531048490368,0.8889583086122022,0.2824427480916031,0,0,188,65,188,81
238,XGBRegressor,XGBoost,"{""n_estimators"": 500, ""learning_rate"": 0.07647796388299191, ""max_depth"": 7, ""min_child_weight"": 8.227052803482284, ""subsample"": 0.7417104569382719, ""colsample_bytree"": 0.6207125623511499, ""reg_alpha"": 1.8551599581705245e-06, ""reg_lambda"": 3.744419284929293}",no_improvement,WARN,,3.6322833179150074,2.273124686925718,0.9477419040837587,0.9201836506074476,2.661946344910226,1.7443513491091591,0.9726669328112378,0.9443520746772458,0.2824427480916031,0,0,188,66,188,82
239,XGBRegressor,XGBoost,"{""n_estimators"": 500, ""learning_rate"": 0.0891841910260566, ""max_depth"": 7, ""min_child_weight"": 8.322845129691247, ""subsample"": 0.7499812497759943, ""colsample_bytree"": 0.6125357827731623, ""reg_alpha"": 1.923225858969186e-06, ""reg_lambda"": 0.11124524916687242}",no_improvement,WARN,,3.703593325836329,2.3130651158464044,0.945651206713619,0.9183237208371196,2.660300190619076,1.7214990893167064,0.972700728032986,0.9445145561290373,0.2824427480916031,0,0,188,65,188,81
240,XGBRegressor,XGBoost,"{""n_estimators"": 300, ""learning_rate"": 0.05, ""max_depth"": 5, ""min_child_weight"": 7.993189533797133, ""subsample"": 0.8, ""colsample_bytree"": 0.8, ""reg_alpha"": 0.01, ""reg_lambda"": 5.3745134220010025}",no_improvement,WARN,,3.9031017877351553,2.652288592941648,0.9396764920138345,0.9117973922277818,3.348842350839916,2.395964948188551,0.9567407305793588,0.9261923266625204,0.2824427480916031,0,0,188,66,188,82
241,XGBRegressor,XGBoost,"{""n_estimators"": 500, ""learning_rate"": 0.09835815222067928, ""max_depth"": 7, ""min_child_weight"": 8.230216187636655, ""subsample"": 0.7442495922164034, ""colsample_bytree"": 0.6285900071030622, ""reg_alpha"": 1.5196629626969727e-06, ""reg_lambda"": 6.860641847501462}",no_improvement,WARN,,3.5880777670839175,2.248490059193082,0.9490840160403111,0.9213497514072561,2.6498513804583763,1.7190512600247938,0.9729147525523423,0.9447401574075138,0.2824427480916031,0,0,188,67,188,83
242,XGBRegressor,XGBoost,"{""n_estimators"": 500, ""learning_rate"": 0.09741086258491939, ""max_depth"": 7, ""min_child_weight"": 8.139203541684259, ""subsample"": 0.7372145387098835, ""colsample_bytree"": 0.6285758397438441, ""reg_alpha"": 1.4308169033611077e-06, ""reg_lambda"": 7.014942989876983}",no_improvement,WARN,,3.6039679832917244,2.254176776224255,0.9485014198597407,0.9209184342380679,2.6163114515037154,1.673376075302429,0.97359606479966,0.9456762506022456,0.2824427480916031,0,0,188,63,188,80
243,XGBRegressor,XGBoost,"{""n_estimators"": 500, ""learning_rate"": 0.08845795925449877, ""max_depth"": 7, ""min_child_weight"": 8.664175581352678, ""subsample"": 0.7611762428498872, ""colsample_bytree"": 0.6006737972696327, ""reg_alpha"": 2.5512250893375453e-06, ""reg_lambda"": 6.457807029918528}",no_improvement,WARN,,3.605111185199914,2.2561276156750436,0.9485522801081808,0.9209065266780281,2.641563599959033,1.6845212246713208,0.9730839133938323,0.9451030154506395,0.2824427480916031,0,0,188,64,188,80
244,XGBRegressor,XGBoost,"{""n_estimators"": 500, ""learning_rate"": 0.10426317748641027, ""max_depth"": 7, ""min_child_weight"": 8.366528994171293, ""subsample"": 0.7415191327333565, ""colsample_bytree"": 0.6189384550603038, ""reg_alpha"": 3.8792265387305375e-06, ""reg_lambda"": 4.813328438708789}",no_improvement,WARN,,3.5739295801792736,2.220507159661569,0.9494334845042463,0.9218124813543705,2.7165585404032684,1.7251541013197498,0.9715339039368982,0.9433493389821003,0.2824427480916031,0,0,188,67,188,83
245,XGBRegressor,XGBoost,"{""n_estimators"": 500, ""learning_rate"": 0.10557352020457161, ""max_depth"": 7, ""min_child_weight"": 8.182775939506632, ""subsample"": 0.7497903529344997, ""colsample_bytree"": 0.6199222063968647, ""reg_alpha"": 3.4023689239735223e-06, ""reg_lambda"": 4.982216473981124}",no_improvement,WARN,,3.5669203310516027,2.2325972848731372,0.9495614268384653,0.9218815555931531,2.6264942288042628,1.6606500949777967,0.9733901347230351,0.9455425531159639,0.2824427480916031,0,0,188,64,188,80
246,XGBRegressor,XGBoost,"{""n_estimators"": 500, ""learning_rate"": 0.10431661495603226, ""max_depth"": 7, ""min_child_weight"": 7.924838191124507, ""subsample"": 0.746083131090402, ""colsample_bytree"": 0.6322489984073164, ""reg_alpha"": 1.016705816322587e-06, ""reg_lambda"": 4.091426951323355}",no_improvement,WARN,,3.5679602819477623,2.2125867611073797,0.9496647981006838,0.9220109214286079,2.642732990363632,1.6477936788057772,0.9730600772232307,0.9452868271190253,0.2824427480916031,0,0,188,64,188,81
247,XGBRegressor,XGBoost,"{""n_estimators"": 500, ""learning_rate"": 0.09482608562050608, ""max_depth"": 7, ""min_child_weight"": 7.723478221608055, ""subsample"": 0.7554223613863357, ""colsample_bytree"": 0.6329050849135975, ""reg_alpha"": 1.264968107989788e-06, ""reg_lambda"": 4.059543979200215}",no_improvement,WARN,,3.5958271025729376,2.2221273820184138,0.9487560626268096,0.9212908488444185,2.5713813751920163,1.655442764700259,0.9744951506917232,0.9466818194717789,0.2824427480916031,0,0,188,64,188,80
248,XGBRegressor,XGBoost,"{""n_estimators"": 500, ""learning_rate"": 0.10505383474009025, ""max_depth"": 7, ""min_child_weight"": 8.31691839913715, ""subsample"": 0.7503533411417095, ""colsample_bytree"": 0.626868161099692, ""reg_alpha"": 3.556374085617904e-06, ""reg_lambda"": 2.956951086955015}",no_improvement,WARN,,3.6397188302796364,2.2780985336131847,0.9475486863417997,0.91999257768115,2.6038011638532237,1.68792429714399,0.973847969889064,0.9458463174085201,0.2824427480916031,0,0,188,67,188,83
249,RandomForestRegressor,RandomForest,"{""n_estimators"": 500, ""max_depth"": null, ""min_samples_split"": 9, ""min_samples_leaf"": 2, ""max_features"": null}",no_improvement,WARN,,4.786142635496691,3.3893817543395377,0.909130199043455,0.8859986307074013,4.473347462697792,3.1196701199803964,0.9228110666189191,0.8960440453997705,0.2824427480916031,0,0,188,66,188,82
250,XGBRegressor,XGBoost,"{""n_estimators"": 300, ""learning_rate"": 0.05, ""max_depth"": 5, ""min_child_weight"": 7.907100736238908, ""subsample"": 0.8, ""colsample_bytree"": 0.8, ""reg_alpha"": 0.01, ""reg_lambda"": 4.669514050790507}",no_improvement,WARN,,3.8537882804790575,2.602477877988128,0.9411798260308959,0.913226220213914,3.3025649280789193,2.3583741042608803,0.9579280634195615,0.9274144451900284,0.2824427480916031,0,0,188,65,188,81
251,XGBRegressor,XGBoost,"{""n_estimators"": 500, ""learning_rate"": 0.0854450152987264, ""max_depth"": 9, ""min_child_weight"": 8.151913023642864, ""subsample"": 0.7442634613578364, ""colsample_bytree"": 0.617128370053601, ""reg_alpha"": 1.6152115375374806e-06, ""reg_lambda"": 3.6769858248175087}",no_improvement,WARN,,3.598182326066084,2.233253819711744,0.9486533175009445,0.9211639087407919,2.6313241238193616,1.669158554599213,0.9732921782718589,0.9453968896728645,0.2824427480916031,0,0,188,66,188,82
252,HistGradientBoostingRegressor,HistGradientBoosting,"{""learning_rate"": 0.11297467410472647, ""max_depth"": null, ""max_leaf_nodes"": 15, ""min_samples_leaf"": 10, ""l2_regularization"": 0.011241698653877008}",no_improvement,WARN,,3.9249695011092895,2.7147775609781215,0.939086141220886,0.9109584484898101,3.4346102365015665,2.4753359503806562,0.9544965113877862,0.9238594082164551,0.2824427480916031,0,0,188,64,188,81
253,XGBRegressor,XGBoost,"{""n_estimators"": 500, ""learning_rate"": 0.0991097228012922, ""max_depth"": 7, ""min_child_weight"": 8.470164943425912, ""subsample"": 0.7452409691871342, ""colsample_bytree"": 0.6334902386536021, ""reg_alpha"": 2.276403767092445e-06, ""reg_lambda"": 4.881418451579971}",no_improvement,WARN,,3.6500787551667444,2.275694760361163,0.9472452550896928,0.919768816867555,2.6663264009072094,1.6952797496334464,0.9725769093131749,0.944540419506577,0.2824427480916031,0,0,188,65,188,81
254,CatBoostRegressor,CatBoost,"{""iterations"": 800, ""learning_rate"": 0.0858166044793487, ""depth"": 9, ""l2_leaf_reg"": 7.802519422227435, ""bagging_temperature"": 3.5705611608905876, ""random_strength"": 1.4922175594481586}",no_improvement,WARN,,3.724977642678488,2.2778502184480884,0.9448425591460033,0.9179780537108134,2.6116536979911795,1.6528428377580722,0.9736899936398691,0.9458862038059683,0.2824427480916031,0,0,188,63,188,79
255,XGBRegressor,XGBoost,"{""n_estimators"": 500, ""learning_rate"": 0.07920248584973306, ""max_depth"": 7, ""min_child_weight"": 8.217017749759856, ""subsample"": 0.7626486087462175, ""colsample_bytree"": 0.6209797310376662, ""reg_alpha"": 1.0389007053428644e-06, ""reg_lambda"": 5.33688793282334}",no_improvement,WARN,,3.638905832719394,2.2978685808995745,0.9475598853539544,0.9198957361989594,2.7208123511413325,1.7657192269770963,0.97144468503058,0.9430333414311733,0.2824427480916031,0,0,188,65,188,81
256,XGBRegressor,XGBoost,"{""n_estimators"": 500, ""learning_rate"": 0.09232308023890984, ""max_depth"": 7, ""min_child_weight"": 8.011562111794563, ""subsample"": 0.7367024540968442, ""colsample_bytree"": 0.6141745494063661, ""reg_alpha"": 3.1850869005627163e-06, ""reg_lambda"": 3.950514851513404}",no_improvement,WARN,,3.58942553761622,2.2423554497746485,0.9489956096162544,0.9213388502716113,2.5818239699868384,1.6579295522039676,0.9742875754038052,0.9464580206619935,0.2824427480916031,0,0,188,66,188,82
257,XGBRegressor,XGBoost,"{""n_estimators"": 500, ""learning_rate"": 0.1067276804163236, ""max_depth"": 6, ""min_child_weight"": 7.576161021481945, ""subsample"": 0.7550364242860628, ""colsample_bytree"": 0.6253356466663463, ""reg_alpha"": 1.5990997763829352e-06, ""reg_lambda"": 4.6643532914408}",no_improvement,WARN,,3.6309649772808754,2.27237103839574,0.9477851703825472,0.9202195065220227,2.7162118198827083,1.740201132209885,0.9715411698578399,0.9432714132449939,0.2824427480916031,0,0,188,62,188,78
258,XGBRegressor,XGBoost,"{""n_estimators"": 500, ""learning_rate"": 0.10076148775151257, ""max_depth"": 8, ""min_child_weight"": 8.359790063492452, ""subsample"": 0.9375146411510649, ""colsample_bytree"": 0.634580816702733, ""reg_alpha"": 4.15907338018303e-06, ""reg_lambda"": 5.637963418323873}",no_improvement,WARN,,3.664338945110393,2.243973823733088,0.9468846020497992,0.9196384226071463,2.7626984120811593,1.6569914277222633,0.9705587171152155,0.9427902188940898,0.2824427480916031,0,0,188,64,188,81
259,XGBRegressor,XGBoost,"{""n_estimators"": 500, ""learning_rate"": 0.108843828213019, ""max_depth"": 7, ""min_child_weight"": 7.383294304455494, ""subsample"": 0.7436927953408943, ""colsample_bytree"": 0.9214922495272269, ""reg_alpha"": 2.3274334294417467e-06, ""reg_lambda"": 2.9662428888097647}",no_improvement,WARN,,3.614595509160069,2.261651981636457,0.9483249347726279,0.9206731706898942,2.635327210493189,1.6964628622650726,0.9732108541588118,0.9451617131389773,0.2824427480916031,0,0,188,64,188,80
260,XGBRegressor,XGBoost,"{""n_estimators"": 300, ""learning_rate"": 0.05, ""max_depth"": 5, ""min_child_weight"": 8.76300711422744, ""subsample"": 0.8, ""colsample_bytree"": 0.8, ""reg_alpha"": 0.01, ""reg_lambda"": 4.249623068268712}",no_improvement,WARN,,3.865082919428622,2.6205402960090303,0.9408366072246427,0.9128617068746333,3.3640438845031735,2.3949995888088664,0.9563471021414187,0.9258650041396359,0.2824427480916031,0,0,188,66,188,82
261,XGBRegressor,XGBoost,"{""n_estimators"": 500, ""learning_rate"": 0.09341165089488343, ""max_depth"": 7, ""min_child_weight"": 8.072127257743238, ""subsample"": 0.7345284721208268, ""colsample_bytree"": 0.7297019147432142, ""reg_alpha"": 3.049318570067726e-06, ""reg_lambda"": 6.415938054917965}",no_improvement,WARN,,3.6060508223411616,2.2524785065058963,0.9483880112288461,0.9208645899344201,2.627311799976494,1.6850935671839657,0.973373565987028,0.9453879525633602,0.2824427480916031,0,0,188,64,188,81
262,LGBMRegressor,LightGBM,"{""n_estimators"": 450, ""learning_rate"": 0.084597705492881, ""num_leaves"": 41, ""min_child_samples"": 25, ""subsample"": 0.8954613100942407, ""colsample_bytree"": 0.7129175781446402, ""reg_lambda"": 1.1372312197621912}",no_improvement,WARN,,3.6445885802276385,2.2478654128416897,0.9472360648775876,0.920000806875875,2.924596204098219,1.8822166381696386,0.9670070158805666,0.9381659477038942,0.2824427480916031,0,0,188,67,188,84
263,XGBRegressor,XGBoost,"{""n_estimators"": 500, ""learning_rate"": 0.10363060583045777, ""max_depth"": 7, ""min_child_weight"": 7.836704741152243, ""subsample"": 0.7678568405412074, ""colsample_bytree"": 0.762477858072869, ""reg_alpha"": 1.0459039600144347e-06, ""reg_lambda"": 5.225722739240402}",no_improvement,WARN,,3.598539140375819,2.24678153936794,0.9486609569447463,0.9210847419554751,2.5831444011321922,1.646173477274489,0.9742612682902164,0.9464978916389755,0.2824427480916031,0,0,188,65,188,81
264,XGBRegressor,XGBoost,"{""n_estimators"": 500, ""learning_rate"": 0.05820806623787367, ""max_depth"": 7, ""min_child_weight"": 8.564483971850585, ""subsample"": 0.7480025361298948, ""colsample_bytree"": 0.6131000072628081, ""reg_alpha"": 1.8334982547197342e-06, ""reg_lambda"": 3.416207833372872}",no_improvement,WARN,,3.634313258630468,2.2882317137881345,0.9476398236590822,0.9200390170600716,2.669371683996306,1.7533019269965644,0.972514232242271,0.9441508356313073,0.2824427480916031,0,0,188,66,188,82
265,XGBRegressor,XGBoost,"{""n_estimators"": 500, ""learning_rate"": 0.09719418506675231, ""max_depth"": 7, ""min_child_weight"": 8.924242424163321, ""subsample"": 0.7224078504163286, ""colsample_bytree"": 0.6475795182074261, ""reg_alpha"": 4.108482486012003e-06, ""reg_lambda"": 0.8409690215757304}",no_improvement,WARN,,3.600102732706701,2.245740078607917,0.948649554472255,0.9210651223104802,2.630780704093344,1.7089571625192725,0.9733032085044087,0.9451830470660656,0.2824427480916031,0,0,188,67,188,83
266,XGBRegressor,XGBoost,"{""n_estimators"": 500, ""learning_rate"": 0.11027109950301271, ""max_depth"": 7, ""min_child_weight"": 8.247505011537339, ""subsample"": 0.735226016796022, ""colsample_bytree"": 0.6299380624858819, ""reg_alpha"": 0.0007726488406314789, ""reg_lambda"": 7.317561198824058}",no_improvement,WARN,,3.6261398826182174,2.2634005559646515,0.9479273005917175,0.9203809643107119,2.563577024777637,1.679250709541572,0.9746497343086159,0.9467039199919979,0.2824427480916031,0,0,188,66,188,82
267,XGBRegressor,XGBoost,"{""n_estimators"": 500, ""learning_rate"": 0.08314056772726608, ""max_depth"": 8, ""min_child_weight"": 7.980548039230638, ""subsample"": 0.760804176493237, ""colsample_bytree"": 0.6194818503385641, ""reg_alpha"": 1.427640460984356e-06, ""reg_lambda"": 5.619836638632562}",no_improvement,WARN,,3.709792169179894,2.2690839676292094,0.9454354488422831,0.9184199026219326,2.6139392025721504,1.6688036148840493,0.9736439247822397,0.9457499415457826,0.2824427480916031,0,0,188,62,188,78
268,XGBRegressor,XGBoost,"{""n_estimators"": 500, ""learning_rate"": 0.10552735858645926, ""max_depth"": 7, ""min_child_weight"": 7.810979714634936, ""subsample"": 0.7432468900916887, ""colsample_bytree"": 0.6511271782679026, ""reg_alpha"": 2.3102156918991773e-06, ""reg_lambda"": 8.345530431984962}",no_improvement,WARN,,3.603195774785253,2.225201716176587,0.9484669168301482,0.9210826720015551,2.473824877408819,1.5489985196196085,0.9763937131996742,0.9492304679049438,0.2824427480916031,0,0,188,64,188,80
269,XGBRegressor,XGBoost,"{""n_estimators"": 500, ""learning_rate"": 0.09750271296437948, ""max_depth"": 7, ""min_child_weight"": 8.316922106219588, ""subsample"": 0.8549807923478574, ""colsample_bytree"": 0.6097573358538388, ""reg_alpha"": 4.99811302133993e-06, ""reg_lambda"": 6.704576790071515}",no_improvement,WARN,,3.586514310280598,2.2267107352640454,0.9490876976719184,0.9214959697460204,2.733305813994872,1.7328927783770727,0.9711818415879833,0.9429634862342418,0.2824427480916031,0,0,188,65,188,81
270,XGBRegressor,XGBoost,"{""n_estimators"": 300, ""learning_rate"": 0.05, ""max_depth"": 5, ""min_child_weight"": 8.384492656600086, ""subsample"": 0.8, ""colsample_bytree"": 0.8, ""reg_alpha"": 0.01, ""reg_lambda"": 4.730784575451254}",no_improvement,WARN,,3.8777488385912178,2.6302024319558437,0.9404406647854602,0.9125094642237429,3.329902855613573,2.372726908827044,0.9572286555555107,0.9267374558123054,0.2824427480916031,0,0,188,65,188,81
271,ExtraTreesRegressor,ExtraTrees,"{""n_estimators"": 500, ""max_depth"": 10, ""min_samples_split"": 9, ""min_samples_leaf"": 2, ""max_features"": 1.0}",no_improvement,WARN,,4.5172696024837515,3.231649039323357,0.9192338946807114,0.8937180126429176,4.143907958204285,3.0031838916457056,0.9337615783807894,0.9046398316121941,0.2824427480916031,0,0,188,65,188,81
272,XGBRegressor,XGBoost,"{""n_estimators"": 500, ""learning_rate"": 0.08920185970730814, ""max_depth"": 7, ""min_child_weight"": 8.473420471292394, ""subsample"": 0.7281879826491079, ""colsample_bytree"": 0.6373097126686897, ""reg_alpha"": 4.461662298763011e-06, ""reg_lambda"": 6.351688648471329}",no_improvement,WARN,,3.598477919844652,2.2707681738152745,0.9487532481223683,0.9209777910506339,2.5571908509990187,1.6838174981616327,0.9747758780175072,0.9468061551774563,0.2824427480916031,0,0,188,63,188,80
273,XGBRegressor,XGBoost,"{""n_estimators"": 500, ""learning_rate"": 0.09914708095351907, ""max_depth"": 7, ""min_child_weight"": 8.185214511456687, ""subsample"": 0.854663927134218, ""colsample_bytree"": 0.6106521033361958, ""reg_alpha"": 5.973284953128767e-06, ""reg_lambda"": 3.971166017190627}",no_improvement,WARN,,3.6648080257320705,2.251958624978055,0.9467338865737069,0.9195414763291925,2.637112299330943,1.7078645781376867,0.9731745495957536,0.9450612019976845,0.2824427480916031,0,0,188,65,188,81
274,XGBRegressor,XGBoost,"{""n_estimators"": 500, ""learning_rate"": 0.09440610880205183, ""max_depth"": 7, ""min_child_weight"": 8.3551915683691, ""subsample"": 0.7532519454504752, ""colsample_bytree"": 0.625182397835866, ""reg_alpha"": 2.7280777624393096e-06, ""reg_lambda"": 5.768402302420837}",no_improvement,WARN,,3.5690980922194577,2.2199265019134997,0.9495007888530509,0.9219041867300148,2.6139199956718753,1.7051171206368176,0.9736443121031445,0.9455451904261492,0.2824427480916031,0,0,188,65,188,81
275,XGBRegressor,XGBoost,"{""n_estimators"": 500, ""learning_rate"": 0.09116784135275569, ""max_depth"": 7, ""min_child_weight"": 8.424399350306642, ""subsample"": 0.7543780579943111, ""colsample_bytree"": 0.7048691065879982, ""reg_alpha"": 3.172203949068335e-06, ""reg_lambda"": 5.529988807006961}",no_improvement,WARN,,3.6182897281658066,2.274787178346966,0.9481244122133514,0.9204866393849565,2.684476533119831,1.69948037736203,0.972202291414447,0.9441479746666006,0.2824427480916031,0,0,188,67,188,82
276,XGBRegressor,XGBoost,"{""n_estimators"": 500, ""learning_rate"": 0.11096316076218687, ""max_depth"": 7, ""min_child_weight"": 8.601889993238295, ""subsample"": 0.8783584644909077, ""colsample_bytree"": 0.6202984571061578, ""reg_alpha"": 3.970551572839831e-06, ""reg_lambda"": 4.493862243285232}",no_improvement,WARN,,3.662044250863822,2.2424398017818463,0.9468505074302513,0.9196692674467921,2.6096075516346207,1.6467982326456991,0.9737312035713752,0.9459616105606334,0.2824427480916031,0,0,188,64,188,80
277,XGBRegressor,XGBoost,"{""n_estimators"": 500, ""learning_rate"": 0.08438795370806274, ""max_depth"": 7, ""min_child_weight"": 8.70818347320704, ""subsample"": 0.8365762717530341, ""colsample_bytree"": 0.6127217460717912, ""reg_alpha"": 5.060273880852341e-06, ""reg_lambda"": 3.4526135027328633}",no_improvement,WARN,,3.6172716644338543,2.2522349623196405,0.9481898519839251,0.9206480488610636,2.566020129397736,1.6652656657533527,0.9746013933677632,0.9467339172528443,0.2824427480916031,0,0,188,66,188,82
278,XGBRegressor,XGBoost,"{""n_estimators"": 500, ""learning_rate"": 0.115346778599007, ""max_depth"": 8, ""min_child_weight"": 8.06939155910885, ""subsample"": 0.7711077369891896, ""colsample_bytree"": 0.6250780879732942, ""reg_alpha"": 7.661611122984774e-06, ""reg_lambda"": 5.716927097279521}",no_improvement,WARN,,3.6244338133366982,2.2835631009976787,0.94802786247475,0.9203213270566153,2.7031262127019424,1.6840722492766562,0.9718147155589983,0.9438553592515223,0.2824427480916031,0,0,188,61,188,78
279,RandomForestRegressor,RandomForest,"{""n_estimators"": 200, ""max_depth"": 6, ""min_samples_split"": 8, ""min_samples_leaf"": 4, ""max_features"": ""log2""}",no_improvement,WARN,,5.300365740512216,3.9747781924364896,0.8889829607594859,0.8693852546947908,5.0095533902114315,3.835251545266299,0.903197228140816,0.8785448036931217,0.2824427480916031,0,0,188,67,188,83
280,XGBRegressor,XGBoost,"{""n_estimators"": 300, ""learning_rate"": 0.05, ""max_depth"": 5, ""min_child_weight"": 7.847796276831378, ""subsample"": 0.8, ""colsample_bytree"": 0.8, ""reg_alpha"": 0.01, ""reg_lambda"": 0.0481099781830653}",no_improvement,WARN,,3.7790169564317493,2.5255742483973025,0.9434316275070218,0.9153921732658384,3.191063224442436,2.2498792853983267,0.960720984685572,0.9304399297467486,0.2824427480916031,0,0,188,67,188,83
281,HistGradientBoostingRegressor,HistGradientBoosting,"{""learning_rate"": 0.04039057865773449, ""max_depth"": 5, ""max_leaf_nodes"": 32, ""min_samples_leaf"": 23, ""l2_regularization"": 0.0014719362980742648}",no_improvement,WARN,,4.692140569591386,3.462615856005891,0.9129528915803368,0.8880592991348084,4.426011047249521,3.2619233899275955,0.9244360309954678,0.8963964521631402,0.2824427480916031,0,0,188,67,188,85
282,XGBRegressor,XGBoost,"{""n_estimators"": 500, ""learning_rate"": 0.20215112078975503, ""max_depth"": 7, ""min_child_weight"": 7.503756852698295, ""subsample"": 0.8949524310409974, ""colsample_bytree"": 0.6421950759475928, ""reg_alpha"": 0.0003713200251370644, ""reg_lambda"": 7.766485249309318}",no_improvement,WARN,,3.636984191064623,2.2968676343728256,0.9475883212728077,0.9199370602774849,2.7303965990476313,1.65009089125905,0.9712431545957348,0.9434907222553974,0.2824427480916031,0,0,188,63,188,79
283,XGBRegressor,XGBoost,"{""n_estimators"": 500, ""learning_rate"": 0.1028499416189877, ""max_depth"": 7, ""min_child_weight"": 8.185396947716729, ""subsample"": 0.7129625641675359, ""colsample_bytree"": 0.608724906356646, ""reg_alpha"": 2.914558517425751e-06, ""reg_lambda"": 4.473166776088925}",no_improvement,WARN,,3.570471373282177,2.2175174324742337,0.9494672055408163,0.921888326306944,2.6126848483576315,1.6500037953323503,0.9736692137574069,0.9458814451965616,0.2824427480916031,0,0,188,64,188,80
284,XGBRegressor,XGBoost,"{""n_estimators"": 500, ""learning_rate"": 0.1056078396023479, ""max_depth"": 7, ""min_child_weight"": 8.320330699512354, ""subsample"": 0.7146038895171397, ""colsample_bytree"": 0.606418895934355, ""reg_alpha"": 2.595108639701611e-06, ""reg_lambda"": 4.2184260295648}",no_improvement,WARN,,3.59088539200181,2.242293906946782,0.948934105371101,0.9213001295065907,2.725127964966753,1.7537952790846192,0.9713540272198458,0.9430125553251123,0.2824427480916031,0,0,188,65,188,80
285,CatBoostRegressor,CatBoost,"{""iterations"": 400, ""learning_rate"": 0.01682626903189199, ""depth"": 7, ""l2_leaf_reg"": 3.9351686376066346, ""bagging_temperature"": 2.092998176942029, ""random_strength"": 1.9853658447363365}",no_improvement,WARN,,4.703982819863253,3.500740829083111,0.9125672860584284,0.8875610006558771,4.439057518929238,3.3675912660402503,0.9239898973789775,0.8954814318317839,0.2824427480916031,0,0,188,65,188,82
286,XGBRegressor,XGBoost,"{""n_estimators"": 500, ""learning_rate"": 0.021857349010148013, ""max_depth"": 7, ""min_child_weight"": 8.118141664557182, ""subsample"": 0.7208038799010734, ""colsample_bytree"": 0.6158382175522791, ""reg_alpha"": 2.0523780912282155e-06, ""reg_lambda"": 2.571318434184381}",no_improvement,WARN,,3.822047352879106,2.537189922854587,0.9421663515866443,0.9143392650331186,3.177437651815401,2.2151508303142724,0.9610557047526558,0.9309289607336129,0.2824427480916031,0,0,188,67,188,83
287,XGBRegressor,XGBoost,"{""n_estimators"": 450, ""learning_rate"": 0.07239579497929946, ""max_depth"": 7, ""min_child_weight"": 8.523749443797849, ""subsample"": 0.6098225630419876, ""colsample_bytree"": 0.6076698007025199, ""reg_alpha"": 2.9050167817105894e-06, ""reg_lambda"": 6.225920034064805}",no_improvement,WARN,,3.6456760545021205,2.327254898971769,0.9473111913196354,0.9195595076600418,2.8343284206231925,1.9157131938512808,0.9690122447421867,0.9398531200162844,0.2824427480916031,0,0,188,67,188,82
288,XGBRegressor,XGBoost,"{""n_estimators"": 500, ""learning_rate"": 0.09804321275114145, ""max_depth"": 7, ""min_child_weight"": 8.368786111529513, ""subsample"": 0.7314404959545974, ""colsample_bytree"": 0.6003878952218049, ""reg_alpha"": 4.617405388029188e-06, ""reg_lambda"": 4.849251704957642}",no_improvement,WARN,,3.600671757026189,2.2015092575140995,0.9487021538458624,0.9213227302006459,2.737323323340416,1.7604882389808125,0.9710970634362881,0.9427254250494097,0.2824427480916031,0,0,188,65,188,81
289,XGBRegressor,XGBoost,"{""n_estimators"": 500, ""learning_rate"": 0.09252301093459031, ""max_depth"": 7, ""min_child_weight"": 7.7178480824627105, ""subsample"": 0.7104482982673656, ""colsample_bytree"": 0.6196694077717719, ""reg_alpha"": 1.7697142171166718e-06, ""reg_lambda"": 7.126840948304918}",no_improvement,WARN,,3.5720073304827458,2.244895865650386,0.9495396122223001,0.9217336929124903,2.714841074874246,1.8036225133397714,0.9715698862899447,0.942941113230858,0.2824427480916031,0,0,188,65,188,81
290,XGBRegressor,XGBoost,"{""n_estimators"": 300, ""learning_rate"": 0.05, ""max_depth"": 5, ""min_child_weight"": 7.603800716566539, ""subsample"": 0.8, ""colsample_bytree"": 0.8, ""reg_alpha"": 0.01, ""reg_lambda"": 8.418713034951226}",no_improvement,WARN,,3.920999457961115,2.6940662838534015,0.9391462390821699,0.9111495458040462,3.3642154815907075,2.3911821853573727,0.9563426486316313,0.9258828095526128,0.2824427480916031,0,0,188,67,188,83
291,XGBRegressor,XGBoost,"{""n_estimators"": 500, ""learning_rate"": 0.08776338086814406, ""max_depth"": 7, ""min_child_weight"": 7.949016450724795, ""subsample"": 0.7104874249556086, ""colsample_bytree"": 0.6152116912462915, ""reg_alpha"": 1.800213277534444e-06, ""reg_lambda"": 6.719790084252197}",no_improvement,WARN,,3.5902522726566146,2.249252916770441,0.9489942391908274,0.9212877989045283,2.7440242334145766,1.7813142793313737,0.9709553826677024,0.94247063721373,0.2824427480916031,0,0,188,64,188,80
292,LGBMRegressor,LightGBM,"{""n_estimators"": 250, ""learning_rate"": 0.013328045751199195, ""num_leaves"": 57, ""min_child_samples"": 9, ""subsample"": 0.6868539516874379, ""colsample_bytree"": 0.6237408104494752, ""reg_lambda"": 0.08303548792864554}",no_improvement,WARN,,4.264528537569161,2.9790650179827978,0.9280139830826466,0.9013483090869577,3.8798622446035473,2.783252435879748,0.9419339362829174,0.9120630040320197,0.2824427480916031,0,0,188,66,188,82
293,XGBRegressor,XGBoost,"{""n_estimators"": 500, ""learning_rate"": 0.09356445718519228, ""max_depth"": 7, ""min_child_weight"": 7.148094783770756, ""subsample"": 0.7542434474393743, ""colsample_bytree"": 0.6252149614777364, ""reg_alpha"": 1.315622455739779e-06, ""reg_lambda"": 7.293312068655602}",no_improvement,WARN,,3.605709995895231,2.2409231939682215,0.9485153461803811,0.9209728809237437,2.6482314604067785,1.6829600571577858,0.9729478582008636,0.9449768495810047,0.2824427480916031,0,0,188,64,188,80
294,XGBRegressor,XGBoost,"{""n_estimators"": 500, ""learning_rate"": 0.1025358339423385, ""max_depth"": 7, ""min_child_weight"": 7.715535832299898, ""subsample"": 0.7069861058251328, ""colsample_bytree"": 0.6079647226740803, ""reg_alpha"": 1.0152901322312216e-06, ""reg_lambda"": 8.907185875633317}",no_improvement,WARN,,3.604010593550899,2.259778420360721,0.9486191851518131,0.9209215178124478,2.609226609581049,1.7529088680569829,0.9737388722791573,0.9453698616918929,0.2824427480916031,0,0,188,65,188,81
295,XGBRegressor,XGBoost,"{""n_estimators"": 500, ""learning_rate"": 0.093492983916349, ""max_depth"": 7, ""min_child_weight"": 8.17853185958077, ""subsample"": 0.7389707476225595, ""colsample_bytree"": 0.6002149470564871, ""reg_alpha"": 2.631463857535531e-06, ""reg_lambda"": 5.834925806172768}",no_improvement,WARN,,3.564890926110588,2.225730197294589,0.9497009636452642,0.921990870260091,2.5526802180483226,1.6640650282316414,0.9748647852730788,0.9470081135262908,0.2824427480916031,0,0,188,66,188,82
296,XGBRegressor,XGBoost,"{""n_estimators"": 500, ""learning_rate"": 0.08268604265721594, ""max_depth"": 7, ""min_child_weight"": 3.3989083656559216, ""subsample"": 0.7383867130516777, ""colsample_bytree"": 0.6084088086548655, ""reg_alpha"": 2.8950521189727074e-06, ""reg_lambda"": 9.961509169015386}",no_improvement,WARN,,3.6034328813090335,2.245034890663563,0.9485942522479508,0.9210054844758289,2.6527939430018703,1.6927233679226448,0.9728545648095971,0.9448292728759309,0.2824427480916031,0,0,188,63,188,79
297,XGBRegressor,XGBoost,"{""n_estimators"": 450, ""learning_rate"": 0.10793321321524932, ""max_depth"": 6, ""min_child_weight"": 8.253383483519285, ""subsample"": 0.7652047098367687, ""colsample_bytree"": 0.600219266852465, ""reg_alpha"": 2.5851774147929286e-06, ""reg_lambda"": 6.284237908208779}",no_improvement,WARN,,3.582654518366745,2.2960153228129085,0.9491843052245625,0.9211879544333316,2.656379914610382,1.7416405714880998,0.9727811263484295,0.9444802594704753,0.2824427480916031,0,0,188,64,188,81
298,XGBRegressor,XGBoost,"{""n_estimators"": 500, ""learning_rate"": 0.09191494573852396, ""max_depth"": 7, ""min_child_weight"": 8.036984442499755, ""subsample"": 0.7765296300476449, ""colsample_bytree"": 0.618624507217972, ""reg_alpha"": 1.7894669545920144e-06, ""reg_lambda"": 3.587371905083035}",no_improvement,WARN,,3.6916098969923423,2.3035781346974837,0.9458614671718445,0.9186096307894701,2.65104975390489,1.6763241867608663,0.9728902488529582,0.9449572514182156,0.2824427480916031,0,0,188,65,188,80
299,XGBRegressor,XGBoost,"{""n_estimators"": 200, ""learning_rate"": 0.10355735158957399, ""max_depth"": 7, ""min_child_weight"": 7.7997736255348915, ""subsample"": 0.639481745351931, ""colsample_bytree"": 0.6183999618813403, ""reg_alpha"": 3.441394610730176e-06, ""reg_lambda"": 7.174120982375287}",no_improvement,WARN,,3.7395220691382995,2.4556671895795623,0.9447022462341439,0.9167260470128075,2.954527339286318,2.0172442084721687,0.9663282413328385,0.9367768214720793,0.2824427480916031,0,0,188,64,188,81
300,XGBRegressor,XGBoost,"{""n_estimators"": 300, ""learning_rate"": 0.05, ""max_depth"": 5, ""min_child_weight"": 8.651460891405769, ""subsample"": 0.8, ""colsample_bytree"": 0.8, ""reg_alpha"": 0.01, ""reg_lambda"": 5.375967139470199}",no_improvement,WARN,,3.8634835842201385,2.6454606815608757,0.9408986537855253,0.9127621301360338,3.3203595322338426,2.382324444711106,0.9574734650151075,0.9268914591587795,0.2824427480916031,0,0,188,65,188,81
301,XGBRegressor,XGBoost,"{""n_estimators"": 350, ""learning_rate"": 0.11658245999994396, ""max_depth"": 7, ""min_child_weight"": 8.275715903687784, ""subsample"": 0.7499947241996672, ""colsample_bytree"": 0.6113638165532492, ""reg_alpha"": 5.804728632429408e-06, ""reg_lambda"": 7.774381323634398}",no_improvement,WARN,,3.6184075539214233,2.2695843275312537,0.9480544080962625,0.9204933655432129,2.8476940331897755,1.847198864142076,0.9687193027790915,0.9399635224690225,0.2824427480916031,0,0,188,66,188,82
302,XGBRegressor,XGBoost,"{""n_estimators"": 500, ""learning_rate"": 0.09786465820697511, ""max_depth"": 7, ""min_child_weight"": 8.091013462431246, ""subsample"": 0.7288734032262261, ""colsample_bytree"": 0.6248622248284651, ""reg_alpha"": 2.0539498489165095e-06, ""reg_lambda"": 4.246699425532382}",no_improvement,WARN,,3.562389858631781,2.2284199429891727,0.9496712602410401,0.9220020865417344,2.697648028595388,1.7601608677518865,0.9719288409875271,0.943537131784999,0.2824427480916031,0,0,188,63,188,79
303,XGBRegressor,XGBoost,"{""n_estimators"": 500, ""learning_rate"": 0.07700458642648934, ""max_depth"": 7, ""min_child_weight"": 8.086941454576303, ""subsample"": 0.7276435775115102, ""colsample_bytree"": 0.6286677729224612, ""reg_alpha"": 2.0113934286150503e-06, ""reg_lambda"": 2.916620568656987}",no_improvement,WARN,,3.570406270763603,2.2409906711983805,0.9495053328576608,0.921768081291191,2.728364706029948,1.8216724642091309,0.9712859389238605,0.9425629722605963,0.2824427480916031,0,0,188,66,188,82
304,ExtraTreesRegressor,ExtraTrees,"{""n_estimators"": 300, ""max_depth"": null, ""min_samples_split"": 10, ""min_samples_leaf"": 3, ""max_features"": ""sqrt""}",no_improvement,WARN,,4.894400221085131,3.5954396661294323,0.9053375608833871,0.8821679034185087,4.518257452880153,3.320642494830985,0.9212534163649917,0.8938071851937046,0.2824427480916031,0,0,188,65,188,81
305,XGBRegressor,XGBoost,"{""n_estimators"": 500, ""learning_rate"": 0.07446574400696576, ""max_depth"": 7, ""min_child_weight"": 7.889636829825628, ""subsample"": 0.7320422953229306, ""colsample_bytree"": 0.6295316096568278, ""reg_alpha"": 1.735744880573812e-06, ""reg_lambda"": 2.7539368562789117}",no_improvement,WARN,,3.5965044304682836,2.2716085941696664,0.9487045263583755,0.9209862979936727,2.6455687990134895,1.7186457408490428,0.9730022299452221,0.9448291732539431,0.2824427480916031,0,0,188,64,188,80
306,XGBRegressor,XGBoost,"{""n_estimators"": 500, ""learning_rate"": 0.0691456890474812, ""max_depth"": 7, ""min_child_weight"": 8.0539898547943, ""subsample"": 0.7427812926788702, ""colsample_bytree"": 0.6234665998140577, ""reg_alpha"": 2.2655911020413937e-06, ""reg_lambda"": 3.1234651268510505}",no_improvement,WARN,,3.6281370288920782,2.299655502170994,0.9478943543425299,0.9201380674845769,2.6691814915202166,1.7669139393922457,0.9725181488193635,0.9440778010459947,0.2824427480916031,0,0,188,66,188,82
307,RandomForestRegressor,RandomForest,"{""n_estimators"": 500, ""max_depth"": 4, ""min_samples_split"": 5, ""min_samples_leaf"": 3, ""max_features"": null}",no_improvement,WARN,,6.253406295728938,4.70368273226116,0.8453196228026709,0.8387090499060141,6.198594001379349,4.7155555239217835,0.851790460690407,0.8413573308245135,0.2824427480916031,0,0,188,65,188,81
308,XGBRegressor,XGBoost,"{""n_estimators"": 500, ""learning_rate"": 0.080141421193413, ""max_depth"": 7, ""min_child_weight"": 7.702366927143353, ""subsample"": 0.7599888493044468, ""colsample_bytree"": 0.6331067071431296, ""reg_alpha"": 1.3544382144609319e-06, ""reg_lambda"": 2.3578424042569956}",no_improvement,WARN,,3.5966258829523854,2.2526336363631723,0.9487944126174973,0.9211187400340684,2.6289547804380495,1.7027493232961266,0.973340254075383,0.9452550164888214,0.2824427480916031,0,0,188,66,188,82
309,HistGradientBoostingRegressor,HistGradientBoosting,"{""learning_rate"": 0.06686757098101077, ""max_depth"": 7, ""max_leaf_nodes"": 46, ""min_samples_leaf"": 8, ""l2_regularization"": 0.223335691202276}",no_improvement,WARN,,4.058492110432004,2.728896959123536,0.9348107020313676,0.9077103489395849,3.532025414244903,2.3720890909817425,0.9518786930886187,0.9222815445721685,0.2824427480916031,0,0,188,67,188,84
310,XGBRegressor,XGBoost,"{""n_estimators"": 300, ""learning_rate"": 0.05, ""max_depth"": 5, ""min_child_weight"": 8.114222354482187, ""subsample"": 0.8, ""colsample_bytree"": 0.8, ""reg_alpha"": 0.01, ""reg_lambda"": 3.9236079486261652}",no_improvement,WARN,,3.884384521358301,2.642799089328564,0.940286824800336,0.9122984384066605,3.3191409311306694,2.3721817899732933,0.9575046745104753,0.9269753288569265,0.2824427480916031,0,0,188,66,188,82
311,XGBRegressor,XGBoost,"{""n_estimators"": 500, ""learning_rate"": 0.0873421568907086, ""max_depth"": 10, ""min_child_weight"": 7.912030226414851, ""subsample"": 0.727572777204499, ""colsample_bytree"": 0.6228265326737715, ""reg_alpha"": 2.3184093071024657e-06, ""reg_lambda"": 1.9961111268062433}",no_improvement,WARN,,3.6000005369068595,2.2170344481702573,0.9487161411146801,0.9212487025217697,2.645643043535778,1.6723447533253233,0.9730007146078269,0.945089228954335,0.2824427480916031,0,0,188,66,188,82
312,XGBRegressor,XGBoost,"{""n_estimators"": 500, ""learning_rate"": 0.0915268552119744, ""max_depth"": 6, ""min_child_weight"": 8.15764001006692, ""subsample"": 0.7374622413065812, ""colsample_bytree"": 0.6382900213351033, ""reg_alpha"": 1.0067979481011207e-06, ""reg_lambda"": 4.275483125630413}",no_improvement,WARN,,3.577716574506833,2.251625255139938,0.9492162254057337,0.9215180316792773,2.670061662841927,1.7787449056852083,0.9725000213705474,0.9439930980814849,0.2824427480916031,0,0,188,64,188,80
313,CatBoostRegressor,CatBoost,"{""iterations"": 600, ""learning_rate"": 0.10057436301722303, ""depth"": 9, ""l2_leaf_reg"": 6.603723607675926, ""bagging_temperature"": 0.6707379283716353, ""random_strength"": 0.2693794828955942}",no_improvement,WARN,,3.755542812619802,2.3147490509007493,0.9441641809165452,0.9171344309662272,2.8243111144088147,1.7788494483277122,0.9692308963893133,0.9408333441601935,0.2824427480916031,0,0,188,66,188,81
314,XGBRegressor,XGBoost,"{""n_estimators"": 500, ""learning_rate"": 0.08599154247284872, ""max_depth"": 7, ""min_child_weight"": 8.515760445716706, ""subsample"": 0.745199742549262, ""colsample_bytree"": 0.6162431247627553, ""reg_alpha"": 1.5919765556432433e-06, ""reg_lambda"": 3.1612503219863037}",no_improvement,WARN,,3.5842962660709263,2.266426647659318,0.9490949122786342,0.9213050999031895,2.694387310157783,1.7232986644579773,0.9719966606779581,0.9438117662075642,0.2824427480916031,0,0,188,64,188,80
315,XGBRegressor,XGBoost,"{""n_estimators"": 500, ""learning_rate"": 0.09620883534060864, ""max_depth"": 7, ""min_child_weight"": 8.999533031101723, ""subsample"": 0.7505102520532769, ""colsample_bytree"": 0.629988667766786, ""reg_alpha"": 3.4051449455439617e-06, ""reg_lambda"": 5.847986666536326}",no_improvement,WARN,,3.5725651501289817,2.219393711274713,0.9494078196704907,0.9218303413831329,2.6141787158394756,1.6845039116304283,0.9736390945865765,0.945656417379543,0.2824427480916031,0,0,188,65,188,81
316,XGBRegressor,XGBoost,"{""n_estimators"": 450, ""learning_rate"": 0.10123365580563694, ""max_depth"": 7, ""min_child_weight"": 8.899788029864062, ""subsample"": 0.6537055753364189, ""colsample_bytree"": 0.6313692360523903, ""reg_alpha"": 3.3673565169472034e-06, ""reg_lambda"": 3.8053114790423552}",no_improvement,WARN,,3.6016833350548736,2.278198090658113,0.9486563111445845,0.920861468359905,2.6506241203778633,1.7145018024399195,0.9728989532484043,0.9447502047404934,0.2824427480916031,0,0,188,66,188,81
317,XGBRegressor,XGBoost,"{""n_estimators"": 500, ""learning_rate"": 0.108146133655065, ""max_depth"": 7, ""min_child_weight"": 8.733952762296596, ""subsample"": 0.7330623531714697, ""colsample_bytree"": 0.6444140113199546, ""reg_alpha"": 3.4991959689329476e-06, ""reg_lambda"": 5.606072043113622}",no_improvement,WARN,,3.6434018576844864,2.2554975861246276,0.9473839005157437,0.9200188024501257,2.5658941101092028,1.6369830289314957,0.9746038879980321,0.9468962167809799,0.2824427480916031,0,0,188,65,188,81
318,XGBRegressor,XGBoost,"{""n_estimators"": 500, ""learning_rate"": 0.09810492645495719, ""max_depth"": 7, ""min_child_weight"": 6.513754077165444, ""subsample"": 0.7247005834493594, ""colsample_bytree"": 0.6254775839811213, ""reg_alpha"": 2.3354515157274733e-06, ""reg_lambda"": 4.660303986987714}",no_improvement,WARN,,3.6123006950539853,2.241051685557225,0.9483447212356007,0.9208278888072012,2.539705479910269,1.6501702245098806,0.9751196499598944,0.9473463049805675,0.2824427480916031,0,0,188,63,188,79
319,XGBRegressor,XGBoost,"{""n_estimators"": 500, ""learning_rate"": 0.09713526667475002, ""max_depth"": 7, ""min_child_weight"": 8.4184439211501, ""subsample"": 0.7877254102937975, ""colsample_bytree"": 0.635990579294565, ""reg_alpha"": 2.1976041287061253e-06, ""reg_lambda"": 3.572434649177911}",no_improvement,WARN,,3.6189768826054887,2.2695223059682874,0.9480589724502927,0.9204870447308321,2.6253634343173244,1.6799750188584162,0.9734130426823829,0.9454562270292226,0.2824427480916031,0,0,188,63,188,79
320,XGBRegressor,XGBoost,"{""n_estimators"": 300, ""learning_rate"": 0.05, ""max_depth"": 5, ""min_child_weight"": 9.120441009744065, ""subsample"": 0.8, ""colsample_bytree"": 0.8, ""reg_alpha"": 0.01, ""reg_lambda"": 1.4156303460727877}",no_improvement,WARN,,3.7773945465391114,2.5425396361745767,0.9434930861498512,0.9153376845955525,3.298113645632226,2.333576820543136,0.9580413982792566,0.9276513922778862,0.2824427480916031,0,0,188,67,188,83
321,LGBMRegressor,LightGBM,"{""n_estimators"": 400, ""learning_rate"": 0.06998542694514538, ""num_leaves"": 29, ""min_child_samples"": 15, ""subsample"": 0.8965204002829144, ""colsample_bytree"": 0.850226026684683, ""reg_lambda"": 0.005107264376452691}",no_improvement,WARN,,3.7780656155182926,2.310078436803572,0.9434001960065986,0.91661353642329,2.81151331299897,1.810488602778489,0.9695091127054617,0.9409188164569502,0.2824427480916031,0,0,188,64,188,80
322,XGBRegressor,XGBoost,"{""n_estimators"": 500, ""learning_rate"": 0.10660257342642014, ""max_depth"": 7, ""min_child_weight"": 2.8478368178392097, ""subsample"": 0.7166194798692751, ""colsample_bytree"": 0.606363682423015, ""reg_alpha"": 4.266601700168925e-06, ""reg_lambda"": 0.003843704373238421}",no_improvement,WARN,,3.7839514623262844,2.3315260725762195,0.9432710810229846,0.9163705178009901,2.878339937152332,1.8019830008144884,0.9680424158458085,0.93958308093016,0.2824427480916031,0,0,188,65,188,81
323,XGBRegressor,XGBoost,"{""n_estimators"": 450, ""learning_rate"": 0.17682404377199012, ""max_depth"": 7, ""min_child_weight"": 8.174078379692897, ""subsample"": 0.6293975047266939, ""colsample_bytree"": 0.6234335808033397, ""reg_alpha"": 3.025280017226741e-06, ""reg_lambda"": 5.9399614214444085}",no_improvement,WARN,,3.647565956000674,2.307046972078506,0.9472968453464331,0.9196426698379415,2.876035989394893,1.7565912592010215,0.9680935558349638,0.9398873834147994,0.2824427480916031,0,0,188,64,188,80
324,XGBRegressor,XGBoost,"{""n_estimators"": 500, ""learning_rate"": 0.12347467363260184, ""max_depth"": 7, ""min_child_weight"": 8.416541729480667, ""subsample"": 0.7390545596197872, ""colsample_bytree"": 0.8739328157165146, ""reg_alpha"": 1.4051231945466642e-06, ""reg_lambda"": 8.661516921640361}",no_improvement,WARN,,3.5988899777985184,2.25936857348226,0.9486521428251947,0.921006037536474,2.7190097388093433,1.717517021251111,0.9714825098451934,0.9433424457190185,0.2824427480916031,0,0,188,64,188,80
325,XGBRegressor,XGBoost,"{""n_estimators"": 500, ""learning_rate"": 0.09196703666050599, ""max_depth"": 7, ""min_child_weight"": 8.225841974842822, ""subsample"": 0.7505792550795974, ""colsample_bytree"": 0.630638770133557, ""reg_alpha"": 1.97219965620511e-06, ""reg_lambda"": 4.539832071625405}",no_improvement,WARN,,3.6176402531840806,2.230329711051362,0.9479835851781143,0.9207047082555525,2.559549582066155,1.6483237417034653,0.9747293235259921,0.9469593847953878,0.2824427480916031,0,0,188,64,188,80
326,XGBRegressor,XGBoost,"{""n_estimators"": 500, ""learning_rate"": 0.1890865152963122, ""max_depth"": 9, ""min_child_weight"": 7.989987448857452, ""subsample"": 0.7614137195370284, ""colsample_bytree"": 0.6005026742863476, ""reg_alpha"": 2.939420686072101e-06, ""reg_lambda"": 5.731569405061705}",no_improvement,WARN,,3.622408948936453,2.263138995131378,0.9479621912626509,0.9204456001243561,2.796844733803747,1.7745084819924923,0.9698264444767543,0.9414244318549316,0.2824427480916031,0,0,188,65,188,82
327,XGBRegressor,XGBoost,"{""n_estimators"": 500, ""learning_rate"": 0.1117801338497865, ""max_depth"": 7, ""min_child_weight"": 9.059556421165231, ""subsample"": 0.7305964221520841, ""colsample_bytree"": 0.6171328470633566, ""reg_alpha"": 0.0019797790633956495, ""reg_lambda"": 0.23328127611400978}",no_improvement,WARN,,3.641889660480557,2.262900802998525,0.9475840761611213,0.9200583900198719,2.654488139887488,1.7638728308203122,0.9728198810774075,0.9443930107210802,0.2824427480916031,0,0,188,67,188,82
328,XGBRegressor,XGBoost,"{""n_estimators"": 500, ""learning_rate"": 0.1028873011996387, ""max_depth"": 7, ""min_child_weight"": 6.874700837780525, ""subsample"": 0.7472877027177456, ""colsample_bytree"": 0.6482105472019849, ""reg_alpha"": 4.489635581935109e-06, ""reg_lambda"": 2.9714442186216616}",no_improvement,WARN,,3.6443965283772273,2.2396540459756595,0.947371622816082,0.920090573377029,2.593204281618959,1.5745840940810476,0.9740604024349234,0.9466999742191649,0.2824427480916031,0,0,188,66,188,81
329,ExtraTreesRegressor,ExtraTrees,"{""n_estimators"": 700, ""max_depth"": 18, ""min_samples_split"": 4, ""min_samples_leaf"": 5, ""max_features"": ""log2""}",no_improvement,WARN,,5.288813597530445,3.9693542255532237,0.8895299261347672,0.8697431328137837,4.90080831806965,3.6362532033831205,0.9073543127654115,0.8824518693646229,0.2824427480916031,0,0,188,65,188,81
330,XGBRegressor,XGBoost,"{""n_estimators"": 300, ""learning_rate"": 0.05, ""max_depth"": 5, ""min_child_weight"": 9.287623148852456, ""subsample"": 0.8, ""colsample_bytree"": 0.8, ""reg_alpha"": 0.01, ""reg_lambda"": 9.900131920452221}",no_improvement,WARN,,3.96060006419649,2.7329722306499478,0.9379270726877701,0.9100047430498477,3.4903206795735056,2.4967853115537872,0.9530083780991653,0.9225050142283783,0.2824427480916031,0,0,188,67,188,83
331,XGBRegressor,XGBoost,"{""n_estimators"": 500, ""learning_rate"": 0.0948216291122596, ""max_depth"": 7, ""min_child_weight"": 8.610600474590091, ""subsample"": 0.7127182859429114, ""colsample_bytree"": 0.6085706445864882, ""reg_alpha"": 0.005032158273719639, ""reg_lambda"": 4.948752832879123}",no_improvement,WARN,,3.5635939104474468,2.237042217105501,0.9497395942312901,0.9219568741450225,2.751365315749725,1.7662660253228175,0.9707997687801091,0.9424052858736521,0.2824427480916031,0,0,188,64,188,80
332,XGBRegressor,XGBoost,"{""n_estimators"": 450, ""learning_rate"": 0.09383322777383295, ""max_depth"": 6, ""min_child_weight"": 8.813755225331839, ""subsample"": 0.7069646849645237, ""colsample_bytree"": 0.6074343959469246, ""reg_alpha"": 1.2953477278341535e-06, ""reg_lambda"": 4.209503720035164}",new_best,WARN,,3.531720018637543,2.265713763435449,0.9505549405652973,0.922489656540774,2.796102892635719,1.8473682762151606,0.9698424489526652,0.9410281178795796,0.2824427480916031,0,0,188,64,188,80
333,XGBRegressor,XGBoost,"{""n_estimators"": 450, ""learning_rate"": 0.08287830082635327, ""max_depth"": 6, ""min_child_weight"": 8.921150882394121, ""subsample"": 0.7085390333753554, ""colsample_bytree"": 0.6068514384064019, ""reg_alpha"": 0.0033919233386494833, ""reg_lambda"": 4.130904108737889}",no_improvement,WARN,,3.548139416240909,2.261692869757751,0.950142800506601,0.9221568419624888,2.853758003715597,1.8903233220762456,0.9685859407081333,0.9395942596213781,0.2824427480916031,0,0,188,65,188,81
334,XGBRegressor,XGBoost,"{""n_estimators"": 450, ""learning_rate"": 0.06278579753023436, ""max_depth"": 6, ""min_child_weight"": 8.925358904094479, ""subsample"": 0.7090320013164418, ""colsample_bytree"": 0.6010244485232613, ""reg_alpha"": 0.0019340825153839505, ""reg_lambda"": 4.152315587570074}",no_improvement,WARN,,3.5997222653537717,2.332349115702272,0.9486826959729745,0.9205911750249172,2.92071713803408,1.9759086136569908,0.967094478956545,0.9377176944960497,0.2824427480916031,0,0,188,64,188,80
335,XGBRegressor,XGBoost,"{""n_estimators"": 450, ""learning_rate"": 0.07939457633932948, ""max_depth"": 7, ""min_child_weight"": 8.812316026355255, ""subsample"": 0.7163544571099865, ""colsample_bytree"": 0.6090510625980177, ""reg_alpha"": 7.578633752630972e-06, ""reg_lambda"": 0.02348282073650676}",no_improvement,WARN,,3.658605301524344,2.2938493604945336,0.9468783403749541,0.9194357670790186,2.745014937999446,1.7591356248026162,0.9709344063005009,0.9425756422377078,0.2824427480916031,0,0,188,65,188,82
336,XGBRegressor,XGBoost,"{""n_estimators"": 450, ""learning_rate"": 0.08448598344199963, ""max_depth"": 6, ""min_child_weight"": 8.969128441600521, ""subsample"": 0.7034588880796336, ""colsample_bytree"": 0.609664964975553, ""reg_alpha"": 0.0036423520258458825, ""reg_lambda"": 4.995253412042881}",no_improvement,WARN,,3.5599443800850366,2.2897874223471044,0.9497596944489013,0.9217164827426882,2.7350933754172186,1.8718281459530963,0.9711441355450405,0.9421420695715538,0.2824427480916031,0,0,188,64,188,80
337,RandomForestRegressor,RandomForest,"{""n_estimators"": 350, ""max_depth"": 8, ""min_samples_split"": 10, ""min_samples_leaf"": 2, ""max_features"": ""sqrt""}",no_improvement,WARN,,4.851309928529156,3.5741356589479936,0.906966356035157,0.8833854436638338,4.435711878743325,3.3198801256191857,0.9241044291781801,0.8958325659294923,0.2824427480916031,0,0,188,67,188,83
338,XGBRegressor,XGBoost,"{""n_estimators"": 450, ""learning_rate"": 0.0810331026075167, ""max_depth"": 6, ""min_child_weight"": 8.869513258537578, ""subsample"": 0.6962238947945036, ""colsample_bytree"": 0.6082589352918033, ""reg_alpha"": 0.0032713149526480416, ""reg_lambda"": 3.6013026239681856}",no_improvement,WARN,,3.6338808791463117,2.3205605151063398,0.9477016583461089,0.9198810452695686,2.7442995742453484,1.8472072211659598,0.9709495535863158,0.9420927642032082,0.2824427480916031,0,0,188,66,188,82
339,XGBRegressor,XGBoost,"{""n_estimators"": 450, ""learning_rate"": 0.08578237234806797, ""max_depth"": 6, ""min_child_weight"": 8.960444610036447, ""subsample"": 0.707600377392404, ""colsample_bytree"": 0.6077420191428162, ""reg_alpha"": 0.0037744592428762005, ""reg_lambda"": 4.617595642014296}",no_improvement,WARN,,3.5862884362472514,2.283478924284799,0.9490707419124531,0.9211733838896239,2.8188335083374367,1.9203865008999212,0.9693501308387784,0.9401469165870554,0.2824427480916031,0,0,188,64,188,80
340,XGBRegressor,XGBoost,"{""n_estimators"": 300, ""learning_rate"": 0.05, ""max_depth"": 5, ""min_child_weight"": 9.242906937556869, ""subsample"": 0.8, ""colsample_bytree"": 0.8, ""reg_alpha"": 0.01, ""reg_lambda"": 4.728360397547646}",no_improvement,WARN,,3.8905018715633934,2.63305250808839,0.9400491475638864,0.912195800848642,3.4232729068044057,2.4277894741917616,0.9547964211696865,0.9243780901071483,0.2824427480916031,0,0,188,66,188,82
341,XGBRegressor,XGBoost,"{""n_estimators"": 450, ""learning_rate"": 0.07819230952442575, ""max_depth"": 6, ""min_child_weight"": 9.554213332556225, ""subsample"": 0.6998890038056522, ""colsample_bytree"": 0.6008684742478596, ""reg_alpha"": 0.006284897388187822, ""reg_lambda"": 3.5751943713308405}",no_improvement,WARN,,3.61281038754204,2.304810674291619,0.9482033725641532,0.9204181051418954,2.8232590849341395,1.908764320093635,0.9692538145267526,0.9401211752423098,0.2824427480916031,0,0,188,65,188,81
342,CatBoostRegressor,CatBoost,"{""iterations"": 300, ""learning_rate"": 0.03589919225227991, ""depth"": 5, ""l2_leaf_reg"": 8.735235322824876, ""bagging_temperature"": 3.7004298070167114, ""random_strength"": 0.827133159867096}",no_improvement,WARN,,4.685911102904317,3.52729637893795,0.9132942689154678,0.8878843028686424,4.424356632896029,3.3372015844355345,0.9244925110850378,0.8960115071299979,0.2824427480916031,0,0,188,65,188,81
343,HistGradientBoostingRegressor,HistGradientBoosting,"{""learning_rate"": 0.11335338503711291, ""max_depth"": null, ""max_leaf_nodes"": 57, ""min_samples_leaf"": 16, ""l2_regularization"": 0.031668855995698394}",no_improvement,WARN,,3.859534922178421,2.5047918377111036,0.9409472329470778,0.9136271219880346,3.0761334238439457,2.0469409424460387,0.9634993909480084,0.934042994713926,0.2824427480916031,0,0,188,66,188,82
344,XGBRegressor,XGBoost,"{""n_estimators"": 450, ""learning_rate"": 0.09243979533789504, ""max_depth"": 6, ""min_child_weight"": 8.681919667244573, ""subsample"": 0.7038539335318446, ""colsample_bytree"": 0.6150091499127271, ""reg_alpha"": 0.005196174732340699, ""reg_lambda"": 5.219403080828005}",no_improvement,WARN,,3.580367404890436,2.2776514935895107,0.9491968150274269,0.9213277467770545,2.727479059902503,1.8494342964876993,0.971304577465461,0.9424242422540787,0.2824427480916031,0,0,188,63,188,79
345,XGBRegressor,XGBoost,"{""n_estimators"": 450, ""learning_rate"": 0.08511446380931517, ""max_depth"": 6, ""min_child_weight"": 9.184412421130622, ""subsample"": 0.711675802470589, ""colsample_bytree"": 0.6121389794166636, ""reg_alpha"": 0.004205145135793593, ""reg_lambda"": 4.372705462385089}",no_improvement,WARN,,3.5701075225592023,2.2755786122626858,0.9495251722327331,0.9215828615635524,2.832000305682422,1.9397793676716741,0.9690631304661909,0.9397653129240049,0.2824427480916031,0,0,188,64,188,80
346,XGBRegressor,XGBoost,"{""n_estimators"": 500, ""learning_rate"": 0.09183170645409887, ""max_depth"": 6, ""min_child_weight"": 8.660231091694305, ""subsample"": 0.7220900175865111, ""colsample_bytree"": 0.600772620051018, ""reg_alpha"": 0.0014200861709113847, ""reg_lambda"": 5.139308215958833}",new_best,WARN,,3.531396431347923,2.2216259016195146,0.9505926271347296,0.9227545891258544,2.5502309235247917,1.7177202595491528,0.9749129965674346,0.9467540639939325,0.2824427480916031,0,0,188,65,188,81
347,XGBRegressor,XGBoost,"{""n_estimators"": 450, ""learning_rate"": 0.09176956755381069, ""max_depth"": 6, ""min_child_weight"": 8.623991295955609, ""subsample"": 0.6925435133330461, ""colsample_bytree"": 0.6014751736622472, ""reg_alpha"": 0.002131056485063368, ""reg_lambda"": 3.9761696470309102}",no_improvement,WARN,,3.6320534847241275,2.3100904438428964,0.9477809529823824,0.9199897879517138,2.7023261204360893,1.7817656645476665,0.9718313980879913,0.9433197837866951,0.2824427480916031,0,0,188,65,188,81
348,XGBRegressor,XGBoost,"{""n_estimators"": 450, ""learning_rate"": 0.07412056111852884, ""max_depth"": 6, ""min_child_weight"": 9.000869185522728, ""subsample"": 0.7230497965361672, ""colsample_bytree"": 0.6078967659797397, ""reg_alpha"": 0.0007910775291042818, ""reg_lambda"": 3.2788136498597167}",no_improvement,WARN,,3.5969692731082503,2.3129028937229843,0.9487366673843967,0.920756099882093,2.811832546906512,1.9056251195602136,0.9695021881231313,0.9403747950706339,0.2824427480916031,0,0,188,65,188,80
349,XGBRegressor,XGBoost,"{""n_estimators"": 500, ""learning_rate"": 0.08756475858301392, ""max_depth"": 6, ""min_child_weight"": 8.734698203987449, ""subsample"": 0.704954445563915, ""colsample_bytree"": 0.6173659536871001, ""reg_alpha"": 0.0026912846438666123, ""reg_lambda"": 5.04173840625325}",no_improvement,WARN,,3.6039099007611357,2.28364768471664,0.9485257404028877,0.9207600666215371,2.7168951413835614,1.8480808082146118,0.9715268491951586,0.9426480437565261,0.2824427480916031,0,0,188,64,188,79
350,XGBRegressor,XGBoost,"{""n_estimators"": 300, ""learning_rate"": 0.05, ""max_depth"": 5, ""min_child_weight"": 8.551060738633467, ""subsample"": 0.8, ""colsample_bytree"": 0.8, ""reg_alpha"": 0.01, ""reg_lambda"": 5.757160032894649}",no_improvement,WARN,,3.88915440509979,2.6626986246237037,0.9401304595911334,0.9120717505518867,3.3415081537575584,2.3790689104803513,0.956930004692926,0.9264481352814342,0.2824427480916031,0,0,188,66,188,82
351,LGBMRegressor,LightGBM,"{""n_estimators"": 200, ""learning_rate"": 0.034395534209990544, ""num_leaves"": 55, ""min_child_samples"": 18, ""subsample"": 0.6559851790714843, ""colsample_bytree"": 0.9410704599567007, ""reg_lambda"": 0.5515695674664263}",no_improvement,WARN,,3.9915616024772094,2.6798450821088715,0.9369402092025393,0.9095715425512941,3.5193184434272444,2.4191513135653877,0.9522243169357991,0.9222988299201175,0.2824427480916031,0,0,188,66,188,82
352,XGBRegressor,XGBoost,"{""n_estimators"": 500, ""learning_rate"": 0.09602073870300808, ""max_depth"": 6, ""min_child_weight"": 8.830822959179454, ""subsample"": 0.7172335672265275, ""colsample_bytree"": 0.6003252431799162, ""reg_alpha"": 0.10675780750521113, ""reg_lambda"": 4.201619698256272}",no_improvement,WARN,,3.5915572230051183,2.2436118023604585,0.9489036153408892,0.9212740494778057,2.737030848230623,1.8012367897744657,0.9711032394973055,0.9425012158431856,0.2824427480916031,0,0,188,64,188,80
353,XGBRegressor,XGBoost,"{""n_estimators"": 500, ""learning_rate"": 0.08230127264122769, ""max_depth"": 6, ""min_child_weight"": 9.43038944041299, ""subsample"": 0.7249972306729713, ""colsample_bytree"": 0.6163876014544993, ""reg_alpha"": 0.005296157511187845, ""reg_lambda"": 0.5138135047071452}",no_improvement,WARN,,3.665090591435799,2.311190745344304,0.9468649886921099,0.9192422082799802,2.7049567174342624,1.8208803474565738,0.9717765295761913,0.9430452092837155,0.2824427480916031,0,0,188,63,188,79
354,XGBRegressor,XGBoost,"{""n_estimators"": 500, ""learning_rate"": 0.0948462001739613, ""max_depth"": 6, ""min_child_weight"": 9.031648468047324, ""subsample"": 0.7121097798088221, ""colsample_bytree"": 0.60828261545083, ""reg_alpha"": 0.0004814449363297747, ""reg_lambda"": 2.645532812508248}",no_improvement,WARN,,3.5931956310799733,2.2635877406777145,0.9487949951597556,0.9211054785593134,2.640603823383611,1.7582606256141273,0.973103469036038,0.9447058756866376,0.2824427480916031,0,0,188,64,188,80
355,XGBRegressor,XGBoost,"{""n_estimators"": 500, ""learning_rate"": 0.08809406328835968, ""max_depth"": 6, ""min_child_weight"": 8.635013624427922, ""subsample"": 0.7280311791273476, ""colsample_bytree"": 0.6003369976647766, ""reg_alpha"": 0.001235517595893553, ""reg_lambda"": 5.385801133230416}",no_improvement,WARN,,3.5759035249552498,2.2697073832949113,0.9493761230083905,0.9214894584760895,2.7291116514029143,1.7811942311280669,0.9712702146543717,0.9427763715847203,0.2824427480916031,0,0,188,65,188,81
356,XGBRegressor,XGBoost,"{""n_estimators"": 500, ""learning_rate"": 0.1040094809182212, ""max_depth"": 7, ""min_child_weight"": 3.4735278508998566, ""subsample"": 0.6929901458098758, ""colsample_bytree"": 0.6196809551700901, ""reg_alpha"": 0.0016751355204009766, ""reg_lambda"": 3.6784044996428724}",no_improvement,WARN,,3.6168423102833316,2.211464966438356,0.9481609383800713,0.9208757521612885,2.6012269361819103,1.6679188766221675,0.9738996543280897,0.9460111904949022,0.2824427480916031,0,0,188,65,188,82
357,XGBRegressor,XGBoost,"{""n_estimators"": 450, ""learning_rate"": 0.09735240346179304, ""max_depth"": 7, ""min_child_weight"": 8.561048933094701, ""subsample"": 0.7032368461197213, ""colsample_bytree"": 0.6127906783731394, ""reg_alpha"": 0.19198619258927896, ""reg_lambda"": 6.438850476267483}",no_improvement,WARN,,3.5647122297620397,2.26164481489351,0.9496457697485834,0.9217739505626434,2.768661656677317,1.8516995890928427,0.9704314827792692,0.9415679056253003,0.2824427480916031,0,0,188,65,188,81
358,XGBRegressor,XGBoost,"{""n_estimators"": 450, ""learning_rate"": 0.0998212572868136, ""max_depth"": 8, ""min_child_weight"": 8.810935146492135, ""subsample"": 0.7033598935894396, ""colsample_bytree"": 0.6100378464974837, ""reg_alpha"": 0.16339237085204494, ""reg_lambda"": 4.776498015943511}",no_improvement,WARN,,3.6149757377793725,2.279345682355763,0.9482975928468766,0.9205596447820766,2.7850052081125893,1.7408938087832826,0.9700813634939053,0.9418580067757537,0.2824427480916031,0,0,188,64,188,80
359,XGBRegressor,XGBoost,"{""n_estimators"": 450, ""learning_rate"": 0.09600200912906234, ""max_depth"": 7, ""min_child_weight"": 9.083790367600123, ""subsample"": 0.7116992507366805, ""colsample_bytree"": 0.6132941488007503, ""reg_alpha"": 0.06531734087503474, ""reg_lambda"": 6.433067359719654}",no_improvement,WARN,,3.589471417352665,2.256205319059494,0.9489950856116423,0.9212598058468553,2.8031660856781753,1.8538976160315286,0.9696898954510061,0.9408457152627956,0.2824427480916031,0,0,188,63,188,79
360,XGBRegressor,XGBoost,"{""n_estimators"": 300, ""learning_rate"": 0.05, ""max_depth"": 5, ""min_child_weight"": 8.485712258651189, ""subsample"": 0.8, ""colsample_bytree"": 0.8, ""reg_alpha"": 0.01, ""reg_lambda"": 2.9721144463176348}",no_improvement,WARN,,3.821714200890579,2.5923607094611265,0.9421147884669996,0.9140168359115486,3.2982946196703513,2.3606152640299016,0.9580367934495047,0.9274947121486008,0.2824427480916031,0,0,188,66,188,82
361,ExtraTreesRegressor,ExtraTrees,"{""n_estimators"": 400, ""max_depth"": 14, ""min_samples_split"": 11, ""min_samples_leaf"": 1, ""max_features"": 0.5}",no_improvement,WARN,,4.46671545087717,3.177069216158742,0.9210546449567925,0.8952865279739733,3.947859645765527,2.854239708088301,0.9398808014283065,0.9100857394456896,0.2824427480916031,0,0,188,63,188,79
362,XGBRegressor,XGBoost,"{""n_estimators"": 450, ""learning_rate"": 0.10957033889108747, ""max_depth"": 6, ""min_child_weight"": 8.668034958746508, ""subsample"": 0.7018951897090451, ""colsample_bytree"": 0.6068871838241684, ""reg_alpha"": 2.2092559465327173, ""reg_lambda"": 7.0149257632186535}",no_improvement,WARN,,3.56485231546053,2.2657385354865247,0.9497199218717329,0.9217710919740512,2.825384088004188,1.864789244057857,0.9692075131956167,0.9403256934990549,0.2824427480916031,0,0,188,65,188,81
363,XGBRegressor,XGBoost,"{""n_estimators"": 450, ""learning_rate"": 0.10842897017362747, ""max_depth"": 6, ""min_child_weight"": 8.704348049048804, ""subsample"": 0.6955150017756907, ""colsample_bytree"": 0.6078721153257258, ""reg_alpha"": 2.492697907555047, ""reg_lambda"": 4.6333035253659}",no_improvement,WARN,,3.5519021645744138,2.279703783917984,0.9500178758259418,0.9219644787908083,2.69897013522662,1.8436885315678835,0.9719013191169446,0.9430383474488856,0.2824427480916031,0,0,188,66,188,82
364,XGBRegressor,XGBoost,"{""n_estimators"": 450, ""learning_rate"": 0.1097125788847172, ""max_depth"": 6, ""min_child_weight"": 8.773787831622476, ""subsample"": 0.6960735480208528, ""colsample_bytree"": 0.6080957458185673, ""reg_alpha"": 4.263947159271149, ""reg_lambda"": 4.880966003398358}",no_improvement,WARN,,3.685751101070326,2.354882857259981,0.9462231406926478,0.91851104970338,2.888859234654347,1.9344526810993243,0.9678084020495277,0.9386159811532099,0.2824427480916031,0,0,188,67,188,83
365,XGBRegressor,XGBoost,"{""n_estimators"": 450, ""learning_rate"": 0.11859858592342264, ""max_depth"": 6, ""min_child_weight"": 8.593772699190346, ""subsample"": 0.7001522671464846, ""colsample_bytree"": 0.6004126940930812, ""reg_alpha"": 4.560279771565372, ""reg_lambda"": 6.23032452996529}",no_improvement,WARN,,3.5945282551921616,2.320323411957028,0.948861725237496,0.9207861718762471,2.8068966975872076,1.86814570159295,0.9696091649648378,0.9406883207933399,0.2824427480916031,0,0,188,66,188,82
366,XGBRegressor,XGBoost,"{""n_estimators"": 450, ""learning_rate"": 0.10666355293674916, ""max_depth"": 6, ""min_child_weight"": 8.472172635361366, ""subsample"": 0.6753518670109562, ""colsample_bytree"": 0.6204992418829425, ""reg_alpha"": 2.1272591080786203, ""reg_lambda"": 4.261766819517981}",no_improvement,WARN,,3.620646536684793,2.3271138277407992,0.9481659159834661,0.9201702075119913,2.8182292423902022,1.8352783444434126,0.9693632700944689,0.9406401766154826,0.2824427480916031,0,0,188,65,188,80
367,XGBRegressor,XGBoost,"{""n_estimators"": 450, ""learning_rate"": 0.10353875471533983, ""max_depth"": 6, ""min_child_weight"": 8.939797219205724, ""subsample"": 0.7090187959863836, ""colsample_bytree"": 0.6127805815708759, ""reg_alpha"": 7.541284527468991, ""reg_lambda"": 7.17170918265715}",no_improvement,WARN,,3.6750426870635393,2.424090367698745,0.9465771227160868,0.9183775164816902,2.85087705533647,1.9874084653063988,0.9686493354324163,0.9391055214065549,0.2824427480916031,0,0,188,66,188,82
368,RandomForestRegressor,RandomForest,"{""n_estimators"": 350, ""max_depth"": 6, ""min_samples_split"": 3, ""min_samples_leaf"": 1, ""max_features"": ""log2""}",no_improvement,WARN,,5.172633122227666,3.889721210658736,0.8942568236163145,0.8732518441670422,4.918249426641908,3.7937895546669975,0.9066937202120567,0.881117436886602,0.2824427480916031,0,0,188,69,188,84
369,XGBRegressor,XGBoost,"{""n_estimators"": 450, ""learning_rate"": 0.09349240546591871, ""max_depth"": 6, ""min_child_weight"": 8.803284699810112, ""subsample"": 0.6937312765043416, ""colsample_bytree"": 0.9645143111526822, ""reg_alpha"": 2.1418116449239393, ""reg_lambda"": 5.251645705593892}",no_improvement,WARN,,3.6652605416414055,2.343565891579425,0.9466642927089246,0.9189967089320796,2.8446157607714526,1.8594258286191632,0.9687868932314183,0.939958201938385,0.2824427480916031,0,0,188,62,188,78
370,XGBRegressor,XGBoost,"{""n_estimators"": 300, ""learning_rate"": 0.05, ""max_depth"": 5, ""min_child_weight"": 8.65979325055357, ""subsample"": 0.8, ""colsample_bytree"": 0.8, ""reg_alpha"": 0.01, ""reg_lambda"": 6.288642232418744}",no_improvement,WARN,,3.8843213780711423,2.6585226979681016,0.9403042777883229,0.912215741846039,3.3827947381447157,2.4147063202288725,0.955859111896478,0.9253424682527563,0.2824427480916031,0,0,188,65,188,81
371,HistGradientBoostingRegressor,HistGradientBoosting,"{""learning_rate"": 0.018272790395094975, ""max_depth"": 3, ""max_leaf_nodes"": 36, ""min_samples_leaf"": 21, ""l2_regularization"": 0.00028041309568959126}",no_improvement,WARN,,6.722539739356792,5.282809930964374,0.8213791034958969,0.8216298949810887,6.7263436355104,5.431403348055563,0.825478926544001,0.8219667015892428,0.2824427480916031,0,0,188,68,188,84
372,XGBRegressor,XGBoost,"{""n_estimators"": 450, ""learning_rate"": 0.11361775211937929, ""max_depth"": 6, ""min_child_weight"": 9.201517125803017, ""subsample"": 0.6833437192458393, ""colsample_bytree"": 0.6071539811643015, ""reg_alpha"": 1.9227136649909196, ""reg_lambda"": 4.070144672860158}",no_improvement,WARN,,3.650384644267622,2.3101351938331818,0.9471937576688727,0.9195544902468612,2.754321196850498,1.825589189879588,0.9707369935643135,0.9420095857517296,0.2824427480916031,0,0,188,64,188,80
373,CatBoostRegressor,CatBoost,"{""iterations"": 400, ""learning_rate"": 0.06536908996494119, ""depth"": 5, ""l2_leaf_reg"": 2.8121205144712906, ""bagging_temperature"": 2.008778309109006, ""random_strength"": 1.3538424375918408}",no_improvement,WARN,,3.9420265685244282,2.7171245812045997,0.9385664551832577,0.9105483914961926,3.272709339547913,2.446110651167748,0.9586852959860906,0.9275676254657149,0.2824427480916031,0,0,188,67,188,83
374,XGBRegressor,XGBoost,"{""n_estimators"": 450, ""learning_rate"": 0.09674749659313342, ""max_depth"": 6, ""min_child_weight"": 8.416613543423978, ""subsample"": 0.7035265251468986, ""colsample_bytree"": 0.7820100242709056, ""reg_alpha"": 1.131392106448378, ""reg_lambda"": 5.31014335289473}",no_improvement,WARN,,3.6159488535035607,2.3052948165779505,0.9481749494873648,0.920362519493189,2.8121069383557393,1.8189027161162186,0.969496235601443,0.9408590375506451,0.2824427480916031,0,0,188,63,188,79
375,XGBRegressor,XGBoost,"{""n_estimators"": 450, ""learning_rate"": 0.08217057901853919, ""max_depth"": 6, ""min_child_weight"": 8.586693648039791, ""subsample"": 0.7200349922145216, ""colsample_bytree"": 0.6249170381116337, ""reg_alpha"": 0.5980370727452428, ""reg_lambda"": 6.965487121600757}",no_improvement,WARN,,3.629782499083791,2.336559915002011,0.9478993124378619,0.9199078396929281,2.7527281289708676,1.836872904489394,0.9707708345513568,0.9419784937261488,0.2824427480916031,0,0,188,66,188,82
376,XGBRegressor,XGBoost,"{""n_estimators"": 450, ""learning_rate"": 0.10272695645656921, ""max_depth"": 6, ""min_child_weight"": 9.012148964624574, ""subsample"": 0.715994698103408, ""colsample_bytree"": 0.615414433556226, ""reg_alpha"": 2.726488380354548, ""reg_lambda"": 3.499193386751033}",no_improvement,WARN,,3.5979494901560165,2.3041013838896953,0.9487539793883226,0.9207971707224931,2.829567083807021,1.8615302780482563,0.9691162688287159,0.9402576550208505,0.2824427480916031,0,0,188,64,188,80
377,XGBRegressor,XGBoost,"{""n_estimators"": 350, ""learning_rate"": 0.12201828023109657, ""max_depth"": 7, ""min_child_weight"": 8.364529648610421, ""subsample"": 0.6872038471481666, ""colsample_bytree"": 0.6077295892519491, ""reg_alpha"": 1.5160746585702143, ""reg_lambda"": 0.010907126326911118}",no_improvement,WARN,,3.6885815985316888,2.3098892796299304,0.9460029902717684,0.9186592033307777,2.886545100246687,1.8874304164379296,0.9678599558573425,0.9389297626321913,0.2824427480916031,0,0,188,67,188,83
378,XGBRegressor,XGBoost,"{""n_estimators"": 450, ""learning_rate"": 0.10988028451207908, ""max_depth"": 7, ""min_child_weight"": 8.752909992552022, ""subsample"": 0.700690822054508, ""colsample_bytree"": 0.6230655297618186, ""reg_alpha"": 1.2019584485588587e-06, ""reg_lambda"": 4.659851242476749}",no_improvement,WARN,,3.597831091207462,2.2628766166360483,0.948750265269387,0.9210306113750655,2.7334337133815665,1.782221597757037,0.9711791445527647,0.9426822074746133,0.2824427480916031,0,0,188,65,188,81
379,XGBRegressor,XGBoost,"{""n_estimators"": 450, ""learning_rate"": 0.08936438690559026, ""max_depth"": 6, ""min_child_weight"": 7.418330785171122, ""subsample"": 0.6673446611450394, ""colsample_bytree"": 0.8217730771563811, ""reg_alpha"": 0.897214738911754, ""reg_lambda"": 5.576973533204906}",no_improvement,WARN,,3.622573437799088,2.3159225276582247,0.9479726968607306,0.9201482493960544,2.7475048586773005,1.8159227079281755,0.9708816533303398,0.9422038560040191,0.2824427480916031,0,0,188,66,188,81
380,XGBRegressor,XGBoost,"{""n_estimators"": 300, ""learning_rate"": 0.05, ""max_depth"": 5, ""min_child_weight"": 8.47540135499044, ""subsample"": 0.8, ""colsample_bytree"": 0.8, ""reg_alpha"": 0.01, ""reg_lambda"": 7.317077389277316}",no_improvement,WARN,,3.8960678647733586,2.6783701801495177,0.9398766570965316,0.9118094426067348,3.364357896539181,2.406718679694034,0.9563389523219988,0.925791922183039,0.2824427480916031,0,0,188,67,188,83
381,XGBRegressor,XGBoost,"{""n_estimators"": 450, ""learning_rate"": 0.09917828616289114, ""max_depth"": 7, ""min_child_weight"": 7.9949330904306715, ""subsample"": 0.7115660540136698, ""colsample_bytree"": 0.6005492332929778, ""reg_alpha"": 3.0208347054599303, ""reg_lambda"": 4.412467020271146}",no_improvement,WARN,,3.6810515495152965,2.354646732161057,0.9464511171982742,0.9186471471228482,2.884168091559444,1.8697827953951605,0.9679128673524074,0.9390788991202795,0.2824427480916031,0,0,188,64,188,80
382,LGBMRegressor,LightGBM,"{""n_estimators"": 450, ""learning_rate"": 0.16953298132061553, ""num_leaves"": 44, ""min_child_samples"": 27, ""subsample"": 0.7495008224046915, ""colsample_bytree"": 0.7659916938630813, ""reg_lambda"": 2.134145479966248}",no_improvement,WARN,,3.666346595359184,2.2453825720399605,0.9465068711240215,0.9194887916365839,2.7142370805024583,1.6723801233750464,0.9715825350734539,0.9436948391105399,0.2824427480916031,0,0,188,65,188,82
383,XGBRegressor,XGBoost,"{""n_estimators"": 450, ""learning_rate"": 0.07621515574186821, ""max_depth"": 7, ""min_child_weight"": 8.260183672468003, ""subsample"": 0.6905767389617992, ""colsample_bytree"": 0.6154880113169774, ""reg_alpha"": 0.4149290595151888, ""reg_lambda"": 6.099447493025252}",no_improvement,WARN,,3.6384294236737924,2.312333821545129,0.9475698656900853,0.9198237429349185,2.8317815620174143,1.8474350421156018,0.9690679094083832,0.9402914980568859,0.2824427480916031,0,0,188,64,188,80
384,XGBRegressor,XGBoost,"{""n_estimators"": 450, ""learning_rate"": 0.10923772277685363, ""max_depth"": 7, ""min_child_weight"": 9.340538923655975, ""subsample"": 0.7213810646769314, ""colsample_bytree"": 0.625787603294814, ""reg_alpha"": 1.0120681062576176e-06, ""reg_lambda"": 3.8653885440533573}",no_improvement,WARN,,3.6374244763090573,2.2769768180335426,0.9475837109617334,0.9200418243277125,2.5664273607164505,1.6552353189700733,0.9745933311326409,0.9467824097744989,0.2824427480916031,0,0,188,64,188,80
385,XGBRegressor,XGBoost,"{""n_estimators"": 500, ""learning_rate"": 0.09012977532219496, ""max_depth"": 6, ""min_child_weight"": 8.953123972293177, ""subsample"": 0.7057136308548981, ""colsample_bytree"": 0.608469497466193, ""reg_alpha"": 1.5366130139987193e-06, ""reg_lambda"": 5.023987345386448}",no_improvement,WARN,,3.5637128609527315,2.2597514436601225,0.9497004376953256,0.9218151606192686,2.6270420396759357,1.7572116921440133,0.9733790334660657,0.9449860001733741,0.2824427480916031,0,0,188,63,188,79
386,XGBRegressor,XGBoost,"{""n_estimators"": 500, ""learning_rate"": 0.08496130725668481, ""max_depth"": 6, ""min_child_weight"": 9.08647174081656, ""subsample"": 0.7021832467961129, ""colsample_bytree"": 0.6302376770685065, ""reg_alpha"": 1.4852517587108505e-06, ""reg_lambda"": 3.2295857271514365}",no_improvement,WARN,,3.5871358689760386,2.2870633491472168,0.949088309340455,0.921146437271643,2.715456688772385,1.8197101084073246,0.9715569912754629,0.9428376701588632,0.2824427480916031,0,0,188,65,188,81
387,XGBRegressor,XGBoost,"{""n_estimators"": 500, ""learning_rate"": 0.09196650844126429, ""max_depth"": 6, ""min_child_weight"": 8.969244527516205, ""subsample"": 0.7058889787181475, ""colsample_bytree"": 0.6150957970226733, ""reg_alpha"": 0.003242169616482228, ""reg_lambda"": 4.775806564299084}",new_best,WARN,,3.5081209622294245,2.2277298696803576,0.9512894466002475,0.9232578665917631,2.7199371890828767,1.8314694164242178,0.9714630519782732,0.9426797819119715,0.2824427480916031,0,0,188,65,188,81
388,XGBRegressor,XGBoost,"{""n_estimators"": 500, ""learning_rate"": 0.09143136806168219, ""max_depth"": 6, ""min_child_weight"": 8.897020632045837, ""subsample"": 0.7077105712744299, ""colsample_bytree"": 0.619686712422209, ""reg_alpha"": 0.003164199158626007, ""reg_lambda"": 4.632389842666987}",no_improvement,WARN,,3.5485265478590264,2.252098679816742,0.9500888828588554,0.9221893978303727,2.6758325814138675,1.804485674086492,0.9723810191450093,0.9437304840599174,0.2824427480916031,0,0,188,64,188,80
389,XGBRegressor,XGBoost,"{""n_estimators"": 500, ""learning_rate"": 0.09021757247415471, ""max_depth"": 6, ""min_child_weight"": 1.7281792230720234, ""subsample"": 0.7109333960041239, ""colsample_bytree"": 0.6334440771014168, ""reg_alpha"": 0.0026515302106246276, ""reg_lambda"": 3.91117669025296}",no_improvement,WARN,,3.574879341677645,2.2107956888577602,0.9494055111314681,0.9218455371568876,2.669531361330979,1.6970033976079857,0.9725109438389135,0.9444656299645181,0.2824427480916031,0,0,188,63,188,79
390,XGBRegressor,XGBoost,"{""n_estimators"": 300, ""learning_rate"": 0.05, ""max_depth"": 5, ""min_child_weight"": 8.855393146464253, ""subsample"": 0.8, ""colsample_bytree"": 0.8, ""reg_alpha"": 0.01, ""reg_lambda"": 2.903271802391655}",no_improvement,WARN,,3.842644775017555,2.598031973938527,0.9414690573128828,0.9134954818476688,3.3505772217053864,2.391606465357859,0.9566958979608116,0.9261789972347673,0.2824427480916031,0,0,188,66,188,82
391,ExtraTreesRegressor,ExtraTrees,"{""n_estimators"": 700, ""max_depth"": 6, ""min_samples_split"": 6, ""min_samples_leaf"": 4, ""max_features"": 1.0}",no_improvement,WARN,,5.544094634957378,4.168261726988013,0.8784648542676763,0.8616946938899717,5.35837643334557,4.066253004632807,0.8892468175648461,0.8681283912225384,0.2824427480916031,0,0,188,68,188,84
392,XGBRegressor,XGBoost,"{""n_estimators"": 500, ""learning_rate"": 0.09388569841975847, ""max_depth"": 6, ""min_child_weight"": 1.9710350892399635, ""subsample"": 0.7115607450619819, ""colsample_bytree"": 0.6358879654653001, ""reg_alpha"": 0.0030755489720989283, ""reg_lambda"": 3.723991612130173}",no_improvement,WARN,,3.6067225241287098,2.2252589208080997,0.9484790486489469,0.9210361810067261,2.562690169478952,1.6629501102685476,0.9746672708432855,0.9468137894752395,0.2824427480916031,0,0,188,64,188,80
393,XGBRegressor,XGBoost,"{""n_estimators"": 500, ""learning_rate"": 0.08987780187993481, ""max_depth"": 6, ""min_child_weight"": 8.673712645526528, ""subsample"": 0.7176908481627456, ""colsample_bytree"": 0.6318577239331915, ""reg_alpha"": 0.0024513136489271634, ""reg_lambda"": 4.086351872332418}",no_improvement,WARN,,3.56384412749588,2.2359867614725983,0.9496260682835755,0.921925244981649,2.6776984060705433,1.758373971564655,0.9723424889752215,0.9439530639894489,0.2824427480916031,0,0,188,64,188,80
394,XGBRegressor,XGBoost,"{""n_estimators"": 500, ""learning_rate"": 0.07097690448893948, ""max_depth"": 6, ""min_child_weight"": 9.15161533414982, ""subsample"": 0.7220861907592397, ""colsample_bytree"": 0.6358360607239263, ""reg_alpha"": 0.0014668248541791211, ""reg_lambda"": 2.6006007395397988}",no_improvement,WARN,,3.6392965378081525,2.325682202658812,0.9475933762330697,0.9197431437455376,2.7110078782233775,1.83321429568675,0.9716501129243759,0.9428521495919833,0.2824427480916031,0,0,188,64,188,80
395,XGBRegressor,XGBoost,"{""n_estimators"": 500, ""learning_rate"": 0.07966279573940045, ""max_depth"": 6, ""min_child_weight"": 8.69448813737544, ""subsample"": 0.7310344212511516, ""colsample_bytree"": 0.6298657269839626, ""reg_alpha"": 0.0029139149881950736, ""reg_lambda"": 3.4677849218082866}",no_improvement,WARN,,3.604141573488117,2.2669577605591797,0.9484424574073763,0.9208260928929178,2.7112117953551413,1.7965869600337019,0.9716458479090478,0.9430549016435829,0.2824427480916031,0,0,188,66,188,82
396,XGBRegressor,XGBoost,"{""n_estimators"": 500, ""learning_rate"": 0.08803549831387499, ""max_depth"": 6, ""min_child_weight"": 8.91236990496261, ""subsample"": 0.7165095658643964, ""colsample_bytree"": 0.6398278836322323, ""reg_alpha"": 0.005509857490211993, ""reg_lambda"": 4.2222394419417}",no_improvement,WARN,,3.53914287229106,2.235242824443717,0.9504447658473228,0.922523906382273,2.6247177559858015,1.756959623773042,0.9734261185948825,0.9450343749397117,0.2824427480916031,0,0,188,64,188,80
397,RandomForestRegressor,RandomForest,"{""n_estimators"": 150, ""max_depth"": 18, ""min_samples_split"": 6, ""min_samples_leaf"": 4, ""max_features"": null}",no_improvement,WARN,,4.920498921569653,3.501469737672223,0.9039599166484333,0.8819168702048887,4.632484672621095,3.2593744610263613,0.9172214611721461,0.8913305057593809,0.2824427480916031,0,0,188,66,188,82
398,XGBRegressor,XGBoost,"{""n_estimators"": 500, ""learning_rate"": 0.08892056161479699, ""max_depth"": 6, ""min_child_weight"": 1.164500858738813, ""subsample"": 0.7152360777090202, ""colsample_bytree"": 0.643088046821473, ""reg_alpha"": 0.005969170612938067, ""reg_lambda"": 4.174271187720838}",no_improvement,WARN,,3.5932477023063525,2.194312012028078,0.9488070566142677,0.9214997070202372,2.5007414874787046,1.6107915716474481,0.9758772190980413,0.9483463081858319,0.2824427480916031,0,0,188,64,188,80
399,XGBRegressor,XGBoost,"{""n_estimators"": 500, ""learning_rate"": 0.08594250955478823, ""max_depth"": 6, ""min_child_weight"": 9.30367779431805, ""subsample"": 0.7049466176567492, ""colsample_bytree"": 0.636602741844998, ""reg_alpha"": 0.0022596644947336085, ""reg_lambda"": 2.1386655907389445}",no_improvement,WARN,,3.605223372703796,2.2920931663914867,0.948436762841865,0.9206671141646732,2.6381985672814716,1.7661236550167148,0.9731524453959629,0.9447101183886486,0.2824427480916031,0,0,188,64,188,80
400,XGBRegressor,XGBoost,"{""n_estimators"": 300, ""learning_rate"": 0.05, ""max_depth"": 5, ""min_child_weight"": 8.98605352421683, ""subsample"": 0.8, ""colsample_bytree"": 0.8, ""reg_alpha"": 0.01, ""reg_lambda"": 3.1796585480042663}",no_improvement,WARN,,3.8201606505111387,2.5947564725262446,0.9421242256256811,0.9140280735553784,3.2905668184211327,2.366018410433473,0.9582332000562562,0.9276322490001909,0.2824427480916031,0,0,188,64,188,80
401,HistGradientBoostingRegressor,HistGradientBoosting,"{""learning_rate"": 0.05335018608364877, ""max_depth"": 5, ""max_leaf_nodes"": 27, ""min_samples_leaf"": 25, ""l2_regularization"": 0.004233922156987733}",no_improvement,WARN,,4.51108417399966,3.2993760073408738,0.9195046729016207,0.8935040050338257,4.165435963854074,3.035211197527981,0.933071560559595,0.9039478663010362,0.2824427480916031,0,0,188,66,188,84
402,XGBRegressor,XGBoost,"{""n_estimators"": 500, ""learning_rate"": 0.0777693227445096, ""max_depth"": 6, ""min_child_weight"": 1.7302438629862804, ""subsample"": 0.6964318812702619, ""colsample_bytree"": 0.6304355168453565, ""reg_alpha"": 0.004629609427015894, ""reg_lambda"": 4.08741913879203}",no_improvement,WARN,,3.5902419321749917,2.2241397730825714,0.9490196513509443,0.9214374352103485,2.6696332612071014,1.699067464986807,0.9725088452047339,0.9444519011482879,0.2824427480916031,0,0,188,65,188,81
403,XGBRegressor,XGBoost,"{""n_estimators"": 500, ""learning_rate"": 0.09111839598340435, ""max_depth"": 6, ""min_child_weight"": 8.736734550758102, ""subsample"": 0.7151320774829713, ""colsample_bytree"": 0.6502377937887996, ""reg_alpha"": 0.002729556932202942, ""reg_lambda"": 3.4804614944539654}",no_improvement,WARN,,3.547739836781223,2.2392438969401596,0.9500567126026314,0.9222634752087708,2.693147449824779,1.7746841795509185,0.9720224270115394,0.9435467245053308,0.2824427480916031,0,0,188,65,188,81
404,CatBoostRegressor,CatBoost,"{""iterations"": 700, ""learning_rate"": 0.14146947001809337, ""depth"": 9, ""l2_leaf_reg"": 4.724820041350556, ""bagging_temperature"": 4.8332028217183, ""random_strength"": 0.8286252087686509}",no_improvement,WARN,,3.7470387577224216,2.20357333034969,0.9443343045033364,0.9179336112449784,2.4251145932484164,1.389417527719129,0.977314189287101,0.9510960224499485,0.2824427480916031,0,0,188,65,188,81
405,XGBRegressor,XGBoost,"{""n_estimators"": 500, ""learning_rate"": 0.09226060150352235, ""max_depth"": 6, ""min_child_weight"": 8.79558123763352, ""subsample"": 0.7147667021962523, ""colsample_bytree"": 0.6482832329692193, ""reg_alpha"": 0.0023349575406874106, ""reg_lambda"": 4.3523627784652374}",no_improvement,WARN,,3.577209183057998,2.2567846170129444,0.9493137824145389,0.9215253187992676,2.7238827901613427,1.824124929754762,0.971380199271202,0.9426406931056981,0.2824427480916031,0,0,188,62,188,78
406,XGBRegressor,XGBoost,"{""n_estimators"": 500, ""learning_rate"": 0.09395268635976156, ""max_depth"": 6, ""min_child_weight"": 8.640971616319947, ""subsample"": 0.7067314533401052, ""colsample_bytree"": 0.6403436756542789, ""reg_alpha"": 0.0011571272836132527, ""reg_lambda"": 3.460509515487492}",no_improvement,WARN,,3.6118554274533183,2.3058291880133246,0.9482762606433486,0.9204477045402986,2.631027592859352,1.7427875910279556,0.9732981974845429,0.9449869455905229,0.2824427480916031,0,0,188,66,188,81
407,XGBRegressor,XGBoost,"{""n_estimators"": 500, ""learning_rate"": 0.08668647515992861, ""max_depth"": 6, ""min_child_weight"": 8.968098448372457, ""subsample"": 0.7176324907146747, ""colsample_bytree"": 0.6509831063192911, ""reg_alpha"": 0.003964787694536372, ""reg_lambda"": 4.444310930693598}",no_improvement,WARN,,3.588561470912198,2.2778334501056094,0.9490262635080479,0.9211598307162301,2.750066092437463,1.8052566209834322,0.9708273395746071,0.9422116439984847,0.2824427480916031,0,0,188,65,188,81
408,XGBRegressor,XGBoost,"{""n_estimators"": 500, ""learning_rate"": 0.10098714737632003, ""max_depth"": 6, ""min_child_weight"": 8.806647816119348, ""subsample"": 0.6959315399902201, ""colsample_bytree"": 0.6236888240237939, ""reg_alpha"": 0.002712798388517074, ""reg_lambda"": 3.7303841801541213}",no_improvement,WARN,,3.6328302120299654,2.2740871874706436,0.9476574491109435,0.9201451532084582,2.6261150282450294,1.7349938415032746,0.9733978177761912,0.9451302382398119,0.2824427480916031,0,0,188,64,188,80
409,XGBRegressor,XGBoost,"{""n_estimators"": 500, ""learning_rate"": 0.010078872702311734, ""max_depth"": 6, ""min_child_weight"": 8.619212445017077, ""subsample"": 0.7082509755066818, ""colsample_bytree"": 0.6397886546865994, ""reg_alpha"": 0.006706602899829775, ""reg_lambda"": 4.904581746630782}",no_improvement,WARN,,4.342664733219608,3.1146061645541305,0.9254074865804206,0.8986971771916379,3.9563131131781417,2.9020718791558955,0.9396230618694889,0.9096188227585235,0.2824427480916031,0,0,188,67,188,83
410,XGBRegressor,XGBoost,"{""n_estimators"": 300, ""learning_rate"": 0.05, ""max_depth"": 5, ""min_child_weight"": 8.882162787882102, ""subsample"": 0.8, ""colsample_bytree"": 0.8, ""reg_alpha"": 0.01, ""reg_lambda"": 2.748187175451132}",no_improvement,WARN,,3.8382380831896192,2.603851803715936,0.94165519309908,0.9135806803822363,3.3553041644583037,2.3638967319320536,0.9565736262513466,0.9262320933220732,0.2824427480916031,0,0,188,66,188,82
411,LGBMRegressor,LightGBM,"{""n_estimators"": 300, ""learning_rate"": 0.019009722353788835, ""num_leaves"": 21, ""min_child_samples"": 14, ""subsample"": 0.9446983692337783, ""colsample_bytree"": 0.6640491270393365, ""reg_lambda"": 0.01904828554856647}",no_improvement,WARN,,4.086883706820014,2.860038125086894,0.9339412250983677,0.9063077091887577,3.6499742797344727,2.6420104722856186,0.9486110928113983,0.918110690133341,0.2824427480916031,0,0,188,67,188,83
412,XGBRegressor,XGBoost,"{""n_estimators"": 500, ""learning_rate"": 0.09129336274325299, ""max_depth"": 6, ""min_child_weight"": 9.190879798294068, ""subsample"": 0.7371579320216868, ""colsample_bytree"": 0.908386973465189, ""reg_alpha"": 0.0036164987857223267, ""reg_lambda"": 0.08204429051138423}",no_improvement,WARN,,3.6319520472649622,2.2967079287035355,0.9476591121259353,0.9200302674161772,2.802900908943957,1.8186313819060274,0.9696956297914776,0.9410504030181782,0.2824427480916031,0,0,188,67,188,83
413,XGBRegressor,XGBoost,"{""n_estimators"": 200, ""learning_rate"": 0.01403909928637383, ""max_depth"": 6, ""min_child_weight"": 2.3929911509866653, ""subsample"": 0.7219267978182073, ""colsample_bytree"": 0.6216239699438318, ""reg_alpha"": 0.002062760186435733, ""reg_lambda"": 4.753885676851879}",no_improvement,WARN,,4.9705740772245335,3.6890141148693893,0.902343613774472,0.879665323972896,4.7016266586454565,3.571230310531148,0.9147320043359458,0.8878454895836357,0.2824427480916031,0,0,188,66,188,82
414,XGBRegressor,XGBoost,"{""n_estimators"": 500, ""learning_rate"": 0.10243272847686076, ""max_depth"": 6, ""min_child_weight"": 9.45253165356808, ""subsample"": 0.7001610560103705, ""colsample_bytree"": 0.6333015388965001, ""reg_alpha"": 0.001364264673832264, ""reg_lambda"": 3.762552619905986}",no_improvement,WARN,,3.6106594829465393,2.278831583787509,0.9483120348835603,0.9206278389580396,2.6604424043223314,1.7609896956620288,0.9726978092388239,0.9442885857185472,0.2824427480916031,0,0,188,63,188,79
415,XGBRegressor,XGBoost,"{""n_estimators"": 500, ""learning_rate"": 0.0952623031979836, ""max_depth"": 6, ""min_child_weight"": 8.526873559277012, ""subsample"": 0.7130936052577207, ""colsample_bytree"": 0.6196519141569179, ""reg_alpha"": 0.24213849054744435, ""reg_lambda"": 5.404670337371364}",no_improvement,WARN,,3.5609671017552467,2.2532998584631527,0.9498264407072856,0.9219281848232335,2.845315195788635,1.8769165123751226,0.9687715419673615,0.9398449120209533,0.2824427480916031,0,0,188,65,188,81
416,XGBRegressor,XGBoost,"{""n_estimators"": 500, ""learning_rate"": 0.08233227960067259, ""max_depth"": 6, ""min_child_weight"": 8.478078705821087, ""subsample"": 0.7154692151167366, ""colsample_bytree"": 0.6275872548886375, ""reg_alpha"": 0.5616953174465364, ""reg_lambda"": 2.3531156377593674}",no_improvement,WARN,,3.581778408413986,2.2490793228263586,0.9491027419780369,0.9214410046239682,2.5874219398356892,1.7213254754760345,0.9741759539892824,0.9459873457165783,0.2824427480916031,0,0,188,65,188,81
417,XGBRegressor,XGBoost,"{""n_estimators"": 250, ""learning_rate"": 0.09353756834023236, ""max_depth"": 6, ""min_child_weight"": 9.02224717807958, ""subsample"": 0.7336593019623411, ""colsample_bytree"": 0.6445254111730888, ""reg_alpha"": 0.19442717849718358, ""reg_lambda"": 4.153400958749364}",no_improvement,WARN,,3.7228722736484556,2.424173015038685,0.9451231807189217,0.917265381887615,2.904319422673697,2.0135401131851247,0.9674629231978799,0.937847224493954,0.2824427480916031,0,0,188,66,188,82
418,XGBRegressor,XGBoost,"{""n_estimators"": 500, ""learning_rate"": 0.08738579013118834, ""max_depth"": 6, ""min_child_weight"": 8.507584744228607, ""subsample"": 0.7255418854136207, ""colsample_bytree"": 0.6191401229215974, ""reg_alpha"": 0.0016576317354388902, ""reg_lambda"": 5.029753836637027}",no_improvement,WARN,,3.5660908379539484,2.262082447244808,0.9496154300918122,0.9217429067037654,2.6352010295333756,1.7690749409649913,0.9732134194563555,0.9447540719666346,0.2824427480916031,0,0,188,66,188,81
419,XGBRegressor,XGBoost,"{""n_estimators"": 500, ""learning_rate"": 0.09761600406019923, ""max_depth"": 6, ""min_child_weight"": 3.1488950955200794, ""subsample"": 0.7090979153122544, ""colsample_bytree"": 0.6543221807830973, ""reg_alpha"": 0.040362453486339635, ""reg_lambda"": 3.3391250909047487}",no_improvement,WARN,,3.5870329390611233,2.2211036337914942,0.9490951691675763,0.9215225618004761,2.6639531225311663,1.7166288089298043,0.9726257057870907,0.9444679727185272,0.2824427480916031,0,0,188,64,188,80
420,XGBRegressor,XGBoost,"{""n_estimators"": 300, ""learning_rate"": 0.05, ""max_depth"": 5, ""min_child_weight"": 9.76721792901959, ""subsample"": 0.8, ""colsample_bytree"": 0.8, ""reg_alpha"": 0.01, ""reg_lambda"": 5.300410654794436}",no_improvement,WARN,,3.9078221690669785,2.66690205365504,0.939519827521695,0.9116011752539698,3.4024175161170462,2.4225948391836503,0.9553455252755405,0.9248667017331039,0.2824427480916031,0,0,188,66,188,82
421,ExtraTreesRegressor,ExtraTrees,"{""n_estimators"": 600, ""max_depth"": 14, ""min_samples_split"": 3, ""min_samples_leaf"": 2, ""max_features"": ""sqrt""}",no_improvement,WARN,,4.3963575546336155,3.1018979168638183,0.9234981989110086,0.8974378909441633,3.9185525109126704,2.81617796437548,0.9407700841085229,0.9109814360154742,0.2824427480916031,0,0,188,65,188,81
422,XGBRegressor,XGBoost,"{""n_estimators"": 500, ""learning_rate"": 0.08934554527951326, ""max_depth"": 6, ""min_child_weight"": 8.782053930457716, ""subsample"": 0.7196560785904714, ""colsample_bytree"": 0.6330193902778841, ""reg_alpha"": 0.0063346913605432, ""reg_lambda"": 4.076283849193838}",no_improvement,WARN,,3.522855818465029,2.2223220150699823,0.950828247118873,0.9229419596157608,2.7383844415021463,1.8313997293051894,0.9710746507566265,0.9423031293509583,0.2824427480916031,0,0,188,65,188,81
423,XGBRegressor,XGBoost,"{""n_estimators"": 500, ""learning_rate"": 0.08380566193202348, ""max_depth"": 6, ""min_child_weight"": 8.829077903725624, ""subsample"": 0.7264539303272572, ""colsample_bytree"": 0.6359481399686678, ""reg_alpha"": 0.0032170178732201724, ""reg_lambda"": 3.083003408626946}",no_improvement,WARN,,3.597497526354264,2.275579243303876,0.9487116839362717,0.9209519894379151,2.7638594250354793,1.8347684639409583,0.9705339667530078,0.9417621171093987,0.2824427480916031,0,0,188,64,188,80
424,XGBRegressor,XGBoost,"{""n_estimators"": 500, ""learning_rate"": 0.08851187794442172, ""max_depth"": 6, ""min_child_weight"": 9.120419074758871, ""subsample"": 0.7366344369284941, ""colsample_bytree"": 0.6279900142030159, ""reg_alpha"": 0.004358762215469381, ""reg_lambda"": 3.9070488312172573}",no_improvement,WARN,,3.583888057662306,2.2678420708629146,0.9491050516152134,0.9213059108628477,2.5691235826611414,1.7184022851274676,0.9745399199179605,0.9463714719394974,0.2824427480916031,0,0,188,65,188,81
425,RandomForestRegressor,RandomForest,"{""n_estimators"": 550, ""max_depth"": 14, ""min_samples_split"": 8, ""min_samples_leaf"": 3, ""max_features"": ""sqrt""}",no_improvement,WARN,,4.67098161568775,3.3820413862362413,0.9137224709718424,0.8890441686025485,4.288003314405282,3.1039278804120065,0.9290748931432347,0.9006296911837661,0.2824427480916031,0,0,188,66,188,82
426,XGBRegressor,XGBoost,"{""n_estimators"": 500, ""learning_rate"": 0.08198005786319898, ""max_depth"": 6, ""min_child_weight"": 8.887290609267188, ""subsample"": 0.7170524725133917, ""colsample_bytree"": 0.6404981357189131, ""reg_alpha"": 0.005318018528730361, ""reg_lambda"": 4.381848400142293}",no_improvement,WARN,,3.60409026445911,2.2732805271984735,0.9485318756621176,0.920817925062335,2.7439293421067297,1.8013017069994626,0.9709573914211507,0.9423596690184002,0.2824427480916031,0,0,188,64,188,80
427,XGBRegressor,XGBoost,"{""n_estimators"": 500, ""learning_rate"": 0.08946494366843145, ""max_depth"": 6, ""min_child_weight"": 8.710287004432, ""subsample"": 0.7189248725100718, ""colsample_bytree"": 0.6224688161900757, ""reg_alpha"": 0.006662849360302312, ""reg_lambda"": 3.3112023802118475}",no_improvement,WARN,,3.5350798247092206,2.242819575807496,0.9504152021982069,0.9225296168627177,2.557627596064967,1.708308827404573,0.9747672611779978,0.9466590481551318,0.2824427480916031,0,0,188,64,188,80
428,HistGradientBoostingRegressor,HistGradientBoosting,"{""learning_rate"": 0.02700250746338613, ""max_depth"": 7, ""max_leaf_nodes"": 44, ""min_samples_leaf"": 27, ""l2_regularization"": 0.00042260954303818626}",no_improvement,WARN,,5.112742463398713,3.843696696697225,0.8966944388526528,0.8750889463238279,4.722488276409852,3.583563230084186,0.9139736392475154,0.8872536868471196,0.2824427480916031,0,0,188,68,188,84
429,XGBRegressor,XGBoost,"{""n_estimators"": 500, ""learning_rate"": 0.09068960200304978, ""max_depth"": 6, ""min_child_weight"": 8.78474149236945, ""subsample"": 0.7207966567822299, ""colsample_bytree"": 0.6319269264843014, ""reg_alpha"": 0.005184872153586765, ""reg_lambda"": 2.309191090859012}",no_improvement,WARN,,3.5626748446982113,2.2590535408632553,0.9497578628440886,0.9218509903256342,2.646494596307966,1.7472016193186821,0.9729833312979469,0.9446491138899386,0.2824427480916031,0,0,188,63,188,79
430,XGBRegressor,XGBoost,"{""n_estimators"": 300, ""learning_rate"": 0.05, ""max_depth"": 5, ""min_child_weight"": 8.790022213117094, ""subsample"": 0.8, ""colsample_bytree"": 0.8, ""reg_alpha"": 0.01, ""reg_lambda"": 2.229723437903436}",no_improvement,WARN,,3.8113899559316557,2.5850450953059303,0.9424349948797952,0.9143000311513905,3.3622500440587535,2.385469504841874,0.9563936446113596,0.9259581372167638,0.2824427480916031,0,0,188,67,188,83
431,XGBRegressor,XGBoost,"{""n_estimators"": 500, ""learning_rate"": 0.07944442366414844, ""max_depth"": 6, ""min_child_weight"": 8.670616326015605, ""subsample"": 0.724106836003872, ""colsample_bytree"": 0.6465237157238282, ""reg_alpha"": 0.017462958880908066, ""reg_lambda"": 2.8168646821658876}",no_improvement,WARN,,3.6254295670330423,2.290344699829484,0.9479121490664232,0.9202342403377509,2.655587510662532,1.7525016382628416,0.972797362825657,0.9444349660976953,0.2824427480916031,0,0,188,65,188,81
432,CatBoostRegressor,CatBoost,"{""iterations"": 600, ""learning_rate"": 0.015743535933747683, ""depth"": 8, ""l2_leaf_reg"": 1.1551298159552124, ""bagging_temperature"": 3.2702402104620494, ""random_strength"": 0.3154851389249793}",no_improvement,WARN,,3.9989824950863886,2.7797433496319,0.9366764276686501,0.9088232695572358,3.3999408833657605,2.514511170749278,0.9554105099422563,0.9244019295801233,0.2824427480916031,0,0,188,68,188,84
433,XGBRegressor,XGBoost,"{""n_estimators"": 500, ""learning_rate"": 0.09394394809826731, ""max_depth"": 6, ""min_child_weight"": 9.245396327092601, ""subsample"": 0.7182142220005507, ""colsample_bytree"": 0.6335640755750037, ""reg_alpha"": 0.006159414152572482, ""reg_lambda"": 1.5785214427980812}",no_improvement,WARN,,3.6419810050805865,2.302747052104414,0.9474080536120184,0.919779197833356,2.6560178119406537,1.7923898464817072,0.972788546488149,0.9442009117443608,0.2824427480916031,0,0,188,64,188,80
434,XGBRegressor,XGBoost,"{""n_estimators"": 500, ""learning_rate"": 0.08526330562654791, ""max_depth"": 6, ""min_child_weight"": 6.530522721865955, ""subsample"": 0.7308106903031669, ""colsample_bytree"": 0.6519681587047403, ""reg_alpha"": 0.006419432749770087, ""reg_lambda"": 2.573752549693142}",no_improvement,WARN,,3.617966548654473,2.2793799206290144,0.9481361848442426,0.920468790503002,2.632067093735298,1.7449582496087668,0.9732770939199967,0.944953671650033,0.2824427480916031,0,0,188,65,188,81
435,XGBRegressor,XGBoost,"{""n_estimators"": 500, ""learning_rate"": 0.07360723283422506, ""max_depth"": 6, ""min_child_weight"": 2.7903926863432726, ""subsample"": 0.7161978881095439, ""colsample_bytree"": 0.6301411377731093, ""reg_alpha"": 0.0028401918136136896, ""reg_lambda"": 3.3259324042616254}",no_improvement,WARN,,3.5732758660684403,2.206235928374732,0.9494002886215378,0.9218923744189729,2.6708760553720645,1.7341514673808878,0.9724832433365851,0.9442284759367483,0.2824427480916031,0,0,188,62,188,79
436,XGBRegressor,XGBoost,"{""n_estimators"": 500, ""learning_rate"": 0.06379122354090118, ""max_depth"": 6, ""min_child_weight"": 1.6281762263005797, ""subsample"": 0.7135992700240397, ""colsample_bytree"": 0.6393582316694307, ""reg_alpha"": 0.0029084141385229676, ""reg_lambda"": 1.9549773732940396}",no_improvement,WARN,,3.60800518438043,2.2335823544648195,0.9484562326628051,0.9209642016292909,2.5827080098015127,1.7129317136991866,0.9742699640569776,0.9461295395612209,0.2824427480916031,0,0,188,65,188,81
437,XGBRegressor,XGBoost,"{""n_estimators"": 500, ""learning_rate"": 0.07575801209681957, ""max_depth"": 6, ""min_child_weight"": 1.9542057147048195, ""subsample"": 0.7195355848078617, ""colsample_bytree"": 0.6227583489480952, ""reg_alpha"": 0.00422862354147197, ""reg_lambda"": 3.2322967045226596}",no_improvement,WARN,,3.6051610216010985,2.2458179299283656,0.9486077041243653,0.9209806904860995,2.6623609834146733,1.716616702959688,0.9726584170687679,0.9445003398674975,0.2824427480916031,0,0,188,64,188,80
438,XGBRegressor,XGBoost,"{""n_estimators"": 100, ""learning_rate"": 0.06628095604642831, ""max_depth"": 6, ""min_child_weight"": 1.4154888727832926, ""subsample"": 0.7112522559840854, ""colsample_bytree"": 0.6313056485446081, ""reg_alpha"": 0.003234254308352278, ""reg_lambda"": 2.588476360414722}",no_improvement,WARN,,3.9794361168095493,2.7254445995084953,0.9374256637689296,0.9096308279134454,3.475145439802819,2.441227491543188,0.9534161107773592,0.9231555016880391,0.2824427480916031,0,0,188,66,188,82
439,XGBRegressor,XGBoost,"{""n_estimators"": 500, ""learning_rate"": 0.06947085680159863, ""max_depth"": 6, ""min_child_weight"": 8.326857168282046, ""subsample"": 0.7283034308680069, ""colsample_bytree"": 0.6241373371464262, ""reg_alpha"": 0.0009654503655970264, ""reg_lambda"": 3.5470136282177065}",no_improvement,WARN,,3.5999068395489324,2.310956524274134,0.9486589237290438,0.9207022855129049,2.6787155456881027,1.782545484824617,0.9723214732453762,0.9437958472070611,0.2824427480916031,0,0,188,65,188,81
440,XGBRegressor,XGBoost,"{""n_estimators"": 300, ""learning_rate"": 0.05, ""max_depth"": 5, ""min_child_weight"": 2.9857339447673663, ""subsample"": 0.8, ""colsample_bytree"": 0.8, ""reg_alpha"": 0.01, ""reg_lambda"": 3.252483781031781}",no_improvement,WARN,,3.7803172057327594,2.5275758353704187,0.943382804574945,0.9153478561334231,3.109449587507792,2.2112904627560956,0.9627044673300877,0.9324055752798641,0.2824427480916031,0,0,188,66,188,82
441,LGBMRegressor,LightGBM,"{""n_estimators"": 150, ""learning_rate"": 0.061528138398708444, ""num_leaves"": 36, ""min_child_samples"": 21, ""subsample"": 0.8169586164677881, ""colsample_bytree"": 0.8354901405447608, ""reg_lambda"": 0.00109027832395868}",no_improvement,WARN,,3.914922529562763,2.579256539900966,0.9393135278528894,0.9119341269025122,3.402823694516313,2.336839545745062,0.9553348629946122,0.925342206792036,0.2824427480916031,0,0,188,66,188,82
442,XGBRegressor,XGBoost,"{""n_estimators"": 500, ""learning_rate"": 0.07437087332673252, ""max_depth"": 6, ""min_child_weight"": 1.0222766851815397, ""subsample"": 0.7210320503478125, ""colsample_bytree"": 0.6415459754148777, ""reg_alpha"": 0.01832780343889385, ""reg_lambda"": 3.867051279059719}",no_improvement,WARN,,3.583946024308015,2.2229946442516093,0.9491234181526729,0.9215639497052774,2.605161445750881,1.6704089758246614,0.9738206379821671,0.945917852695465,0.2824427480916031,0,0,188,63,188,80
443,XGBRegressor,XGBoost,"{""n_estimators"": 500, ""learning_rate"": 0.043898224597195376, ""max_depth"": 6, ""min_child_weight"": 8.582374517910555, ""subsample"": 0.712036243690464, ""colsample_bytree"": 0.6339129135635799, ""reg_alpha"": 0.005467683744935141, ""reg_lambda"": 2.9745669188529438}",no_improvement,WARN,,3.6523049525527957,2.392042978414542,0.9471296571014276,0.9190454349088758,2.965477411862187,2.0636501601357375,0.9660781901996995,0.9362850092454111,0.2824427480916031,0,0,188,63,188,79
444,XGBRegressor,XGBoost,"{""n_estimators"": 500, ""learning_rate"": 0.08071924809537036, ""max_depth"": 6, ""min_child_weight"": 8.706121753431566, ""subsample"": 0.7260891567521199, ""colsample_bytree"": 0.6202454706325317, ""reg_alpha"": 0.002251497775920614, ""reg_lambda"": 2.3553849279387427}",no_improvement,WARN,,3.6287764914968625,2.3055204265037954,0.947872873867907,0.9200894608389988,2.7204073212995152,1.8190911108473704,0.9714531860900819,0.9427401088547361,0.2824427480916031,0,0,188,65,188,81
445,XGBRegressor,XGBoost,"{""n_estimators"": 500, ""learning_rate"": 0.09042776889280917, ""max_depth"": 6, ""min_child_weight"": 2.7991695857364514, ""subsample"": 0.7170696606708921, ""colsample_bytree"": 0.6574715530094609, ""reg_alpha"": 0.00446251753232439, ""reg_lambda"": 3.5649606017286515}",no_improvement,WARN,,3.59228588645677,2.222776890990038,0.9489963962480337,0.9214092914870737,2.469912885767562,1.6444505728847845,0.9764683139366858,0.9487688781422823,0.2824427480916031,0,0,188,64,188,81
446,XGBRegressor,XGBoost,"{""n_estimators"": 500, ""learning_rate"": 0.08660089537479118, ""max_depth"": 6, ""min_child_weight"": 8.405458137480656, ""subsample"": 0.7327451671558044, ""colsample_bytree"": 0.6273602475296968, ""reg_alpha"": 0.006562008497356639, ""reg_lambda"": 4.09375810777063}",no_improvement,WARN,,3.5934746826676838,2.2410348694915774,0.9487937756594038,0.9212285751247539,2.611595025832723,1.7343045118175222,0.97369117576254,0.945427202035819,0.2824427480916031,0,0,188,64,188,80
447,XGBRegressor,XGBoost,"{""n_estimators"": 500, ""learning_rate"": 0.10199871214199124, ""max_depth"": 6, ""min_child_weight"": 8.546164538264843, ""subsample"": 0.7091124189642428, ""colsample_bytree"": 0.6457521310280042, ""reg_alpha"": 0.0016218147998187714, ""reg_lambda"": 3.230403440335131}",no_improvement,WARN,,3.532560297802786,2.2310739798408274,0.9505544948120379,0.9226733393141986,2.772904287640983,1.778717643770838,0.9703407931687121,0.941893063338081,0.2824427480916031,0,0,188,64,188,80
448,ExtraTreesRegressor,ExtraTrees,"{""n_estimators"": 300, ""max_depth"": null, ""min_samples_split"": 7, ""min_samples_leaf"": 5, ""max_features"": 0.5}",no_improvement,WARN,,4.901225078349965,3.5540921531286984,0.9050416007129481,0.8822163058131727,4.529639105349481,3.301048358165793,0.9208561857419735,0.8936379650253073,0.2824427480916031,0,0,188,65,188,81
449,XGBRegressor,XGBoost,"{""n_estimators"": 500, ""learning_rate"": 0.1022934219502456, ""max_depth"": 6, ""min_child_weight"": 8.530404704983738, ""subsample"": 0.6963373705369066, ""colsample_bytree"": 0.6482814554178823, ""reg_alpha"": 0.00197065897947699, ""reg_lambda"": 2.835129758278138}",no_improvement,WARN,,3.644290082574359,2.2785365607276598,0.947194300143478,0.9198192287273949,2.677256171281278,1.7742899566432224,0.972351623763156,0.9438721390284319,0.2824427480916031,0,0,188,65,188,81
450,XGBRegressor,XGBoost,"{""n_estimators"": 300, ""learning_rate"": 0.05, ""max_depth"": 5, ""min_child_weight"": 8.76572886794498, ""subsample"": 0.8, ""colsample_bytree"": 0.8, ""reg_alpha"": 0.01, ""reg_lambda"": 3.226218467159187}",no_improvement,WARN,,3.8416007996937465,2.6147766805624264,0.9415075500356623,0.9134271809663296,3.2999634203895507,2.3552309098695803,0.9579943194118319,0.9274888186351838,0.2824427480916031,0,0,188,65,188,81
451,XGBRegressor,XGBoost,"{""n_estimators"": 500, ""learning_rate"": 0.11689367246909498, ""max_depth"": 6, ""min_child_weight"": 8.35513088316607, ""subsample"": 0.7216378486892759, ""colsample_bytree"": 0.6609158089806122, ""reg_alpha"": 0.001576922112479393, ""reg_lambda"": 4.158645935910745}",no_improvement,WARN,,3.5547945209776906,2.2336218961562864,0.949954309868437,0.9221648821101902,2.591592751670057,1.6755115649596353,0.9740926324059349,0.9461622532167834,0.2824427480916031,0,0,188,65,188,81
452,XGBRegressor,XGBoost,"{""n_estimators"": 500, ""learning_rate"": 0.11521330667261555, ""max_depth"": 6, ""min_child_weight"": 8.320573221244052, ""subsample"": 0.7055693246632901, ""colsample_bytree"": 0.6612214832036194, ""reg_alpha"": 0.0013506652832765598, ""reg_lambda"": 4.427826181431771}",no_improvement,WARN,,3.520824860100391,2.2212857794789764,0.9509517638208027,0.9230135511327567,2.728067397791615,1.7722129678056064,0.9712921964903531,0.942848449905197,0.2824427480916031,0,0,188,64,188,79
453,XGBRegressor,XGBoost,"{""n_estimators"": 500, ""learning_rate"": 0.12950458398890588, ""max_depth"": 6, ""min_child_weight"": 8.341407444208517, ""subsample"": 0.6896209575684129, ""colsample_bytree"": 0.6576228361883071, ""reg_alpha"": 0.0005423006581237916, ""reg_lambda"": 4.299633295832121}",no_improvement,WARN,,3.6231462114365343,2.275342122453085,0.9480059503427418,0.9203793790092343,2.707414846048595,1.724868338504147,0.971725210127769,0.9435374792163065,0.2824427480916031,0,0,188,62,188,77
454,RandomForestRegressor,RandomForest,"{""n_estimators"": 400, ""max_depth"": 8, ""min_samples_split"": 5, ""min_samples_leaf"": 2, ""max_features"": ""log2""}",no_improvement,WARN,,4.684018555607369,3.4330121784419263,0.9132644729081749,0.8884347127651235,4.379352960111298,3.228891365831786,0.9260207928823893,0.897717422208875,0.2824427480916031,0,0,188,67,188,83
455,XGBRegressor,XGBoost,"{""n_estimators"": 500, ""learning_rate"": 0.1189393813260965, ""max_depth"": 6, ""min_child_weight"": 8.447093688705374, ""subsample"": 0.7061533022731661, ""colsample_bytree"": 0.6528607653489895, ""reg_alpha"": 0.0015053664222729642, ""reg_lambda"": 3.446474254959634}",no_improvement,WARN,,3.5774049212448333,2.25098850150528,0.9492689134463637,0.9215418365753749,2.699683583806287,1.7235164919656973,0.9718864618843116,0.9437026781119093,0.2824427480916031,0,0,188,65,188,81
456,XGBRegressor,XGBoost,"{""n_estimators"": 500, ""learning_rate"": 0.12558636130282747, ""max_depth"": 6, ""min_child_weight"": 8.225593497988113, ""subsample"": 0.7023256673552083, ""colsample_bytree"": 0.6601885831290363, ""reg_alpha"": 0.0006569406955894937, ""reg_lambda"": 4.424970463130444}",no_improvement,WARN,,3.5727182288851056,2.2693706311608874,0.949479133685136,0.9215672491530364,2.559788151372669,1.6518786823437381,0.9747246124715402,0.9469345200155256,0.2824427480916031,0,0,188,64,188,80
457,HistGradientBoostingRegressor,HistGradientBoosting,"{""learning_rate"": 0.0896698704727625, ""max_depth"": null, ""max_leaf_nodes"": 35, ""min_samples_leaf"": 8, ""l2_regularization"": 0.023526153651529578}",no_improvement,WARN,,3.877943920314892,2.498771575887106,0.9404815565437374,0.9132614425105496,3.2026049724716175,2.1145376811785637,0.9604363345090426,0.9309560915661463,0.2824427480916031,0,0,188,63,188,81
458,XGBRegressor,XGBoost,"{""n_estimators"": 500, ""learning_rate"": 0.11582412807668574, ""max_depth"": 6, ""min_child_weight"": 8.665646154196907, ""subsample"": 0.7110792232141357, ""colsample_bytree"": 0.648915399271878, ""reg_alpha"": 0.0015257873559133654, ""reg_lambda"": 0.001025171618017133}",no_improvement,WARN,,3.676024823359923,2.2883487702394008,0.9463189275830901,0.9190530051317717,2.595101713445881,1.760460262057113,0.9740224288554191,0.9456117524195691,0.2824427480916031,0,0,188,67,188,83
459,XGBRegressor,XGBoost,"{""n_estimators"": 500, ""learning_rate"": 0.13003484586746764, ""max_depth"": 6, ""min_child_weight"": 6.226954315088002, ""subsample"": 0.7234910159787477, ""colsample_bytree"": 0.6657854438278564, ""reg_alpha"": 0.0008132028717775288, ""reg_lambda"": 3.6905673320367014}",no_improvement,WARN,,3.5278142236258936,2.1902747290743436,0.9506402223562544,0.9229965641639004,2.618444341937377,1.6753013846868101,0.973552996795471,0.9456223316684187,0.2824427480916031,0,0,188,64,188,80
460,XGBRegressor,XGBoost,"{""n_estimators"": 300, ""learning_rate"": 0.05, ""max_depth"": 5, ""min_child_weight"": 8.586496672796665, ""subsample"": 0.8, ""colsample_bytree"": 0.8, ""reg_alpha"": 0.01, ""reg_lambda"": 2.977525558056071}",no_improvement,WARN,,3.842044288621967,2.6026935259310577,0.9414668828859716,0.9134769764702875,3.3178802831605125,2.3806486686509154,0.9575369488087753,0.9269549847262886,0.2824427480916031,0,0,188,66,188,82
461,CatBoostRegressor,CatBoost,"{""iterations"": 300, ""learning_rate"": 0.035529098471046905, ""depth"": 6, ""l2_leaf_reg"": 8.320172792079482, ""bagging_temperature"": 4.233603228634566, ""random_strength"": 0.8409762817750839}",no_improvement,WARN,,4.602471572195162,3.4238772996675366,0.9162551033014855,0.8905351730626191,4.252237122863437,3.213684065472907,0.9302531299075454,0.9008682555605858,0.2824427480916031,0,0,188,67,188,83
462,XGBRegressor,XGBoost,"{""n_estimators"": 500, ""learning_rate"": 0.13451321928405674, ""max_depth"": 6, ""min_child_weight"": 6.253895084353566, ""subsample"": 0.7247917094653006, ""colsample_bytree"": 0.6757912387823383, ""reg_alpha"": 0.0013030458217695882, ""reg_lambda"": 0.9835531970257643}",no_improvement,WARN,,3.61183404431537,2.2486022648484894,0.9483044275364879,0.9207797371214277,2.6105136685206096,1.6581959833466622,0.973712958121086,0.9458789530506039,0.2824427480916031,0,0,188,66,188,82
463,XGBRegressor,XGBoost,"{""n_estimators"": 500, ""learning_rate"": 0.12919791999598834, ""max_depth"": 6, ""min_child_weight"": 6.174528147434385, ""subsample"": 0.733007314696712, ""colsample_bytree"": 0.6662754671201762, ""reg_alpha"": 0.0010415960848501585, ""reg_lambda"": 3.6960457996984246}",no_improvement,WARN,,3.604367488075133,2.24517485203294,0.9485124016858043,0.9209669394374763,2.6168367557071335,1.6669413262095978,0.9735854609470017,0.9457020012398152,0.2824427480916031,0,0,188,63,188,79
464,XGBRegressor,XGBoost,"{""n_estimators"": 500, ""learning_rate"": 0.12041335640284664, ""max_depth"": 6, ""min_child_weight"": 8.435812419683135, ""subsample"": 0.7192065200137279, ""colsample_bytree"": 0.6455265991652964, ""reg_alpha"": 0.001807562377292248, ""reg_lambda"": 2.601946061092808}",no_improvement,WARN,,3.5925843195811575,2.2467113602922013,0.9488325862040121,0.9212207256044862,2.6619072096376817,1.7424066027209213,0.97266773649323,0.9443638545432269,0.2824427480916031,0,0,188,68,188,83
465,XGBRegressor,XGBoost,"{""n_estimators"": 500, ""learning_rate"": 0.11461141766237692, ""max_depth"": 6, ""min_child_weight"": 6.932287512689679, ""subsample"": 0.6962634035896262, ""colsample_bytree"": 0.6679434034342346, ""reg_alpha"": 0.0006721487504780638, ""reg_lambda"": 3.815521191531161}",no_improvement,WARN,,3.6567821915265477,2.2812457244716238,0.9468830991432791,0.9195341412103768,2.606119112507306,1.6747453679447386,0.973801387188429,0.9458740558666768,0.2824427480916031,0,0,188,64,188,80
466,XGBRegressor,XGBoost,"{""n_estimators"": 500, ""learning_rate"": 0.12368636000704564, ""max_depth"": 6, ""min_child_weight"": 9.025591763570368, ""subsample"": 0.7272954770836857, ""colsample_bytree"": 0.682721011016468, ""reg_alpha"": 0.0011638761200719328, ""reg_lambda"": 4.925291300662271}",no_improvement,WARN,,3.5615157737518075,2.2424075237396996,0.949662154080056,0.9219326819512219,2.681440177604687,1.7172863011616177,0.9722651386705753,0.9441091231047005,0.2824427480916031,0,0,188,67,188,82
467,XGBRegressor,XGBoost,"{""n_estimators"": 500, ""learning_rate"": 0.12629577009900078, ""max_depth"": 6, ""min_child_weight"": 8.934296507939951, ""subsample"": 0.734787256777876, ""colsample_bytree"": 0.6882287869520213, ""reg_alpha"": 0.0007938153746540278, ""reg_lambda"": 5.317498199991083}",new_best,WARN,,3.5064004456624085,2.198965682048532,0.9512851298170475,0.9234433617041787,2.623144772279545,1.678971436888425,0.9734579603096642,0.945506705251639,0.2824427480916031,0,0,188,65,188,81
468,XGBRegressor,XGBoost,"{""n_estimators"": 500, ""learning_rate"": 0.13676077888305904, ""max_depth"": 6, ""min_child_weight"": 9.244107160948928, ""subsample"": 0.7256231664627483, ""colsample_bytree"": 0.6575861969003769, ""reg_alpha"": 0.0003595197983594855, ""reg_lambda"": 0.515741758311021}",no_improvement,WARN,,3.685358495564887,2.2902977129041617,0.9461452312064935,0.9188580693661307,2.6434557019011575,1.7207885992110181,0.9730453406188925,0.9448598439723362,0.2824427480916031,0,0,188,66,188,81
469,LGBMRegressor,LightGBM,"{""n_estimators"": 300, ""learning_rate"": 0.1553912668810739, ""num_leaves"": 55, ""min_child_samples"": 27, ""subsample"": 0.863190674903399, ""colsample_bytree"": 0.7437555815484618, ""reg_lambda"": 8.993167235449576}",no_improvement,WARN,,3.6264825560616716,2.261206229761336,0.9477542144311007,0.9203365949372728,2.882416741089962,1.8191955628389598,0.9679518239951407,0.9394010922497239,0.2824427480916031,0,0,188,64,188,81
470,XGBRegressor,XGBoost,"{""n_estimators"": 300, ""learning_rate"": 0.05, ""max_depth"": 5, ""min_child_weight"": 9.011804007495918, ""subsample"": 0.8, ""colsample_bytree"": 0.8, ""reg_alpha"": 0.01, ""reg_lambda"": 4.968388241826958}",no_improvement,WARN,,3.9108973909926377,2.663079326120362,0.9394101178378108,0.9115464267343527,3.429616687642253,2.437079789861401,0.9546287294263025,0.9241857090693313,0.2824427480916031,0,0,188,65,188,81
471,XGBRegressor,XGBoost,"{""n_estimators"": 500, ""learning_rate"": 0.12455409290675648, ""max_depth"": 6, ""min_child_weight"": 9.146959582455516, ""subsample"": 0.7323244544128844, ""colsample_bytree"": 0.6941048466706818, ""reg_alpha"": 0.0009640112182808355, ""reg_lambda"": 4.592458906552629}",no_improvement,WARN,,3.5209957375423,2.224580572342218,0.9508004847853329,0.9229471415540238,2.6749239301641143,1.7324759501723124,0.9723997735025345,0.9441557330399278,0.2824427480916031,0,0,188,65,188,80
472,XGBRegressor,XGBoost,"{""n_estimators"": 500, ""learning_rate"": 0.12606808845179546, ""max_depth"": 6, ""min_child_weight"": 9.363300002677118, ""subsample"": 0.7395147614658851, ""colsample_bytree"": 0.6996903683207654, ""reg_alpha"": 0.001035052770743224, ""reg_lambda"": 4.316881141917453}",no_improvement,WARN,,3.6420286355239724,2.2732237831492608,0.9474665364653136,0.9199628498704048,2.819204208319732,1.760162858742748,0.9693420688847721,0.9410443818321558,0.2824427480916031,0,0,188,66,188,82
473,XGBRegressor,XGBoost,"{""n_estimators"": 500, ""learning_rate"": 0.1422485937981487, ""max_depth"": 6, ""min_child_weight"": 9.062031240060364, ""subsample"": 0.7333904891939264, ""colsample_bytree"": 0.6718030154426605, ""reg_alpha"": 0.0010363385688437429, ""reg_lambda"": 5.5597527750403355}",no_improvement,WARN,,3.534538708419478,2.260200354729387,0.9504822173438419,0.9224591777226744,2.7917363346027884,1.7556484345070245,0.9699365670009378,0.9416361555031132,0.2824427480916031,0,0,188,64,188,80
474,XGBRegressor,XGBoost,"{""n_estimators"": 500, ""learning_rate"": 0.14370988159142925, ""max_depth"": 6, ""min_child_weight"": 9.641209079539639, ""subsample"": 0.734629875456952, ""colsample_bytree"": 0.6850085854320691, ""reg_alpha"": 0.0009131069028856155, ""reg_lambda"": 5.6981507765605155}",no_improvement,WARN,,3.645299151563637,2.2706311219877575,0.9474172920787991,0.9199165340847164,2.7272330857004703,1.727302829423304,0.9713097529518582,0.9431192014159464,0.2824427480916031,0,0,188,63,188,80
475,XGBRegressor,XGBoost,"{""n_estimators"": 150, ""learning_rate"": 0.1415537239040893, ""max_depth"": 6, ""min_child_weight"": 9.196595522970393, ""subsample"": 0.7391292275013506, ""colsample_bytree"": 0.6933525764258911, ""reg_alpha"": 0.0004687433490488464, ""reg_lambda"": 5.40721526285938}",no_improvement,WARN,,3.684727423977015,2.4421582551130503,0.946265478539375,0.918045180871985,3.166188413151047,2.226574231342228,0.9613309694265826,0.9311058783609757,0.2824427480916031,0,0,188,68,188,83
476,XGBRegressor,XGBoost,"{""n_estimators"": 500, ""learning_rate"": 0.1328664884507595, ""max_depth"": 6, ""min_child_weight"": 9.08416225431143, ""subsample"": 0.7325508743779652, ""colsample_bytree"": 0.6733578910358525, ""reg_alpha"": 0.0006493056378937031, ""reg_lambda"": 4.843698055237689}",no_improvement,WARN,,3.5495175888121437,2.22958087082298,0.9499093847739755,0.9222487575055756,2.711604613064134,1.686727943587439,0.9716376310519531,0.9436674933242623,0.2824427480916031,0,0,188,66,188,81
477,XGBRegressor,XGBoost,"{""n_estimators"": 500, ""learning_rate"": 0.13108886869273384, ""max_depth"": 6, ""min_child_weight"": 9.404669301634826, ""subsample"": 0.7314476393142045, ""colsample_bytree"": 0.6807836597845317, ""reg_alpha"": 0.0007456867431375446, ""reg_lambda"": 0.005696347972061082}",no_improvement,WARN,,3.665143569413066,2.3015804873056824,0.9467427598635609,0.9192590807309488,2.6214738783516394,1.7457602768663267,0.9734917631014147,0.9451631469657535,0.2824427480916031,0,0,188,68,188,83
478,ExtraTreesRegressor,ExtraTrees,"{""n_estimators"": 800, ""max_depth"": 10, ""min_samples_split"": 10, ""min_samples_leaf"": 1, ""max_features"": ""log2""}",no_improvement,WARN,,4.962436207585294,3.710924453667862,0.9026810927743865,0.8797577230787941,4.583137704699145,3.4852402779112746,0.9189756442520858,0.8912777371444096,0.2824427480916031,0,0,188,68,188,84
479,XGBRegressor,XGBoost,"{""n_estimators"": 500, ""learning_rate"": 0.14840637881118876, ""max_depth"": 6, ""min_child_weight"": 9.070347941433308, ""subsample"": 0.7412878924896663, ""colsample_bytree"": 0.6736276365302621, ""reg_alpha"": 0.0009284598813197244, ""reg_lambda"": 4.526992650436738}",no_improvement,WARN,,3.693695423460406,2.3242936411836994,0.9459685256418856,0.918495271033326,2.798745846393642,1.7724535820430585,0.9697854105062109,0.94139688106535,0.2824427480916031,0,0,188,66,188,81
480,XGBRegressor,XGBoost,"{""n_estimators"": 300, ""learning_rate"": 0.05, ""max_depth"": 5, ""min_child_weight"": 9.159393262783382, ""subsample"": 0.8, ""colsample_bytree"": 0.8, ""reg_alpha"": 0.01, ""reg_lambda"": 0.21122560486518954}",no_improvement,WARN,,3.8080082375864164,2.5497855562682603,0.94256092810828,0.9145847548781461,3.292811134475914,2.3045110853851942,0.9581762069170204,0.9279309160887192,0.2824427480916031,0,0,188,67,188,83
481,XGBRegressor,XGBoost,"{""n_estimators"": 500, ""learning_rate"": 0.13570126679484001, ""max_depth"": 6, ""min_child_weight"": 9.524038792198011, ""subsample"": 0.7310416214380092, ""colsample_bytree"": 0.684377129477093, ""reg_alpha"": 0.000583178382557689, ""reg_lambda"": 4.490148224634052}",no_improvement,WARN,,3.570090280314777,2.2481902296767275,0.9495347085238274,0.9217406856291068,2.6760092266185653,1.720733799847568,0.972377372488192,0.9442000179327814,0.2824427480916031,0,0,188,64,188,80
482,XGBRegressor,XGBoost,"{""n_estimators"": 500, ""learning_rate"": 0.12004500666664673, ""max_depth"": 6, ""min_child_weight"": 8.953573282706696, ""subsample"": 0.7389521894962824, ""colsample_bytree"": 0.6756017383246575, ""reg_alpha"": 0.0010088940443359275, ""reg_lambda"": 3.700637385652245}",no_improvement,WARN,,3.5975074613127935,2.2825036382193007,0.9488081427153101,0.9209416701739502,2.651609487572255,1.6719160410487048,0.9728787999223394,0.9449708138117426,0.2824427480916031,0,0,188,66,188,82
483,XGBRegressor,XGBoost,"{""n_estimators"": 500, ""learning_rate"": 0.1271831697258227, ""max_depth"": 6, ""min_child_weight"": 9.15996125350274, ""subsample"": 0.7282541459435807, ""colsample_bytree"": 0.6675421825859972, ""reg_alpha"": 0.0013365546863276705, ""reg_lambda"": 5.1332446196726185}",no_improvement,WARN,,3.5579270141328534,2.2578946673893885,0.9497334558142885,0.9219172672131244,2.672173927727193,1.7405763002530694,0.9724564941245714,0.9441658271376785,0.2824427480916031,0,0,188,64,188,79
484,XGBRegressor,XGBoost,"{""n_estimators"": 500, ""learning_rate"": 0.13969805077327727, ""max_depth"": 6, ""min_child_weight"": 8.924156977391103, ""subsample"": 0.7270556210239474, ""colsample_bytree"": 0.6900599114943611, ""reg_alpha"": 0.0003302492794486687, ""reg_lambda"": 5.991148336661424}",no_improvement,WARN,,3.603608772105102,2.2724878453756587,0.9485456186036778,0.9208333258767925,2.7349405002795533,1.7504839522566722,0.9711473611906488,0.9428306815819426,0.2824427480916031,0,0,188,68,188,83
485,RandomForestRegressor,RandomForest,"{""n_estimators"": 300, ""max_depth"": 10, ""min_samples_split"": 3, ""min_samples_leaf"": 4, ""max_features"": null}",no_improvement,WARN,,4.932384984524833,3.5115879439320863,0.903531458719707,0.88156331023231,4.6442423250847575,3.2707839652856814,0.9168007295361004,0.8909737825138234,0.2824427480916031,0,0,188,66,188,82
486,HistGradientBoostingRegressor,HistGradientBoosting,"{""learning_rate"": 0.010147536315635036, ""max_depth"": 3, ""max_leaf_nodes"": 24, ""min_samples_leaf"": 14, ""l2_regularization"": 0.003983324125487226}",no_improvement,WARN,,8.60013476059358,6.842182906475374,0.7079126539872191,0.7522641106832986,8.764609471244684,6.981809791609147,0.7036841288273786,0.7478839525169687,0.2824427480916031,0,0,188,76,188,91
487,XGBRegressor,XGBoost,"{""n_estimators"": 500, ""learning_rate"": 0.1183425461586705, ""max_depth"": 6, ""min_child_weight"": 9.336794236618147, ""subsample"": 0.7356607427160848, ""colsample_bytree"": 0.6880258256212699, ""reg_alpha"": 0.0007769829272958999, ""reg_lambda"": 3.2600532574269465}",no_improvement,WARN,,3.5971928657222163,2.2349557271081677,0.9487025088963728,0.921183025814244,2.6600163424386225,1.749030993460141,0.9727065532667776,0.9443647819771892,0.2824427480916031,0,0,188,65,188,81
488,XGBRegressor,XGBoost,"{""n_estimators"": 500, ""learning_rate"": 0.13035378035774564, ""max_depth"": 6, ""min_child_weight"": 9.042693354879146, ""subsample"": 0.7251040076006495, ""colsample_bytree"": 0.6773139866490988, ""reg_alpha"": 0.0013423732294041753, ""reg_lambda"": 4.459683860295377}",no_improvement,WARN,,3.582141636137357,2.258700608563447,0.9492143580707877,0.9214150080882304,2.5956833636075958,1.6801271506706712,0.9740107826438703,0.946053853715771,0.2824427480916031,0,0,188,64,188,79
489,XGBRegressor,XGBoost,"{""n_estimators"": 500, ""learning_rate"": 0.12132429012222264, ""max_depth"": 6, ""min_child_weight"": 8.864286826549781, ""subsample"": 0.7402941030338115, ""colsample_bytree"": 0.7006036853245602, ""reg_alpha"": 0.0005956301709043137, ""reg_lambda"": 3.886955602564265}",no_improvement,WARN,,3.587002625636675,2.2343878602454508,0.9490215420024043,0.9214258578562805,2.796829450356157,1.7846198385307042,0.9698267742445736,0.9413676265806972,0.2824427480916031,0,0,188,67,188,82
490,XGBRegressor,XGBoost,"{""n_estimators"": 300, ""learning_rate"": 0.05, ""max_depth"": 5, ""min_child_weight"": 9.132310850538852, ""subsample"": 0.8, ""colsample_bytree"": 0.8, ""reg_alpha"": 0.01, ""reg_lambda"": 6.0263447330524285}",no_improvement,WARN,,3.910286103440606,2.6805401908862065,0.9394414213572935,0.911465812704572,3.388863740416139,2.459304185954981,0.9557005853053532,0.9249572615612809,0.2824427480916031,0,0,188,66,188,82
491,CatBoostRegressor,CatBoost,"{""iterations"": 800, ""learning_rate"": 0.024711196233517765, ""depth"": 10, ""l2_leaf_reg"": 6.51254626444792, ""bagging_temperature"": 0.8329933657093052, ""random_strength"": 1.2467411857935715}",no_improvement,WARN,,4.029173099029371,2.7329758331051552,0.9356541610157134,0.9083544096308223,3.220375883165979,2.3082221933802747,0.9599960472825668,0.9294788884536967,0.2824427480916031,0,0,188,67,188,83
492,XGBRegressor,XGBoost,"{""n_estimators"": 500, ""learning_rate"": 0.11274990352245337, ""max_depth"": 6, ""min_child_weight"": 8.864481367897787, ""subsample"": 0.7255999798798444, ""colsample_bytree"": 0.6752007033610916, ""reg_alpha"": 0.001572384496694245, ""reg_lambda"": 0.002052637592995633}",no_improvement,WARN,,3.685905059704897,2.304067010198858,0.9461663823583842,0.9187789116086771,2.6220511159012037,1.7258818275147063,0.9734800878110328,0.9452637875172114,0.2824427480916031,0,0,188,66,188,82
493,XGBRegressor,XGBoost,"{""n_estimators"": 500, ""learning_rate"": 0.14567151094309422, ""max_depth"": 6, ""min_child_weight"": 9.356141764124029, ""subsample"": 0.7444268790122837, ""colsample_bytree"": 0.6725810594400099, ""reg_alpha"": 0.0010817768975380994, ""reg_lambda"": 4.915564395424122}",no_improvement,WARN,,3.6480216495574944,2.3021642085792617,0.9472593574518292,0.919652571036967,2.852839073627117,1.7961734677852135,0.968606168545607,0.9401451675876206,0.2824427480916031,0,0,188,67,188,82
494,XGBRegressor,XGBoost,"{""n_estimators"": 500, ""learning_rate"": 0.11030979889468279, ""max_depth"": 6, ""min_child_weight"": 9.006654390614788, ""subsample"": 0.7055694589907217, ""colsample_bytree"": 0.673614430721524, ""reg_alpha"": 0.0016090168535672046, ""reg_lambda"": 2.821196155117389}",no_improvement,WARN,,3.6834983811981603,2.3166283969549584,0.9462558735422164,0.9187687873627441,2.655264983456793,1.7539795943067917,0.9728039700699936,0.9444331541216255,0.2824427480916031,0,0,188,65,188,81
495,XGBRegressor,XGBoost,"{""n_estimators"": 500, ""learning_rate"": 0.1326615649041101, ""max_depth"": 6, ""min_child_weight"": 9.934905161486906, ""subsample"": 0.735786392343402, ""colsample_bytree"": 0.6675491938531685, ""reg_alpha"": 0.0009013151598648277, ""reg_lambda"": 3.4607184887541695}",no_improvement,WARN,,3.548923461100233,2.256934300069941,0.9500435106502007,0.9221428637677962,2.7105850662148305,1.7207675288393276,0.9716589551989152,0.943495996400496,0.2824427480916031,0,0,188,67,188,82
496,XGBRegressor,XGBoost,"{""n_estimators"": 500, ""learning_rate"": 0.1322918037202961, ""max_depth"": 6, ""min_child_weight"": 9.924665917947976, ""subsample"": 0.679359154623552, ""colsample_bytree"": 0.6559337820351724, ""reg_alpha"": 0.0007759665303077146, ""reg_lambda"": 0.33197069914359134}",no_improvement,WARN,,3.632343843617067,2.2747906190277383,0.9477461337312476,0.9201746536980636,2.7808613849510437,1.797126919748584,0.9701703294356243,0.9416255523394846,0.2824427480916031,0,0,188,62,188,79
497,XGBRegressor,XGBoost,"{""n_estimators"": 500, ""learning_rate"": 0.13925192896712513, ""max_depth"": 6, ""min_child_weight"": 9.587893594252558, ""subsample"": 0.7375295690772853, ""colsample_bytree"": 0.660482574187961, ""reg_alpha"": 0.0019785551875729102, ""reg_lambda"": 3.144492267284006}",no_improvement,WARN,,3.582143202372823,2.2429164201472767,0.9490432610098012,0.9214528232851484,2.871381295287766,1.8177842218729565,0.9681967496454885,0.9396383935491474,0.2824427480916031,0,0,188,68,188,83
498,XGBRegressor,XGBoost,"{""n_estimators"": 500, ""learning_rate"": 0.10848419153646426, ""max_depth"": 6, ""min_child_weight"": 9.89101872432413, ""subsample"": 0.7338809949159556, ""colsample_bytree"": 0.6639691305700449, ""reg_alpha"": 0.0007464627091178697, ""reg_lambda"": 3.6640228719438324}",no_improvement,WARN,,3.5748221609286013,2.2373103996364363,0.949370605090176,0.9216860886813988,2.56958264986125,1.683410562223648,0.9745308203697804,0.946559930474092,0.2824427480916031,0,0,188,66,188,81
499,XGBRegressor,XGBoost,"{""n_estimators"": 500, ""learning_rate"": 0.1551337991969734, ""max_depth"": 6, ""min_child_weight"": 8.727231771446682, ""subsample"": 0.6905578287631772, ""colsample_bytree"": 0.6664204623656612, ""reg_alpha"": 0.0002638095726581724, ""reg_lambda"": 2.174603979358889}",no_improvement,WARN,,3.605821847220433,2.2656157224521145,0.9485564524801171,0.9208441426407081,2.5732233817906134,1.6604813219829293,0.9744585968547461,0.9466163758227263,0.2824427480916031,0,0,188,62,188,77
500,XGBRegressor,XGBoost,"{""n_estimators"": 300, ""learning_rate"": 0.05, ""max_depth"": 5, ""min_child_weight"": 8.790246857447631, ""subsample"": 0.8, ""colsample_bytree"": 0.8, ""reg_alpha"": 0.01, ""reg_lambda"": 2.7524279756744106}",no_improvement,WARN,,3.846810798890863,2.607057379734027,0.9413838609985407,0.9133601018494164,3.3584290752499557,2.376467275362248,0.9564926996169693,0.9260926707720062,0.2824427480916031,0,0,188,66,188,82
501,LGBMRegressor,LightGBM,"{""n_estimators"": 400, ""learning_rate"": 0.04280919528621759, ""num_leaves"": 39, ""min_child_samples"": 17, ""subsample"": 0.7170864719268772, ""colsample_bytree"": 0.9471416327847669, ""reg_lambda"": 0.06577972537172841}",no_improvement,WARN,,3.822769963231127,2.3715474207304776,0.9420818539452129,0.9152394413047487,3.045090538382156,1.9915278953179636,0.9642323675750667,0.9350143322547877,0.2824427480916031,0,0,188,66,188,82
502,XGBRegressor,XGBoost,"{""n_estimators"": 500, ""learning_rate"": 0.11492795419468231, ""max_depth"": 6, ""min_child_weight"": 9.534679566799388, ""subsample"": 0.720597748036919, ""colsample_bytree"": 0.6636236395103867, ""reg_alpha"": 0.00045949443759759, ""reg_lambda"": 3.7704645333379134}",no_improvement,WARN,,3.5993072149426424,2.278267628833036,0.9487443452290902,0.9209210430985333,2.5697048888722858,1.701464179242239,0.9745283970958041,0.946455490480947,0.2824427480916031,0,0,188,64,188,79
503,XGBRegressor,XGBoost,"{""n_estimators"": 500, ""learning_rate"": 0.12438059922728885, ""max_depth"": 6, ""min_child_weight"": 8.814897458337557, ""subsample"": 0.7452255981161051, ""colsample_bytree"": 0.7122599462185245, ""reg_alpha"": 0.000962757698915687, ""reg_lambda"": 3.192918048926818}",no_improvement,WARN,,3.59764009128709,2.28456440017416,0.9487651258128474,0.9209152505565238,2.7142971548054695,1.7400675623443298,0.9715812771300685,0.9433112403049215,0.2824427480916031,0,0,188,66,188,82
504,XGBRegressor,XGBoost,"{""n_estimators"": 500, ""learning_rate"": 0.132177657406087, ""max_depth"": 6, ""min_child_weight"": 9.740453953771663, ""subsample"": 0.7076088549063166, ""colsample_bytree"": 0.6667876441373525, ""reg_alpha"": 0.001997813859450813, ""reg_lambda"": 0.031168859766709852}",no_improvement,WARN,,3.713925616420967,2.3161993470947793,0.9453579185118256,0.9180721084780636,2.5163913871481727,1.6766273012710986,0.9755743486257353,0.9476625149631048,0.2824427480916031,0,0,188,62,188,78
505,XGBRegressor,XGBoost,"{""n_estimators"": 500, ""learning_rate"": 0.10590088567262713, ""max_depth"": 6, ""min_child_weight"": 8.634807443383231, ""subsample"": 0.7202103573450144, ""colsample_bytree"": 0.6682360073141203, ""reg_alpha"": 0.0013736071166202174, ""reg_lambda"": 0.13847288425628945}",no_improvement,WARN,,3.592779997380726,2.2495410082794165,0.9488549348167403,0.9212086817202669,2.7026027229070984,1.7580373339166375,0.9718256312757676,0.9434481910329887,0.2824427480916031,0,0,188,64,188,80
506,ExtraTreesRegressor,ExtraTrees,"{""n_estimators"": 200, ""max_depth"": 18, ""min_samples_split"": 6, ""min_samples_leaf"": 3, ""max_features"": 1.0}",no_improvement,WARN,,4.419280030653114,3.0475593609698164,0.9225683609263461,0.8971421750911772,3.9859585328925586,2.7589951131657426,0.9387148396672257,0.909735936100373,0.2824427480916031,0,0,188,64,188,80
507,XGBRegressor,XGBoost,"{""n_estimators"": 500, ""learning_rate"": 0.11587886924162646, ""max_depth"": 6, ""min_child_weight"": 9.221761192834482, ""subsample"": 0.7000930440629552, ""colsample_bytree"": 0.6797837592458819, ""reg_alpha"": 0.0037591112251575145, ""reg_lambda"": 1.8846673433117973}",no_improvement,WARN,,3.658672422095111,2.3002288865779903,0.9469039463547093,0.9194064623750708,2.4951260368576262,1.6633679349816006,0.9759854335589729,0.9481610690539095,0.2824427480916031,0,0,188,63,188,79
508,XGBRegressor,XGBoost,"{""n_estimators"": 500, ""learning_rate"": 0.14390702797665644, ""max_depth"": 6, ""min_child_weight"": 8.836806271936046, ""subsample"": 0.7299739723500905, ""colsample_bytree"": 0.6646857366761861, ""reg_alpha"": 0.000569175447842214, ""reg_lambda"": 4.442338635000983}",no_improvement,WARN,,3.6065579409159945,2.240932005598649,0.9484519453054263,0.9209418355711735,2.778087058882842,1.7492392670536814,0.9702298188813968,0.9419531023420994,0.2824427480916031,0,0,188,66,188,81
509,XGBRegressor,XGBoost,"{""n_estimators"": 500, ""learning_rate"": 0.10278747015138137, ""max_depth"": 6, ""min_child_weight"": 8.532868270585508, ""subsample"": 0.7104804049869222, ""colsample_bytree"": 0.6724362991771347, ""reg_alpha"": 0.00231653173092986, ""reg_lambda"": 5.977603470347897}",no_improvement,WARN,,3.518975340644772,2.21471229476328,0.9509686279087728,0.9230818649155059,2.6784390622152174,1.7891664745620262,0.9723271866256413,0.9437640633040062,0.2824427480916031,0,0,188,64,188,80
510,XGBRegressor,XGBoost,"{""n_estimators"": 300, ""learning_rate"": 0.05, ""max_depth"": 5, ""min_child_weight"": 7.2290770221191005, ""subsample"": 0.8, ""colsample_bytree"": 0.8, ""reg_alpha"": 0.01, ""reg_lambda"": 6.166287372291689}",no_improvement,WARN,,3.896252813492956,2.651367633036276,0.9399134046294556,0.9119703949305884,3.3804436129944815,2.4376701444656628,0.9559204485693317,0.925264348693835,0.2824427480916031,0,0,188,66,188,82
511,XGBRegressor,XGBoost,"{""n_estimators"": 500, ""learning_rate"": 0.03029185601109301, ""max_depth"": 6, ""min_child_weight"": 8.368472503985918, ""subsample"": 0.6882661741206019, ""colsample_bytree"": 0.6569028773906805, ""reg_alpha"": 0.0022132988002615205, ""reg_lambda"": 6.041137705358162}",no_improvement,WARN,,3.7852741474393694,2.5425757791429477,0.9432794871767044,0.9151621191247865,3.1514352395506506,2.2572696130947594,0.9616904943295923,0.9312486899238687,0.2824427480916031,0,0,188,68,188,84
512,RandomForestRegressor,RandomForest,"{""n_estimators"": 450, ""max_depth"": null, ""min_samples_split"": 7, ""min_samples_leaf"": 1, ""max_features"": ""log2""}",no_improvement,WARN,,4.433971768070592,3.1627195063309266,0.9222674071510685,0.8961938502779814,3.93335515859732,2.8472806914745674,0.9403217473362874,0.9104621785792147,0.2824427480916031,0,0,188,66,188,82
513,XGBRegressor,XGBoost,"{""n_estimators"": 500, ""learning_rate"": 0.10700484416144872, ""max_depth"": 6, ""min_child_weight"": 9.110767109266016, ""subsample"": 0.7457811292618205, ""colsample_bytree"": 0.6893812976659651, ""reg_alpha"": 0.0011846363224359785, ""reg_lambda"": 4.204711375556514}",no_improvement,WARN,,3.553225230400006,2.269683728349624,0.9499414619341516,0.9219794735810786,2.737025957247773,1.7749782512542467,0.9711033427723079,0.9426496529697876,0.2824427480916031,0,0,188,67,188,83
514,XGBRegressor,XGBoost,"{""n_estimators"": 500, ""learning_rate"": 0.12052160626710706, ""max_depth"": 6, ""min_child_weight"": 9.265447980859784, ""subsample"": 0.7461052975060666, ""colsample_bytree"": 0.6864865397864475, ""reg_alpha"": 0.0016104727214899346, ""reg_lambda"": 3.8709812135674393}",no_improvement,WARN,,3.6495450667932916,2.2873512427334584,0.947222025976596,0.9197035366622421,2.8036425248352153,1.7920655968153925,0.9696795912824747,0.9411851905485958,0.2824427480916031,0,0,188,66,188,82
515,HistGradientBoostingRegressor,HistGradientBoosting,"{""learning_rate"": 0.14810280687023605, ""max_depth"": null, ""max_leaf_nodes"": 57, ""min_samples_leaf"": 18, ""l2_regularization"": 0.2694081515930559}",no_improvement,WARN,,3.868056815050694,2.5035459951473973,0.9406858370402652,0.913435388573183,3.1576421911266457,2.1333431892251378,0.9615394397179212,0.9318157869110923,0.2824427480916031,0,0,188,66,188,84
516,XGBRegressor,XGBoost,"{""n_estimators"": 500, ""learning_rate"": 0.10307188500956783, ""max_depth"": 6, ""min_child_weight"": 9.09692294686854, ""subsample"": 0.7357046629097672, ""colsample_bytree"": 0.696033966065282, ""reg_alpha"": 0.0009408822205601896, ""reg_lambda"": 2.724592448569581}",no_improvement,WARN,,3.63542081435448,2.2712487025983457,0.9475830031906176,0.9201022678938108,2.6476005343309126,1.70834065773468,0.9729607467030652,0.9448462490284102,0.2824427480916031,0,0,188,67,188,82
517,XGBRegressor,XGBoost,"{""n_estimators"": 500, ""learning_rate"": 0.11416668697317327, ""max_depth"": 6, ""min_child_weight"": 9.401809801032378, ""subsample"": 0.7457837056704328, ""colsample_bytree"": 0.6751171995052475, ""reg_alpha"": 0.0011488147525511195, ""reg_lambda"": 3.349727520292162}",no_improvement,WARN,,3.5385701676854024,2.2342536458198436,0.9503223499067499,0.9225008577293503,2.6424838588552713,1.7144395889386517,0.9730651562586604,0.9449153799412124,0.2824427480916031,0,0,188,67,188,82
518,XGBRegressor,XGBoost,"{""n_estimators"": 500, ""learning_rate"": 0.02066432960153289, ""max_depth"": 6, ""min_child_weight"": 9.497570982074906, ""subsample"": 0.7335066767156219, ""colsample_bytree"": 0.6748698193190498, ""reg_alpha"": 0.0007097430211463077, ""reg_lambda"": 2.45665657059812}",no_improvement,WARN,,3.895276421065636,2.6374238885575245,0.9399210722938605,0.9120652541580619,3.318505345267093,2.3610303849662415,0.9575209479033064,0.9270521824776665,0.2824427480916031,0,0,188,68,188,84
519,CatBoostRegressor,CatBoost,"{""iterations"": 200, ""learning_rate"": 0.010136248230327416, ""depth"": 4, ""l2_leaf_reg"": 5.189306441037751, ""bagging_temperature"": 2.0405269510487827, ""random_strength"": 1.7430045653459185}",no_improvement,WARN,,7.179872131897087,5.66137754190635,0.7964447226824568,0.8055522257155024,7.138550668418215,5.711793335099784,0.8034333361250034,0.807947578508794,0.2824427480916031,0,0,188,67,188,83
520,XGBRegressor,XGBoost,"{""n_estimators"": 300, ""learning_rate"": 0.05, ""max_depth"": 5, ""min_child_weight"": 9.997308146162563, ""subsample"": 0.8, ""colsample_bytree"": 0.8, ""reg_alpha"": 0.01, ""reg_lambda"": 3.2091529897863427}",no_improvement,WARN,,3.828625902393571,2.60845449720238,0.9418549671117544,0.9137503619070346,3.3587332667485015,2.397015878210463,0.9564848178663246,0.925969929146407,0.2824427480916031,0,0,188,66,188,82
521,XGBRegressor,XGBoost,"{""n_estimators"": 500, ""learning_rate"": 0.13032218440284468, ""max_depth"": 6, ""min_child_weight"": 9.337219476924734, ""subsample"": 0.7224025960759337, ""colsample_bytree"": 0.6831545505285105, ""reg_alpha"": 0.0016566695346769396, ""reg_lambda"": 3.3048960995639236}",no_improvement,WARN,,3.6365403183060763,2.2634819076805095,0.9476099935088719,0.9201384299084642,2.634169295923874,1.6920578442327947,0.9732343903082781,0.9452100112980576,0.2824427480916031,0,0,188,66,188,82
522,XGBRegressor,XGBoost,"{""n_estimators"": 500, ""learning_rate"": 0.11526292720724263, ""max_depth"": 6, ""min_child_weight"": 8.943276510704472, ""subsample"": 0.7415796123020008, ""colsample_bytree"": 0.6716012353196464, ""reg_alpha"": 0.003339149133862329, ""reg_lambda"": 5.557086407819282}",no_improvement,WARN,,3.581213011543788,2.245877790578019,0.9491912365236643,0.9214936237151056,2.713251098172778,1.7004425800593597,0.9716031773595066,0.9435564289932035,0.2824427480916031,0,0,188,65,188,81
523,XGBRegressor,XGBoost,"{""n_estimators"": 500, ""learning_rate"": 0.13788988228022622, ""max_depth"": 6, ""min_child_weight"": 9.697700673082476, ""subsample"": 0.7166291805978577, ""colsample_bytree"": 0.6587340946455271, ""reg_alpha"": 0.002402879521303571, ""reg_lambda"": 3.8219430070715674}",no_improvement,WARN,,3.618894162660743,2.2550645423430296,0.9479563351222222,0.9205390950956881,2.6929929206262178,1.6836395217509235,0.9720256375508641,0.9440641902815972,0.2824427480916031,0,0,188,63,188,79
524,XGBRegressor,XGBoost,"{""n_estimators"": 500, ""learning_rate"": 0.11988461375683315, ""max_depth"": 6, ""min_child_weight"": 9.422362530513125, ""subsample"": 0.7316088677255906, ""colsample_bytree"": 0.6648641717495638, ""reg_alpha"": 0.001205435764721292, ""reg_lambda"": 6.974714687700282}",no_improvement,WARN,,3.5761965546426056,2.2481764322936573,0.949398370629883,0.9216136248411685,2.7769726214952684,1.7747895813313326,0.9702536988733816,0.941831669014569,0.2824427480916031,0,0,188,63,188,78
525,LGBMRegressor,LightGBM,"{""n_estimators"": 200, ""learning_rate"": 0.011974225190956589, ""num_leaves"": 30, ""min_child_samples"": 5, ""subsample"": 0.7830063596700212, ""colsample_bytree"": 0.65393388343601, ""reg_lambda"": 0.23223045700394615}",no_improvement,WARN,,4.832311875342621,3.6632211638340957,0.9076247446445083,0.8833480121399233,4.5789043518629375,3.5766776434112493,0.919125256284281,0.8908658686394408,0.2824427480916031,0,0,188,67,188,83
526,XGBRegressor,XGBoost,"{""n_estimators"": 500, ""learning_rate"": 0.10030682614851584, ""max_depth"": 6, ""min_child_weight"": 8.983469221162018, ""subsample"": 0.7098680928251188, ""colsample_bytree"": 0.6795822677496745, ""reg_alpha"": 0.002773694287282296, ""reg_lambda"": 2.7896449592899986}",no_improvement,WARN,,3.5885570346006297,2.2608660874398057,0.9489925299247609,0.9212456235967592,2.685016580914591,1.7497537058602342,0.9721911059180871,0.9438529930762453,0.2824427480916031,0,0,188,65,188,81
527,XGBRegressor,XGBoost,"{""n_estimators"": 500, ""learning_rate"": 0.12664615425745746, ""max_depth"": 6, ""min_child_weight"": 8.538738513821874, ""subsample"": 0.7575895216523942, ""colsample_bytree"": 0.662936086785445, ""reg_alpha"": 0.0008513488525592424, ""reg_lambda"": 5.445869771006416}",new_best,WARN,,3.496962183547422,2.2214684902954596,0.9514963641895609,0.9235129056164861,2.637285638616314,1.6443721156003874,0.973171022967612,0.9454163711559997,0.2824427480916031,0,0,188,64,188,80
528,XGBRegressor,XGBoost,"{""n_estimators"": 500, ""learning_rate"": 0.12411543917363616, ""max_depth"": 6, ""min_child_weight"": 8.506417938658302, ""subsample"": 0.7566096634427629, ""colsample_bytree"": 0.6538269497172526, ""reg_alpha"": 0.0004234514333199387, ""reg_lambda"": 4.218610177561712}",no_improvement,WARN,,3.6035236256646526,2.258037048575165,0.9485774211957503,0.9209257031301952,2.6958594462777272,1.7026228102952308,0.9719660518719077,0.9438985928972465,0.2824427480916031,0,0,188,67,188,83
529,XGBRegressor,XGBoost,"{""n_estimators"": 500, ""learning_rate"": 0.13319397022911375, ""max_depth"": 6, ""min_child_weight"": 8.85465484427072, ""subsample"": 0.7517830378881972, ""colsample_bytree"": 0.6708593762415003, ""reg_alpha"": 0.0008460090212093809, ""reg_lambda"": 2.127583795532933}",no_improvement,WARN,,3.603405188054957,2.2563071079741563,0.9484954808739718,0.9209125663027797,2.693020631379106,1.6934777872525997,0.9720250618385201,0.9440080488852913,0.2824427480916031,0,0,188,64,188,81
530,XGBRegressor,XGBoost,"{""n_estimators"": 300, ""learning_rate"": 0.05, ""max_depth"": 5, ""min_child_weight"": 9.239016932256341, ""subsample"": 0.8, ""colsample_bytree"": 0.8, ""reg_alpha"": 0.01, ""reg_lambda"": 3.359177410707053}",no_improvement,WARN,,3.8499340608911963,2.6221376203714977,0.941327288802758,0.9132138313897149,3.3575422349466253,2.396138023522457,0.9565156740090303,0.926000965716649,0.2824427480916031,0,0,188,66,188,82
531,XGBRegressor,XGBoost,"{""n_estimators"": 500, ""learning_rate"": 0.14158849319158803, ""max_depth"": 6, ""min_child_weight"": 8.65746970993283, ""subsample"": 0.7211494705992959, ""colsample_bytree"": 0.6638111364198734, ""reg_alpha"": 0.001154256083668321, ""reg_lambda"": 5.1066747761687346}",no_improvement,WARN,,3.6061326966663003,2.2544506299446905,0.9484375568706153,0.9208671566171203,2.6318259997035716,1.6399787175594345,0.9732819892648825,0.9455515848780502,0.2824427480916031,0,0,188,65,188,81
532,XGBRegressor,XGBoost,"{""n_estimators"": 500, ""learning_rate"": 0.14835690893603512, ""max_depth"": 6, ""min_child_weight"": 9.74532982165295, ""subsample"": 0.7655885741247251, ""colsample_bytree"": 0.6515628131692287, ""reg_alpha"": 0.0005609960845664101, ""reg_lambda"": 4.197059386396204}",no_improvement,WARN,,3.639062640439979,2.277109499264566,0.947324248932589,0.9199401008133816,2.644646051283112,1.6759127190785066,0.9730210597609521,0.9450892569789093,0.2824427480916031,0,0,188,67,188,83
533,XGBRegressor,XGBoost,"{""n_estimators"": 500, ""learning_rate"": 0.12668458429250087, ""max_depth"": 6, ""min_child_weight"": 8.912056574314748, ""subsample"": 0.7061612324233169, ""colsample_bytree"": 0.6725267758666563, ""reg_alpha"": 0.0017046499331588255, ""reg_lambda"": 3.458353892555592}",no_improvement,WARN,,3.5917114271566417,2.282321506434096,0.9488031456640809,0.9210230558582987,2.688563306733863,1.6944179456111388,0.9721175900482176,0.9440934459657228,0.2824427480916031,0,0,188,67,188,82
534,ExtraTreesRegressor,ExtraTrees,"{""n_estimators"": 500, ""max_depth"": 6, ""min_samples_split"": 3, ""min_samples_leaf"": 2, ""max_features"": ""sqrt""}",no_improvement,WARN,,6.462524525385267,5.033722286899889,0.8350340398066743,0.8308056253791503,6.443515268662717,5.046093214000265,0.8398468452457246,0.832448045333463,0.2824427480916031,0,0,188,73,188,88
535,XGBRegressor,XGBoost,"{""n_estimators"": 500, ""learning_rate"": 0.11452522109319688, ""max_depth"": 6, ""min_child_weight"": 8.567957957859875, ""subsample"": 0.747681980065821, ""colsample_bytree"": 0.6805830845462527, ""reg_alpha"": 0.0009525782618377969, ""reg_lambda"": 1.719116342145944}",no_improvement,WARN,,3.580604432761362,2.2214917336337288,0.9492320004094184,0.9216522069216868,2.7416127234445358,1.7350629754046116,0.9710064103564899,0.9427812808342436,0.2824427480916031,0,0,188,66,188,81
536,XGBRegressor,XGBoost,"{""n_estimators"": 500, ""learning_rate"": 0.10897580574587466, ""max_depth"": 6, ""min_child_weight"": 9.108098763148893, ""subsample"": 0.7250037177199232, ""colsample_bytree"": 0.6594158245073244, ""reg_alpha"": 0.0006490132085716525, ""reg_lambda"": 5.380161154847159}",no_improvement,WARN,,3.6698933837659213,2.3190321538941387,0.9467529210789027,0.919096462489806,2.7506407050897193,1.8209555030472222,0.9708151473359571,0.9421111866874667,0.2824427480916031,0,0,188,64,188,79
537,XGBRegressor,XGBoost,"{""n_estimators"": 500, ""learning_rate"": 0.12669668716603402, ""max_depth"": 6, ""min_child_weight"": 8.747412081401349, ""subsample"": 0.7152444906469313, ""colsample_bytree"": 0.653403512784127, ""reg_alpha"": 0.002322453618103, ""reg_lambda"": 6.968616540594981}",no_improvement,WARN,,3.562523338333367,2.2291946394315763,0.9495298078974617,0.9219533894022195,2.5481959889987356,1.6661504376122835,0.9749530165055155,0.947086131841812,0.2824427480916031,0,0,188,64,188,79
538,XGBRegressor,XGBoost,"{""n_estimators"": 500, ""learning_rate"": 0.11347043912720498, ""max_depth"": 6, ""min_child_weight"": 9.555511905772043, ""subsample"": 0.7329454115449188, ""colsample_bytree"": 0.6695015170546367, ""reg_alpha"": 0.0014508778433028112, ""reg_lambda"": 4.834035624765513}",no_improvement,WARN,,3.6529427731497224,2.2910992188878447,0.9471542807799105,0.9196140554723289,2.710020270989339,1.7853057601844635,0.9716707646192051,0.9431429328617333,0.2824427480916031,0,0,188,64,188,80
539,XGBRegressor,XGBoost,"{""n_estimators"": 500, ""learning_rate"": 0.13403171721068363, ""max_depth"": 6, ""min_child_weight"": 8.371155563529154, ""subsample"": 0.7421661615640327, ""colsample_bytree"": 0.996256836900134, ""reg_alpha"": 0.003520573118326096, ""reg_lambda"": 2.4375947270060734}",no_improvement,WARN,,3.690045834800059,2.3179471318990785,0.9459933826502894,0.9185901224061553,2.744949992422495,1.7546896169675519,0.9709357816368572,0.9426020879846093,0.2824427480916031,0,0,188,65,188,81
540,XGBRegressor,XGBoost,"{""n_estimators"": 300, ""learning_rate"": 0.05, ""max_depth"": 5, ""min_child_weight"": 8.916596284818475, ""subsample"": 0.8, ""colsample_bytree"": 0.8, ""reg_alpha"": 0.01, ""reg_lambda"": 3.872340123242616}",no_improvement,WARN,,3.8464723850546,2.6146394978410608,0.9414061982103228,0.9133287502138101,3.3325446617281984,2.3666435492059255,0.9571607626310674,0.9267141438752958,0.2824427480916031,0,0,188,65,188,81
541,XGBRegressor,XGBoost,"{""n_estimators"": 500, ""learning_rate"": 0.12022149063923021, ""max_depth"": 6, ""min_child_weight"": 9.333811917166013, ""subsample"": 0.7117129194698372, ""colsample_bytree"": 0.6908009096938742, ""reg_alpha"": 0.0007677637408505511, ""reg_lambda"": 6.268094987389682}",no_improvement,WARN,,3.65804519847024,2.2982094155679675,0.9469560086164641,0.9194423473642683,2.803106830923188,1.7719785719597527,0.9696911768583728,0.9413097052720649,0.2824427480916031,0,0,188,65,188,81
542,RandomForestRegressor,RandomForest,"{""n_estimators"": 200, ""max_depth"": 4, ""min_samples_split"": 5, ""min_samples_leaf"": 2, ""max_features"": ""sqrt""}",no_improvement,WARN,,6.279294278545833,4.867451265831808,0.844170311219116,0.8370735024463614,6.099439453906343,4.842799422248502,0.8564941440781256,0.8434499570365113,0.2824427480916031,0,0,188,67,188,84
543,HistGradientBoostingRegressor,HistGradientBoosting,"{""learning_rate"": 0.015679817618210214, ""max_depth"": 5, ""max_leaf_nodes"": 15, ""min_samples_leaf"": 12, ""l2_regularization"": 0.9120929907402352}",no_improvement,WARN,,6.579803032251148,5.175309427890014,0.8289662763206402,0.8265291620440263,6.5332315044532425,5.255000714753656,0.835356014910106,0.8286536175605419,0.2824427480916031,0,0,188,68,188,84
544,XGBRegressor,XGBoost,"{""n_estimators"": 500, ""learning_rate"": 0.15521773979887116, ""max_depth"": 6, ""min_child_weight"": 8.716090427848041, ""subsample"": 0.7601631011438592, ""colsample_bytree"": 0.6607398305072925, ""reg_alpha"": 0.0012772708747478053, ""reg_lambda"": 3.0082200135690176}",no_improvement,WARN,,3.612711607681078,2.2419040646173243,0.9482714650599314,0.9207952935665085,2.7993646768150175,1.7538509840735093,0.9697720475391546,0.9414892204981327,0.2824427480916031,0,0,188,67,188,83
545,XGBRegressor,XGBoost,"{""n_estimators"": 500, ""learning_rate"": 0.10261232311895109, ""max_depth"": 6, ""min_child_weight"": 8.528786212251951, ""subsample"": 0.7268748805910528, ""colsample_bytree"": 0.6799444310647832, ""reg_alpha"": 0.001933820884212286, ""reg_lambda"": 4.485159222896181}",no_improvement,WARN,,3.590482718612132,2.2602019766959325,0.9489524000391203,0.9212101403115127,2.5850978687997688,1.6778057054774413,0.9742223244418772,0.9462799265842033,0.2824427480916031,0,0,188,64,188,79
546,XGBRegressor,XGBoost,"{""n_estimators"": 500, ""learning_rate"": 0.10908998042483664, ""max_depth"": 6, ""min_child_weight"": 9.003192350520209, ""subsample"": 0.701164986052447, ""colsample_bytree"": 0.651804505439502, ""reg_alpha"": 0.00021215307324007365, ""reg_lambda"": 5.495728481869915}",no_improvement,WARN,,3.603862952828435,2.2890745669779813,0.9485815753351435,0.9207468231426283,2.6283940411005062,1.7246757241095552,0.9733516255710807,0.9451424827194109,0.2824427480916031,0,0,188,65,188,81
547,CatBoostRegressor,CatBoost,"{""iterations"": 500, ""learning_rate"": 0.12489512625191147, ""depth"": 7, ""l2_leaf_reg"": 2.240757876896219, ""bagging_temperature"": 0.8145002420414096, ""random_strength"": 0.4423371478719387}",no_improvement,WARN,,3.602078031430948,2.236612747750193,0.9486062234745981,0.9210757875594984,2.40444692110321,1.606444614740614,0.9776992143848117,0.9502774068804143,0.2824427480916031,0,0,188,64,188,80
548,XGBRegressor,XGBoost,"{""n_estimators"": 500, ""learning_rate"": 0.12221122212520598, ""max_depth"": 6, ""min_child_weight"": 9.119676914234589, ""subsample"": 0.7199581881997406, ""colsample_bytree"": 0.6694633003279817, ""reg_alpha"": 0.0004007697042860422, ""reg_lambda"": 3.5998621675919518}",no_improvement,WARN,,3.588928254785929,2.2492898824477923,0.9488779089082542,0.9212713897653503,2.5098973640718456,1.6383745468631354,0.97570025596201,0.9480080941803898,0.2824427480916031,0,0,188,63,188,78
549,XGBRegressor,XGBoost,"{""n_estimators"": 500, ""learning_rate"": 0.09954487276034271, ""max_depth"": 6, ""min_child_weight"": 8.378898747503273, ""subsample"": 0.7351389345170739, ""colsample_bytree"": 0.6457446929771997, ""reg_alpha"": 0.006458094850855454, ""reg_lambda"": 4.695144500670542}",no_improvement,WARN,,3.571048822289079,2.2477744820419927,0.9494257933794247,0.9216968224400959,2.539373225175819,1.6295674274145386,0.9751261594338667,0.947469337401762,0.2824427480916031,0,0,188,64,188,80
550,XGBRegressor,XGBoost,"{""n_estimators"": 300, ""learning_rate"": 0.05, ""max_depth"": 5, ""min_child_weight"": 8.805456469072649, ""subsample"": 0.8, ""colsample_bytree"": 0.8, ""reg_alpha"": 0.01, ""reg_lambda"": 8.082574193427483}",no_improvement,WARN,,3.9163624048792633,2.7015793266201187,0.9392877721713854,0.9112150517361204,3.3420803025054093,2.403002836447961,0.9569152541357234,0.9263004246979628,0.2824427480916031,0,0,188,67,188,83
551,XGBRegressor,XGBoost,"{""n_estimators"": 500, ""learning_rate"": 0.14426213586783065, ""max_depth"": 6, ""min_child_weight"": 8.616541734403368, ""subsample"": 0.7076485089118962, ""colsample_bytree"": 0.6958394801403365, ""reg_alpha"": 0.0008563479813356547, ""reg_lambda"": 2.736657990978205}",no_improvement,WARN,,3.660792256186754,2.2746913527153767,0.9467469796537975,0.9194736985296227,2.6678012711664065,1.6805861906166388,0.97254656292572,0.9445934917338787,0.2824427480916031,0,0,188,64,188,80
552,XGBRegressor,XGBoost,"{""n_estimators"": 500, ""learning_rate"": 0.11304904232066142, ""max_depth"": 6, ""min_child_weight"": 8.146390492463295, ""subsample"": 0.7483617235844703, ""colsample_bytree"": 0.6603989224694099, ""reg_alpha"": 0.003712087309499847, ""reg_lambda"": 6.259979635137377}",no_improvement,WARN,,3.562635489754412,2.248681776553906,0.9497800907307227,0.9219168056094825,2.584592969947028,1.6460871926594016,0.974232392801743,0.9464692586530028,0.2824427480916031,0,0,188,67,188,82
553,XGBRegressor,XGBoost,"{""n_estimators"": 500, ""learning_rate"": 0.1322922523202632, ""max_depth"": 6, ""min_child_weight"": 9.238368205365155, ""subsample"": 0.7148611745471765, ""colsample_bytree"": 0.6756228920422783, ""reg_alpha"": 0.002699070315525285, ""reg_lambda"": 3.9327368739262103}",no_improvement,WARN,,3.6373939605202947,2.2842645422238164,0.9475897158924289,0.9200028877020288,2.6510584242443525,1.6863061953059932,0.9728900715261244,0.9449006864218812,0.2824427480916031,0,0,188,66,188,82
554,LGBMRegressor,LightGBM,"{""n_estimators"": 150, ""learning_rate"": 0.017660077525192542, ""num_leaves"": 52, ""min_child_samples"": 11, ""subsample"": 0.6421481355324535, ""colsample_bytree"": 0.7110081249136277, ""reg_lambda"": 0.003299779340994453}",no_improvement,WARN,,4.625427582562107,3.3813413710697313,0.9153565432136519,0.8901816927777074,4.251003027270962,3.144759988614975,0.9302936082779308,0.9012871867882177,0.2824427480916031,0,0,188,66,188,82
555,XGBRegressor,XGBoost,"{""n_estimators"": 500, ""learning_rate"": 0.10048920749766527, ""max_depth"": 6, ""min_child_weight"": 8.905266021972237, ""subsample"": 0.7276886813452074, ""colsample_bytree"": 0.646547988309928, ""reg_alpha"": 0.001795999081732555, ""reg_lambda"": 3.209385697254351}",no_improvement,WARN,,3.563192953497043,2.242602897351215,0.9496034957970384,0.9218902943976794,2.630338706432226,1.685009839781757,0.9733121784106645,0.9453272610431604,0.2824427480916031,0,0,188,68,188,83
556,XGBRegressor,XGBoost,"{""n_estimators"": 500, ""learning_rate"": 0.10478496908296331, ""max_depth"": 6, ""min_child_weight"": 8.28260677293767, ""subsample"": 0.7404904891697692, ""colsample_bytree"": 0.6669332784679814, ""reg_alpha"": 0.0010640070996031127, ""reg_lambda"": 4.965957443393912}",no_improvement,WARN,,3.5410802603667806,2.2142105140317665,0.9503541377543296,0.9225881703070391,2.6265496486882003,1.69010226005731,0.9733890117575341,0.9453750553644309,0.2824427480916031,0,0,188,67,188,82
557,XGBRegressor,XGBoost,"{""n_estimators"": 150, ""learning_rate"": 0.11746374304804809, ""max_depth"": 6, ""min_child_weight"": 8.508005251100188, ""subsample"": 0.7446858644373469, ""colsample_bytree"": 0.7429372914798893, ""reg_alpha"": 0.0011326278742214738, ""reg_lambda"": 0.06349716705940527}",no_improvement,WARN,,3.802151950497277,2.4963981171980745,0.9427153106265221,0.9150153673906267,3.104831614145795,2.149795052639919,0.9628151633737013,0.932851396186374,0.2824427480916031,0,0,188,66,188,82
558,XGBRegressor,XGBoost,"{""n_estimators"": 500, ""learning_rate"": 0.10756412612022598, ""max_depth"": 6, ""min_child_weight"": 8.281281882318725, ""subsample"": 0.7392612058998024, ""colsample_bytree"": 0.6655454572886362, ""reg_alpha"": 0.0006443826863249041, ""reg_lambda"": 7.59090435767164}",no_improvement,WARN,,3.5849327818317165,2.244094890349505,0.9490492578388349,0.9214085685169431,2.666162811382017,1.6648455822240744,0.9725802742371109,0.9447156649258971,0.2824427480916031,0,0,188,63,188,79
559,XGBRegressor,XGBoost,"{""n_estimators"": 500, ""learning_rate"": 0.1265861805677112, ""max_depth"": 6, ""min_child_weight"": 8.764838765598, ""subsample"": 0.7588231146574737, ""colsample_bytree"": 0.8524780236844745, ""reg_alpha"": 0.0012863722628123349, ""reg_lambda"": 5.704403155550216}",no_improvement,WARN,,3.647559041455483,2.293750644475039,0.947199256909405,0.919688603223229,2.701943257854168,1.7359065242747647,0.9718393793154185,0.9435866480255183,0.2824427480916031,0,0,188,65,188,81
560,XGBRegressor,XGBoost,"{""n_estimators"": 300, ""learning_rate"": 0.05, ""max_depth"": 5, ""min_child_weight"": 9.086126162553823, ""subsample"": 0.8, ""colsample_bytree"": 0.8, ""reg_alpha"": 0.01, ""reg_lambda"": 4.991097436119192}",no_improvement,WARN,,3.8937197292280437,2.664612295838831,0.9399327569750756,0.9119371543359581,3.3759081776292286,2.411300075720925,0.9560386495311828,0.9255128289001523,0.2824427480916031,0,0,188,67,188,83
561,XGBRegressor,XGBoost,"{""n_estimators"": 500, ""learning_rate"": 0.10838746800533376, ""max_depth"": 6, ""min_child_weight"": 9.410151356457348, ""subsample"": 0.7518202025938927, ""colsample_bytree"": 0.6862257585458295, ""reg_alpha"": 0.0009181063386041006, ""reg_lambda"": 4.66296002885452}",no_improvement,WARN,,3.585221641184398,2.288036635672209,0.9489968814570606,0.9211405448684589,2.756478884081683,1.7839692665731763,0.9706911273472905,0.9422004684628971,0.2824427480916031,0,0,188,67,188,82
562,XGBRegressor,XGBoost,"{""n_estimators"": 500, ""learning_rate"": 0.13815847920735022, ""max_depth"": 6, ""min_child_weight"": 8.513594380948868, ""subsample"": 0.7000756383544077, ""colsample_bytree"": 0.6700302125232649, ""reg_alpha"": 0.0005626392073685365, ""reg_lambda"": 6.978192996351503}",no_improvement,WARN,,3.5226637826605405,2.2532949072146264,0.9509041154374209,0.9227924632663755,2.6014181373344893,1.6740588249175672,0.9738958172160607,0.9459726539033724,0.2824427480916031,0,0,188,66,188,82
563,ExtraTreesRegressor,ExtraTrees,"{""n_estimators"": 400, ""max_depth"": null, ""min_samples_split"": 11, ""min_samples_leaf"": 4, ""max_features"": 0.5}",no_improvement,WARN,,4.801240488703348,3.4730866139837757,0.9088532997289575,0.8852294807688945,4.438920672574698,3.2205731267424205,0.9239945837544421,0.8963152903377178,0.2824427480916031,0,0,188,65,188,81
564,XGBRegressor,XGBoost,"{""n_estimators"": 500, ""learning_rate"": 0.1529842935603893, ""max_depth"": 6, ""min_child_weight"": 8.624323134422887, ""subsample"": 0.6964399139160394, ""colsample_bytree"": 0.6745956512669202, ""reg_alpha"": 0.00047241101303593274, ""reg_lambda"": 7.151115023695641}",no_improvement,WARN,,3.5936217347168182,2.28547932430509,0.9488405965277282,0.9209894735044364,2.6436011142492992,1.6721988876147624,0.973042375070338,0.9451313887519135,0.2824427480916031,0,0,188,64,188,80
565,XGBRegressor,XGBoost,"{""n_estimators"": 250, ""learning_rate"": 0.13481936841709471, ""max_depth"": 6, ""min_child_weight"": 8.717953467924378, ""subsample"": 0.7014013557245511, ""colsample_bytree"": 0.6633529992350845, ""reg_alpha"": 0.0005732712569707776, ""reg_lambda"": 7.636995797992453}",no_improvement,WARN,,3.6579538106072342,2.3381115318007533,0.9470842838153448,0.9192567095874432,2.8569874318269726,1.884259898930722,0.9685148016359428,0.9395615623806116,0.2824427480916031,0,0,188,65,188,81
566,XGBRegressor,XGBoost,"{""n_estimators"": 500, ""learning_rate"": 0.14619798025035619, ""max_depth"": 6, ""min_child_weight"": 8.9172979051416, ""subsample"": 0.7084041644976592, ""colsample_bytree"": 0.6700507405867532, ""reg_alpha"": 0.00026840643412682336, ""reg_lambda"": 8.874304391037038}",no_improvement,WARN,,3.59881184127329,2.2551526481702737,0.9487351782167595,0.9210558678335217,2.497882960283445,1.5940645875158292,0.9759323357224198,0.9484977058078176,0.2824427480916031,0,0,188,65,188,80
567,XGBRegressor,XGBoost,"{""n_estimators"": 500, ""learning_rate"": 0.14096129027925913, ""max_depth"": 6, ""min_child_weight"": 8.450479365186059, ""subsample"": 0.6907615888714488, ""colsample_bytree"": 0.6769590676046886, ""reg_alpha"": 0.0007765437327631033, ""reg_lambda"": 6.659722094646582}",no_improvement,WARN,,3.609243551856604,2.292471243946278,0.948343485373576,0.9205802191570125,2.638782555786794,1.7182069784401484,0.973140558194761,0.944968990731571,0.2824427480916031,0,0,188,63,188,79
568,XGBRegressor,XGBoost,"{""n_estimators"": 500, ""learning_rate"": 0.15995017404933332, ""max_depth"": 6, ""min_child_weight"": 8.555583885935164, ""subsample"": 0.7014191778471496, ""colsample_bytree"": 0.6572219325294195, ""reg_alpha"": 0.001710744103388546, ""reg_lambda"": 6.184815975736458}",no_improvement,WARN,,3.6387305672230306,2.3088068589230506,0.9475823827174541,0.9198431692283957,2.7058472614393367,1.6800184239128124,0.9717579426763283,0.9438227991647116,0.2824427480916031,0,0,188,65,188,81
569,RandomForestRegressor,RandomForest,"{""n_estimators"": 150, ""max_depth"": 14, ""min_samples_split"": 8, ""min_samples_leaf"": 3, ""max_features"": ""sqrt""}",no_improvement,WARN,,4.6818628607839585,3.3911026112539178,0.9132719061403206,0.8887041383378526,4.272324104077736,3.1204827592645716,0.9295926243413477,0.900912923910267,0.2824427480916031,0,0,188,68,188,84
570,XGBRegressor,XGBoost,"{""n_estimators"": 300, ""learning_rate"": 0.05, ""max_depth"": 5, ""min_child_weight"": 9.829243011606488, ""subsample"": 0.8, ""colsample_bytree"": 0.8, ""reg_alpha"": 0.01, ""reg_lambda"": 5.769852525955318}",no_improvement,WARN,,3.8852855790301417,2.6374322919063604,0.9402312059895742,0.9122993449217753,3.3689821010461354,2.4049049872627806,0.9562188483552773,0.925700830253569,0.2824427480916031,0,0,188,65,188,81
571,XGBRegressor,XGBoost,"{""n_estimators"": 500, ""learning_rate"": 0.12741137123659146, ""max_depth"": 6, ""min_child_weight"": 9.120846417289476, ""subsample"": 0.7161034778214298, ""colsample_bytree"": 0.6855452445020502, ""reg_alpha"": 0.0012493830022671632, ""reg_lambda"": 0.01591754547458196}",no_improvement,WARN,,3.7701359302629016,2.3530505354838445,0.9436892606153542,0.9165694911209311,2.5990134299674432,1.7285644451164954,0.9739440554493785,0.9457131788290722,0.2824427480916031,0,0,188,66,188,83
572,HistGradientBoostingRegressor,HistGradientBoosting,"{""learning_rate"": 0.050628938855459965, ""max_depth"": 3, ""max_leaf_nodes"": 58, ""min_samples_leaf"": 22, ""l2_regularization"": 0.0004473394868440643}",no_improvement,WARN,,5.127775522205875,3.902858816182558,0.8960690063272093,0.8743547958529767,4.9815459242911215,3.8581531482150866,0.9042766143531163,0.8791347884792127,0.2824427480916031,0,0,188,65,188,83
573,XGBRegressor,XGBoost,"{""n_estimators"": 500, ""learning_rate"": 0.13762109689382007, ""max_depth"": 6, ""min_child_weight"": 8.807464239923613, ""subsample"": 0.7202303328286912, ""colsample_bytree"": 0.6675014824841747, ""reg_alpha"": 0.0023629022907578952, ""reg_lambda"": 8.44811221264601}",no_improvement,WARN,,3.621614382011964,2.248475256951199,0.948001637418231,0.9205514923390767,2.6452573724942914,1.6732695915649063,0.9730085857252636,0.945091812521508,0.2824427480916031,0,0,188,64,188,79
574,XGBRegressor,XGBoost,"{""n_estimators"": 500, ""learning_rate"": 0.12873396987917043, ""max_depth"": 6, ""min_child_weight"": 8.93972269552232, ""subsample"": 0.7103568511197255, ""colsample_bytree"": 0.6527636719373098, ""reg_alpha"": 0.0003564137091298045, ""reg_lambda"": 5.375936749760428}",no_improvement,WARN,,3.5974546319251095,2.2536399093541246,0.9487577653443617,0.9210903571055045,2.6199704519777103,1.7032475404518863,0.9735221595549702,0.9454336570455014,0.2824427480916031,0,0,188,64,188,79
575,CatBoostRegressor,CatBoost,"{""iterations"": 400, ""learning_rate"": 0.07328819672523226, ""depth"": 8, ""l2_leaf_reg"": 6.481718683547837, ""bagging_temperature"": 3.132674102772547, ""random_strength"": 1.5835140258313847}",no_improvement,WARN,,3.8469313306148507,2.604433449868736,0.9413887574597467,0.9133746913870404,3.082842313288994,2.2364839850853384,0.9633400054137561,0.9328296837970563,0.2824427480916031,0,0,188,68,188,84
576,XGBRegressor,XGBoost,"{""n_estimators"": 500, ""learning_rate"": 0.11908209794066743, ""max_depth"": 6, ""min_child_weight"": 6.737653574357248, ""subsample"": 0.6824760883529303, ""colsample_bytree"": 0.7020387085963837, ""reg_alpha"": 0.0009461022247767259, ""reg_lambda"": 6.987061994574145}",no_improvement,WARN,,3.5822099161862413,2.252744608506134,0.9491962956298924,0.9214422710850205,2.7458167524824857,1.7499422102534752,0.9709174237935049,0.9426111581673076,0.2824427480916031,0,0,188,65,188,80
577,XGBRegressor,XGBoost,"{""n_estimators"": 500, ""learning_rate"": 0.1204184937415689, ""max_depth"": 6, ""min_child_weight"": 9.616739010219312, ""subsample"": 0.6951103355781661, ""colsample_bytree"": 0.6785674296791196, ""reg_alpha"": 0.0006362839752061166, ""reg_lambda"": 4.919882827814986}",no_improvement,WARN,,3.606881869162936,2.2725598652423784,0.9483788816224499,0.9207366728160843,2.6200244749174613,1.705482465772698,0.9735210676147728,0.9454199411979468,0.2824427480916031,0,0,188,63,188,79
578,XGBRegressor,XGBoost,"{""n_estimators"": 500, ""learning_rate"": 0.0826410898939635, ""max_depth"": 6, ""min_child_weight"": 8.30743052950962, ""subsample"": 0.7041006733521317, ""colsample_bytree"": 0.6615981619008392, ""reg_alpha"": 0.0041101029063820155, ""reg_lambda"": 3.69848120112894}",no_improvement,WARN,,3.581932820686859,2.277903593404922,0.9492170151957715,0.9213102747208914,2.712949084334377,1.8144975314424914,0.9716094987472298,0.9429182830220284,0.2824427480916031,0,0,188,65,188,81
579,XGBRegressor,XGBoost,"{""n_estimators"": 500, ""learning_rate"": 0.148814518617717, ""max_depth"": 6, ""min_child_weight"": 8.70581672272039, ""subsample"": 0.7243264387625823, ""colsample_bytree"": 0.6698375730655539, ""reg_alpha"": 0.001554789007690797, ""reg_lambda"": 6.35347435790776}",no_improvement,WARN,,3.590447244457465,2.277252153527656,0.9489832387780508,0.9211235747976833,2.758125343893466,1.7067169078222073,0.9706561041929467,0.9426031151648018,0.2824427480916031,0,0,188,65,188,81
580,XGBRegressor,XGBoost,"{""n_estimators"": 300, ""learning_rate"": 0.05, ""max_depth"": 5, ""min_child_weight"": 9.322099554288474, ""subsample"": 0.8, ""colsample_bytree"": 0.8, ""reg_alpha"": 0.01, ""reg_lambda"": 4.43344580674573}",no_improvement,WARN,,3.914004903643675,2.6539540811757862,0.9393563384519903,0.9115379557134661,3.3404635701123055,2.3756498321858484,0.9569569285718866,0.9264902795448139,0.2824427480916031,0,0,188,66,188,82
581,XGBRegressor,XGBoost,"{""n_estimators"": 500, ""learning_rate"": 0.11259439207066967, ""max_depth"": 6, ""min_child_weight"": 8.483156486557386, ""subsample"": 0.7150057947866238, ""colsample_bytree"": 0.7570891121733417, ""reg_alpha"": 0.0027347127336272603, ""reg_lambda"": 5.3799267129382375}",no_improvement,WARN,,3.564600271740318,2.2611011807679304,0.9497266009805889,0.9218028521296818,2.700688068614981,1.7503719280836798,0.9718655373020724,0.9435305056499244,0.2824427480916031,0,0,188,64,188,81
582,XGBRegressor,XGBoost,"{""n_estimators"": 500, ""learning_rate"": 0.011785871499263821, ""max_depth"": 6, ""min_child_weight"": 9.073117655581141, ""subsample"": 0.7306263712238356, ""colsample_bytree"": 0.6543804006725682, ""reg_alpha"": 0.0010291404434588, ""reg_lambda"": 3.029762541670875}",no_improvement,WARN,,4.195899739497026,2.9574887252827087,0.9303257992909348,0.9031329676485587,3.7303749868016487,2.7074815434509207,0.9463221941934983,0.9159186892396611,0.2824427480916031,0,0,188,67,188,83
583,XGBRegressor,XGBoost,"{""n_estimators"": 500, ""learning_rate"": 0.1264680945471202, ""max_depth"": 6, ""min_child_weight"": 8.674981862141614, ""subsample"": 0.8263245103015623, ""colsample_bytree"": 0.6845748507060222, ""reg_alpha"": 0.0005313568724190941, ""reg_lambda"": 8.844104309209353}",no_improvement,WARN,,3.5965275522494276,2.2481036975377116,0.9486568054147722,0.9211044366433366,2.6781094720500915,1.6993319585951268,0.9723339966562251,0.9442782450588619,0.2824427480916031,0,0,188,68,188,83
584,LGBMRegressor,LightGBM,"{""n_estimators"": 450, ""learning_rate"": 0.2794906275466297, ""num_leaves"": 21, ""min_child_samples"": 8, ""subsample"": 0.9701050611756825, ""colsample_bytree"": 0.8375145123653636, ""reg_lambda"": 2.517819261004997}",no_improvement,WARN,,3.731277193820791,2.276887977426983,0.9446921901438475,0.9178494118425276,2.67655741019519,1.671918405836938,0.9723660542748238,0.9444646435792634,0.2824427480916031,0,0,188,64,188,81
585,XGBRegressor,XGBoost,"{""n_estimators"": 500, ""learning_rate"": 0.13740622362345195, ""max_depth"": 6, ""min_child_weight"": 8.863009516444638, ""subsample"": 0.7079490787759061, ""colsample_bytree"": 0.778375796248575, ""reg_alpha"": 0.015546888756294456, ""reg_lambda"": 4.0120762572825495}",no_improvement,WARN,,3.678857057436324,2.291734314815617,0.9462721433643301,0.918979845668404,2.660174221715227,1.6764069993454838,0.9727033132885601,0.9447718403893982,0.2824427480916031,0,0,188,63,188,79
586,XGBRegressor,XGBoost,"{""n_estimators"": 500, ""learning_rate"": 0.09720075923663674, ""max_depth"": 6, ""min_child_weight"": 9.176227024476598, ""subsample"": 0.7199765478001774, ""colsample_bytree"": 0.6614821304758451, ""reg_alpha"": 0.006420788249726698, ""reg_lambda"": 0.003216053117756603}",no_improvement,WARN,,3.6333010747316443,2.2903885775532116,0.9476845757142792,0.920054553157124,2.6298778825499682,1.734747076571541,0.9733215287716747,0.9450556037015388,0.2824427480916031,0,0,188,65,188,81
587,XGBRegressor,XGBoost,"{""n_estimators"": 500, ""learning_rate"": 0.10538367177614749, ""max_depth"": 6, ""min_child_weight"": 8.502912201335532, ""subsample"": 0.7354382420947072, ""colsample_bytree"": 0.6749989361884429, ""reg_alpha"": 0.0019555332734691767, ""reg_lambda"": 6.651983751215937}",no_improvement,WARN,,3.6192843853909844,2.270344410387449,0.9481557224629611,0.9205070828020157,2.60625443773808,1.6822145312445391,0.9737986663416688,0.9458291344097312,0.2824427480916031,0,0,188,63,188,79
588,XGBRegressor,XGBoost,"{""n_estimators"": 500, ""learning_rate"": 0.08491905023823697, ""max_depth"": 6, ""min_child_weight"": 9.44853291734537, ""subsample"": 0.6997492703230878, ""colsample_bytree"": 0.6476321363479202, ""reg_alpha"": 0.00083984292191366, ""reg_lambda"": 5.335859357533197}",no_improvement,WARN,,3.557035739297979,2.289165624838481,0.949944490167082,0.921816512049111,2.587434943140984,1.7606603705793564,0.9741756944268254,0.9457648775093961,0.2824427480916031,0,0,188,64,188,80
589,XGBRegressor,XGBoost,"{""n_estimators"": 500, ""learning_rate"": 0.11524015678099829, ""max_depth"": 6, ""min_child_weight"": 9.981553929028424, ""subsample"": 0.7233396135121704, ""colsample_bytree"": 0.6644275117125072, ""reg_alpha"": 0.001427619671569534, ""reg_lambda"": 3.4690168927302643}",no_improvement,WARN,,3.5927074865798816,2.2604321025635996,0.948842186607443,0.921144356444969,2.542966140910588,1.6622036617903964,0.9750557224960933,0.947213099181463,0.2824427480916031,0,0,188,66,188,81
590,XGBRegressor,XGBoost,"{""n_estimators"": 300, ""learning_rate"": 0.05, ""max_depth"": 5, ""min_child_weight"": 8.920587312838332, ""subsample"": 0.8, ""colsample_bytree"": 0.8, ""reg_alpha"": 0.01, ""reg_lambda"": 4.5724207699382315}",no_improvement,WARN,,3.8257800007280083,2.6301836809135954,0.9420266535336583,0.9137193094818918,3.2640864732872084,2.3271509932943517,0.9589027194165451,0.9284266458687757,0.2824427480916031,0,0,188,65,188,81
591,ExtraTreesRegressor,ExtraTrees,"{""n_estimators"": 700, ""max_depth"": 18, ""min_samples_split"": 8, ""min_samples_leaf"": 3, ""max_features"": ""log2""}",no_improvement,WARN,,4.796062798606656,3.4910218572389966,0.9090774788698169,0.8852685397588883,4.389287925025216,3.1895256175470057,0.9256847548787972,0.8976986828085842,0.2824427480916031,0,0,188,65,188,81
592,XGBRegressor,XGBoost,"{""n_estimators"": 500, ""learning_rate"": 0.09842304374901625, ""max_depth"": 6, ""min_child_weight"": 8.251374289144984, ""subsample"": 0.7116054727689208, ""colsample_bytree"": 0.7186285423377494, ""reg_alpha"": 0.00441578067824101, ""reg_lambda"": 9.937846134925369}",no_improvement,WARN,,3.569890363252817,2.266117312651141,0.9495416163571806,0.9216443094998912,2.6625383743307416,1.745467936415533,0.9726547734531547,0.9443337580769217,0.2824427480916031,0,0,188,64,188,79
593,XGBRegressor,XGBoost,"{""n_estimators"": 350, ""learning_rate"": 0.13445406127550372, ""max_depth"": 6, ""min_child_weight"": 8.717214929241008, ""subsample"": 0.7309665203066288, ""colsample_bytree"": 0.69629335313594, ""reg_alpha"": 0.0030334193448585413, ""reg_lambda"": 7.750734517254544}",no_improvement,WARN,,3.632650779209212,2.2973974846739944,0.947729286740423,0.920037556417033,2.8091997212927624,1.782935637634778,0.9695592739041,0.9411221884984686,0.2824427480916031,0,0,188,67,188,82
594,XGBRegressor,XGBoost,"{""n_estimators"": 500, ""learning_rate"": 0.12147408097161795, ""max_depth"": 6, ""min_child_weight"": 8.40653627437375, ""subsample"": 0.7394624498334988, ""colsample_bytree"": 0.6561446093741173, ""reg_alpha"": 0.0011000167094415356, ""reg_lambda"": 2.3549188215765913}",no_improvement,WARN,,3.5823537435852786,2.244186683974214,0.9492020382861506,0.9214903072024946,2.5636516172303665,1.6211112976044655,0.9746482590527626,0.947030859228456,0.2824427480916031,0,0,188,68,188,83
595,XGBRegressor,XGBoost,"{""n_estimators"": 500, ""learning_rate"": 0.09125363845739194, ""max_depth"": 6, ""min_child_weight"": 9.079783251077489, ""subsample"": 0.6897412340600108, ""colsample_bytree"": 0.6704838668396119, ""reg_alpha"": 0.002150559395502403, ""reg_lambda"": 5.85771915478794}",no_improvement,WARN,,3.5879431635924584,2.285364339180816,0.9489687897128913,0.921108778041017,2.6605434412223152,1.8024150513534964,0.9726957354626025,0.9440525207533942,0.2824427480916031,0,0,188,64,188,80
596,XGBRegressor,XGBoost,"{""n_estimators"": 500, ""learning_rate"": 0.10397363408092417, ""max_depth"": 6, ""min_child_weight"": 8.61033258227879, ""subsample"": 0.7206047831569508, ""colsample_bytree"": 0.6811392423606992, ""reg_alpha"": 0.0006868083387425227, ""reg_lambda"": 3.9214997395455216}",no_improvement,WARN,,3.575305660577128,2.266894688442419,0.9493560278858956,0.9215077626164232,2.5421024990086765,1.682858058145484,0.9750726627649517,0.947113699538489,0.2824427480916031,0,0,188,64,188,80
597,XGBRegressor,XGBoost,"{""n_estimators"": 500, ""learning_rate"": 0.11236140541775538, ""max_depth"": 6, ""min_child_weight"": 9.207580949658439, ""subsample"": 0.7066833415308421, ""colsample_bytree"": 0.6443836166983169, ""reg_alpha"": 0.0004090271606932481, ""reg_lambda"": 2.926875757835566}",no_improvement,WARN,,3.608883846003345,2.2549636558597856,0.9484527410599857,0.9208299599561829,2.688190265973823,1.7408836757512194,0.9721253269341452,0.943838545906057,0.2824427480916031,0,0,188,64,188,79
598,RandomForestRegressor,RandomForest,"{""n_estimators"": 300, ""max_depth"": null, ""min_samples_split"": 9, ""min_samples_leaf"": 4, ""max_features"": ""log2""}",no_improvement,WARN,,4.8191398572773485,3.517818931905532,0.9082057025059077,0.8845297160934594,4.408939265743732,3.208498212384714,0.9250178296723218,0.8971138962926539,0.2824427480916031,0,0,188,67,188,83
599,HistGradientBoostingRegressor,HistGradientBoosting,"{""learning_rate"": 0.08181402458789995, ""max_depth"": 7, ""max_leaf_nodes"": 35, ""min_samples_leaf"": 28, ""l2_regularization"": 0.10271353991489236}",no_improvement,WARN,,4.137561356562238,2.9011126692400566,0.9322424949758681,0.9048503484220611,3.7512139764152943,2.6606393336778713,0.9457207985514283,0.9157085830417009,0.2824427480916031,0,0,188,66,188,83
600,XGBRegressor,XGBoost,"{""n_estimators"": 300, ""learning_rate"": 0.05, ""max_depth"": 5, ""min_child_weight"": 8.999944894719897, ""subsample"": 0.8, ""colsample_bytree"": 0.8, ""reg_alpha"": 0.01, ""reg_lambda"": 4.6912397932585215}",no_improvement,WARN,,3.8529141105542744,2.629330964116323,0.9412335659272744,0.9131029921348274,3.3043653863722886,2.3545341375069073,0.9578821782262343,0.9273969445668636,0.2824427480916031,0,0,188,65,188,81
601,XGBRegressor,XGBoost,"{""n_estimators"": 500, ""learning_rate"": 0.15171070585269303, ""max_depth"": 6, ""min_child_weight"": 8.794244092494836, ""subsample"": 0.7282499498711504, ""colsample_bytree"": 0.6911699867109153, ""reg_alpha"": 0.0015881760552201756, ""reg_lambda"": 3.5008696704941955}",no_improvement,WARN,,3.603839170180959,2.2659045034320218,0.9485979907227339,0.9208829736059148,2.803112933967458,1.7417225077227947,0.969691044878893,0.9414804989729102,0.2824427480916031,0,0,188,66,188,81
602,XGBRegressor,XGBoost,"{""n_estimators"": 500, ""learning_rate"": 0.07874417197012262, ""max_depth"": 6, ""min_child_weight"": 8.36239311032189, ""subsample"": 0.7150438240040173, ""colsample_bytree"": 0.6623199731655791, ""reg_alpha"": 0.0043125233315471564, ""reg_lambda"": 5.420225932598131}",no_improvement,WARN,,3.56907755015308,2.274894222555589,0.9495736411407568,0.9216158144596922,2.738913917856093,1.8331103152163835,0.9710634640372933,0.9422826324067275,0.2824427480916031,0,0,188,64,188,80
603,XGBRegressor,XGBoost,"{""n_estimators"": 500, ""learning_rate"": 0.09578850331586727, ""max_depth"": 6, ""min_child_weight"": 8.662465932076747, ""subsample"": 0.701125265178412, ""colsample_bytree"": 0.8871123598345562, ""reg_alpha"": 0.0010550133750017038, ""reg_lambda"": 6.786599459904615}",no_improvement,WARN,,3.6190425106003468,2.298183080216841,0.9480335005162575,0.920316568766918,2.7497115404622785,1.7931105379724281,0.9708348612539254,0.942287522168891,0.2824427480916031,0,0,188,67,188,82
604,CatBoostRegressor,CatBoost,"{""iterations"": 300, ""learning_rate"": 0.015018788367076007, ""depth"": 6, ""l2_leaf_reg"": 4.435290183306524, ""bagging_temperature"": 4.029218396535856, ""random_strength"": 0.984881389290625}",no_improvement,WARN,,5.205718025846552,3.963956314760735,0.8929543467448411,0.8719744899952909,5.005109359267164,3.861185253020333,0.9033689016074714,0.8785125655852231,0.2824427480916031,0,0,188,66,188,83
605,XGBRegressor,XGBoost,"{""n_estimators"": 500, ""learning_rate"": 0.13102891230295097, ""max_depth"": 6, ""min_child_weight"": 8.851376787626712, ""subsample"": 0.7380060905181832, ""colsample_bytree"": 0.6729053726742629, ""reg_alpha"": 0.002895190712581765, ""reg_lambda"": 4.257672597227088}",no_improvement,WARN,,3.5699867958277,2.234205894982863,0.9495655804628538,0.9218304075797973,2.7111342998731565,1.7090486174536454,0.9716474687984841,0.943550995077282,0.2824427480916031,0,0,188,68,188,83
606,XGBRegressor,XGBoost,"{""n_estimators"": 500, ""learning_rate"": 0.12074397558340029, ""max_depth"": 6, ""min_child_weight"": 9.366820030122783, ""subsample"": 0.7810552728468891, ""colsample_bytree"": 0.651203092660155, ""reg_alpha"": 0.006538696948336292, ""reg_lambda"": 2.6441349849004085}",no_improvement,WARN,,3.636427589496839,2.2505810223084266,0.9476362710129917,0.9202207835719836,2.754229221138761,1.771767034478417,0.9707389479049393,0.9423155176597156,0.2824427480916031,0,0,188,65,188,81
607,XGBRegressor,XGBoost,"{""n_estimators"": 500, ""learning_rate"": 0.05889827621495057, ""max_depth"": 6, ""min_child_weight"": 8.56590475338713, ""subsample"": 0.7234125991881178, ""colsample_bytree"": 0.6803161821888072, ""reg_alpha"": 0.002008288853457492, ""reg_lambda"": 1.262370808310364}",no_improvement,WARN,,3.6227251739526416,2.298254617944547,0.9478989977280662,0.9202238044869447,2.7316944741284965,1.8754996802703041,0.9712158093641792,0.942190832678615,0.2824427480916031,0,0,188,65,188,81
608,XGBRegressor,XGBoost,"{""n_estimators"": 500, ""learning_rate"": 0.08688587725098415, ""max_depth"": 6, ""min_child_weight"": 8.964638727716082, ""subsample"": 0.7155105237621276, ""colsample_bytree"": 0.6686081924393873, ""reg_alpha"": 0.0007370867688605092, ""reg_lambda"": 3.3277393332453977}",no_improvement,WARN,,3.571536189586746,2.2640224810616836,0.9494152081413585,0.921594977357493,2.717960233680345,1.8012557805690548,0.971504520414402,0.942890822286527,0.2824427480916031,0,0,188,64,188,80
609,XGBRegressor,XGBoost,"{""n_estimators"": 500, ""learning_rate"": 0.10604104830540989, ""max_depth"": 6, ""min_child_weight"": 9.59598113175358, ""subsample"": 0.6934978659808945, ""colsample_bytree"": 0.6431536089105768, ""reg_alpha"": 0.0004987373873437732, ""reg_lambda"": 4.9924020200787105}",no_improvement,WARN,,3.5749647860787177,2.263075565462075,0.9493172141253734,0.921522507174108,2.793366960498184,1.8764800768017458,0.9699014372299473,0.9409199978095615,0.2824427480916031,0,0,188,63,188,79
610,XGBRegressor,XGBoost,"{""n_estimators"": 300, ""learning_rate"": 0.05, ""max_depth"": 5, ""min_child_weight"": 8.222338166954644, ""subsample"": 0.8, ""colsample_bytree"": 0.8, ""reg_alpha"": 0.01, ""reg_lambda"": 6.050073993154745}",no_improvement,WARN,,3.884334503331228,2.6547877653505516,0.9402508319124919,0.9122206217207385,3.362717663627455,2.4097453388399215,0.9563815142802845,0.9258107574680634,0.2824427480916031,0,0,188,66,188,83
611,XGBRegressor,XGBoost,"{""n_estimators"": 500, ""learning_rate"": 0.14030485608005586, ""max_depth"": 6, ""min_child_weight"": 9.208081878700527, ""subsample"": 0.7071389355269204, ""colsample_bytree"": 0.657206897928087, ""reg_alpha"": 0.0013264193596588896, ""reg_lambda"": 7.6769097279781695}",no_improvement,WARN,,3.59221973641676,2.25861037809943,0.9489092972442649,0.9211816691086739,2.656441777741822,1.7431587636357175,0.9727798585596195,0.9444704290395776,0.2824427480916031,0,0,188,63,188,79
612,XGBRegressor,XGBoost,"{""n_estimators"": 500, ""learning_rate"": 0.1608829224872791, ""max_depth"": 6, ""min_child_weight"": 8.477917936255592, ""subsample"": 0.7318570137202759, ""colsample_bytree"": 0.6622468709882394, ""reg_alpha"": 0.0008542697502893229, ""reg_lambda"": 4.015417400034652}",no_improvement,WARN,,3.569097051667813,2.238179051637997,0.9495378561549742,0.9218122111651684,2.817834936854741,1.728052598750941,0.9693718424184804,0.9412540457864922,0.2824427480916031,0,0,188,64,188,80
613,LGBMRegressor,LightGBM,"{""n_estimators"": 250, ""learning_rate"": 0.03501927940672248, ""num_leaves"": 15, ""min_child_samples"": 22, ""subsample"": 0.7081495151827437, ""colsample_bytree"": 0.9203552811375434, ""reg_lambda"": 0.009798423121554297}",no_improvement,WARN,,3.992594198988396,2.8096509209523726,0.9368893183076453,0.9088084062177162,3.6731112590544286,2.6418266286067498,0.9479575251735376,0.9175889007063683,0.2824427480916031,0,0,188,67,188,84
614,XGBRegressor,XGBoost,"{""n_estimators"": 500, ""learning_rate"": 0.11200185500025307, ""max_depth"": 6, ""min_child_weight"": 8.757903976762643, ""subsample"": 0.755243199292939, ""colsample_bytree"": 0.6731124705779739, ""reg_alpha"": 0.003433879991363169, ""reg_lambda"": 4.600552444124966}",no_improvement,WARN,,3.603249853401377,2.2930444320634793,0.9485943016799301,0.9207368735348525,2.6479843623908366,1.7176897558510886,0.9729529062631719,0.9447856622142281,0.2824427480916031,0,0,188,63,188,79
615,XGBRegressor,XGBoost,"{""n_estimators"": 500, ""learning_rate"": 0.09826950632988833, ""max_depth"": 6, ""min_child_weight"": 8.944731327403359, ""subsample"": 0.7713361702023156, ""colsample_bytree"": 0.687225351916253, ""reg_alpha"": 0.0021480274966034774, ""reg_lambda"": 3.60474056504116}",no_improvement,WARN,,3.6666795748967393,2.325117811012891,0.9467286131983416,0.9191001794562494,2.6499529524404832,1.7482565072312752,0.9729126760924955,0.9445731166766891,0.2824427480916031,0,0,188,64,188,80
616,XGBRegressor,XGBoost,"{""n_estimators"": 500, ""learning_rate"": 0.12791533471231117, ""max_depth"": 6, ""min_child_weight"": 8.073244770704763, ""subsample"": 0.7398712305621971, ""colsample_bytree"": 0.6485254569346885, ""reg_alpha"": 0.0014180272384601534, ""reg_lambda"": 5.649208984653204}",no_improvement,WARN,,3.587889317131432,2.2549595778562432,0.9489349134976285,0.9212711351272664,2.672793787453481,1.677529793783222,0.9724437142002961,0.9445093949625536,0.2824427480916031,0,0,188,66,188,82
617,XGBRegressor,XGBoost,"{""n_estimators"": 500, ""learning_rate"": 0.09145398843542374, ""max_depth"": 6, ""min_child_weight"": 8.579900141431338, ""subsample"": 0.7233949979937949, ""colsample_bytree"": 0.6789921246320842, ""reg_alpha"": 0.0003184723632012074, ""reg_lambda"": 1.8249059176396532}",no_improvement,WARN,,3.5624760109606846,2.265740354781343,0.9497720676105932,0.9218202853636677,2.7080470428154677,1.7577446235065672,0.9717120039375531,0.9433388676331846,0.2824427480916031,0,0,188,66,188,82
618,XGBRegressor,XGBoost,"{""n_estimators"": 500, ""learning_rate"": 0.08127814890819576, ""max_depth"": 6, ""min_child_weight"": 9.053493951952454, ""subsample"": 0.7472411435737454, ""colsample_bytree"": 0.653980239616391, ""reg_alpha"": 0.004976584158249603, ""reg_lambda"": 3.0536973375842256}",no_improvement,WARN,,3.6297009562834646,2.3056035614242063,0.947713890958456,0.9200282403472635,2.6631188291319545,1.7300320261638353,0.9726428491944269,0.944409182160579,0.2824427480916031,0,0,188,65,188,81
619,ExtraTreesRegressor,ExtraTrees,"{""n_estimators"": 300, ""max_depth"": 14, ""min_samples_split"": 9, ""min_samples_leaf"": 1, ""max_features"": 1.0}",no_improvement,WARN,,4.284547978733364,2.939454700701979,0.9272295483856574,0.9010540117743964,3.7162704572029392,2.5878171374364687,0.9467273378626389,0.9169154230460295,0.2824427480916031,0,0,188,64,188,80
620,XGBRegressor,XGBoost,"{""n_estimators"": 300, ""learning_rate"": 0.05, ""max_depth"": 5, ""min_child_weight"": 8.321097939066213, ""subsample"": 0.8, ""colsample_bytree"": 0.8, ""reg_alpha"": 0.01, ""reg_lambda"": 4.38516783841175}",no_improvement,WARN,,3.8416975022626665,2.61677919320029,0.9415359357713525,0.9134230185901043,3.350598169409396,2.3856778869619375,0.9566953564873355,0.9262120300768111,0.2824427480916031,0,0,188,66,188,82
621,XGBRegressor,XGBoost,"{""n_estimators"": 500, ""learning_rate"": 0.11725231142517409, ""max_depth"": 6, ""min_child_weight"": 8.753684398794176, ""subsample"": 0.7089621915106773, ""colsample_bytree"": 0.6643501407846658, ""reg_alpha"": 0.0010176900675256226, ""reg_lambda"": 6.866715098573439}",no_improvement,WARN,,3.594323188827964,2.2507708823331556,0.9487903711743207,0.921160570846756,2.612060203824313,1.7066423993207367,0.9736818026584851,0.9455740865114985,0.2824427480916031,0,0,188,66,188,81
622,XGBRegressor,XGBoost,"{""n_estimators"": 500, ""learning_rate"": 0.03927328396670694, ""max_depth"": 6, ""min_child_weight"": 9.291902610824296, ""subsample"": 0.7157105571547788, ""colsample_bytree"": 0.6414503366252967, ""reg_alpha"": 0.0005304556738443463, ""reg_lambda"": 2.4164188242542}",no_improvement,WARN,,3.6890329412740392,2.4265657486239705,0.9460299633923099,0.9180018042045176,2.9268597296552303,2.0640587268982187,0.9669559255026456,0.9370914095268772,0.2824427480916031,0,0,188,66,188,82
623,XGBRegressor,XGBoost,"{""n_estimators"": 500, ""learning_rate"": 0.10266057691856768, ""max_depth"": 6, ""min_child_weight"": 8.446806415937955, ""subsample"": 0.7310280316331735, ""colsample_bytree"": 0.6688593443014866, ""reg_alpha"": 0.002456420017136217, ""reg_lambda"": 5.101935933382942}",no_improvement,WARN,,3.573590149555984,2.251890654728818,0.9493512629758571,0.9216153201341755,2.73331731080641,1.7263921566579965,0.9711815991580062,0.9429999737909573,0.2824427480916031,0,0,188,65,188,80
624,RandomForestRegressor,RandomForest,"{""n_estimators"": 550, ""max_depth"": 4, ""min_samples_split"": 3, ""min_samples_leaf"": 1, ""max_features"": null}",no_improvement,WARN,,6.228855910142408,4.6962481480210805,0.8465389684594635,0.8394635711662024,6.19413624337396,4.715849827288387,0.8520035556901041,0.8414825525606324,0.2824427480916031,0,0,188,65,188,81
625,XGBRegressor,XGBoost,"{""n_estimators"": 500, ""learning_rate"": 0.14399201262262615, ""max_depth"": 6, ""min_child_weight"": 8.848584595205415, ""subsample"": 0.695606216232482, ""colsample_bytree"": 0.6541597025248707, ""reg_alpha"": 0.0017530893912668976, ""reg_lambda"": 3.743154492431877}",no_improvement,WARN,,3.586329087721805,2.25788042871416,0.9489499076389676,0.9212811679194906,2.7073752493750813,1.7027609067556901,0.9717260371746014,0.9436631736031714,0.2824427480916031,0,0,188,67,188,82
626,XGBRegressor,XGBoost,"{""n_estimators"": 500, ""learning_rate"": 0.08821179108583328, ""max_depth"": 10, ""min_child_weight"": 9.116774434419165, ""subsample"": 0.684044303969245, ""colsample_bytree"": 0.6797279680014688, ""reg_alpha"": 0.0006506878006660475, ""reg_lambda"": 8.08889180013306}",no_improvement,WARN,,3.6689671843808256,2.274966044860479,0.9466449001364957,0.919326070475404,2.67996528794905,1.7232411575659574,0.9722956406452687,0.94410546361913,0.2824427480916031,0,0,188,66,188,81
627,XGBRegressor,XGBoost,"{""n_estimators"": 500, ""learning_rate"": 0.12282165920386073, ""max_depth"": 6, ""min_child_weight"": 9.48510199599381, ""subsample"": 0.7010709024543726, ""colsample_bytree"": 0.6421885091361563, ""reg_alpha"": 0.0013187494505564482, ""reg_lambda"": 6.544409814183183}",no_improvement,WARN,,3.625781505236919,2.3012175362335556,0.9479364249417289,0.9201751310428299,2.6827901121276714,1.7501131695483563,0.9722372061651235,0.9438962363581721,0.2824427480916031,0,0,188,64,188,80
628,HistGradientBoostingRegressor,HistGradientBoosting,"{""learning_rate"": 0.14465534367839483, ""max_depth"": null, ""max_leaf_nodes"": 44, ""min_samples_leaf"": 16, ""l2_regularization"": 0.020051315035819833}",no_improvement,WARN,,3.9027372007526338,2.4701577538573565,0.9397600078978616,0.9128564710082976,3.155123872382938,2.068205413193664,0.9616007622625047,0.9322377189623703,0.2824427480916031,0,0,188,66,188,82
629,XGBRegressor,XGBoost,"{""n_estimators"": 500, ""learning_rate"": 0.10974186234924818, ""max_depth"": 6, ""min_child_weight"": 8.633739982360822, ""subsample"": 0.7238656222904929, ""colsample_bytree"": 0.662664787025269, ""reg_alpha"": 0.0033147446464379033, ""reg_lambda"": 5.286684591183408}",no_improvement,WARN,,3.5641314838855016,2.258144565615302,0.9497549929981346,0.9218346925169977,2.6624627866937,1.7160351545331531,0.9726563260555428,0.9445015600459897,0.2824427480916031,0,0,188,64,188,79
630,XGBRegressor,XGBoost,"{""n_estimators"": 300, ""learning_rate"": 0.05, ""max_depth"": 5, ""min_child_weight"": 9.795642720282867, ""subsample"": 0.8, ""colsample_bytree"": 0.8, ""reg_alpha"": 0.01, ""reg_lambda"": 4.208187806414646}",no_improvement,WARN,,3.8847063193293785,2.6490206095003175,0.94019521390709,0.9122312644874812,3.3633099325402114,2.3980577670774474,0.9563661480493174,0.9258638073790952,0.2824427480916031,0,0,188,64,188,80
631,XGBRegressor,XGBoost,"{""n_estimators"": 500, ""learning_rate"": 0.09756159002927865, ""max_depth"": 6, ""min_child_weight"": 8.911320219315886, ""subsample"": 0.7445823943027401, ""colsample_bytree"": 0.6873512971292147, ""reg_alpha"": 0.0008633614191469415, ""reg_lambda"": 3.039815023172478}",no_improvement,WARN,,3.6207381631184985,2.2959281146437407,0.9480485636226721,0.9203098789512802,2.7128493794083908,1.7598214073776939,0.9716115854954306,0.943229187963096,0.2824427480916031,0,0,188,66,188,81
632,CatBoostRegressor,CatBoost,"{""iterations"": 600, ""learning_rate"": 0.18327751001307266, ""depth"": 9, ""l2_leaf_reg"": 9.04705501832503, ""bagging_temperature"": 2.492303322569001, ""random_strength"": 1.997775913518253}",no_improvement,WARN,,3.6739297927880927,2.2207565067298374,0.946161113432464,0.9194170838245448,2.495902698001376,1.592211798189876,0.9759704811412179,0.9485475827644283,0.2824427480916031,0,0,188,65,188,81
633,XGBRegressor,XGBoost,"{""n_estimators"": 500, ""learning_rate"": 0.13510365752560735, ""max_depth"": 6, ""min_child_weight"": 8.254049046808843, ""subsample"": 0.7141619096086124, ""colsample_bytree"": 0.7329516165991623, ""reg_alpha"": 0.005545027528754209, ""reg_lambda"": 0.6602655323773726}",no_improvement,WARN,,3.6416608335040914,2.2526651858359434,0.9475303462445508,0.9201033247195476,2.553790812695829,1.6586792042335587,0.9748429093583131,0.9470162911556794,0.2824427480916031,0,0,188,66,188,81
634,XGBRegressor,XGBoost,"{""n_estimators"": 500, ""learning_rate"": 0.10426630771050246, ""max_depth"": 6, ""min_child_weight"": 8.492680561548207, ""subsample"": 0.7346203840779674, ""colsample_bytree"": 0.6702215519993878, ""reg_alpha"": 0.0011632120210629, ""reg_lambda"": 6.073899201598343}",no_improvement,WARN,,3.6079363224593863,2.279525067648745,0.9484203862975619,0.9206948853280239,2.660555365343085,1.7308514657560974,0.9726954907155538,0.9444565486704346,0.2824427480916031,0,0,188,62,188,79
635,XGBRegressor,XGBoost,"{""n_estimators"": 500, ""learning_rate"": 0.0943033877402637, ""max_depth"": 6, ""min_child_weight"": 9.249577264019614, ""subsample"": 0.8143601935682451, ""colsample_bytree"": 0.6496914555250504, ""reg_alpha"": 0.0018607343252129175, ""reg_lambda"": 3.659170561199245}",no_improvement,WARN,,3.6494809956549217,2.3030919682009383,0.9471939878179416,0.9196071091667889,2.7402111728270357,1.7457976627426472,0.9710360466331825,0.942749324154998,0.2824427480916031,0,0,188,66,188,82
636,XGBRegressor,XGBoost,"{""n_estimators"": 500, ""learning_rate"": 0.11604921553438444, ""max_depth"": 6, ""min_child_weight"": 8.738384572945785, ""subsample"": 0.7075834362302053, ""colsample_bytree"": 0.6571428345507084, ""reg_alpha"": 0.0001884035592776238, ""reg_lambda"": 4.636594902616064}",no_improvement,WARN,,3.5753210826202513,2.278881595645989,0.9492997834009683,0.9214229562501033,2.5931593452759194,1.696333825183084,0.9740613014158201,0.9460131023173232,0.2824427480916031,0,0,188,66,188,81
637,XGBRegressor,XGBoost,"{""n_estimators"": 500, ""learning_rate"": 0.08412462806666754, ""max_depth"": 6, ""min_child_weight"": 8.997003341511403, ""subsample"": 0.7202016707346672, ""colsample_bytree"": 0.6938383778241755, ""reg_alpha"": 0.002683837554970303, ""reg_lambda"": 5.63791804170751}",no_improvement,WARN,,3.5238586748614416,2.2548814668327766,0.95085654141887,0.9227523532700018,2.691769282802892,1.8063393362722588,0.9720510536675697,0.9433959529075461,0.2824427480916031,0,0,188,65,188,81
638,LGBMRegressor,LightGBM,"{""n_estimators"": 350, ""learning_rate"": 0.08994149150755054, ""num_leaves"": 44, ""min_child_samples"": 17, ""subsample"": 0.8708341377355289, ""colsample_bytree"": 0.7489791923173481, ""reg_lambda"": 0.03346204379012299}",no_improvement,WARN,,3.723827773247102,2.279479873636334,0.9449686717432731,0.9180229207214877,2.7788016171967977,1.7376146658479077,0.970214502395085,0.9420040843874764,0.2824427480916031,0,0,188,65,188,82
639,XGBRegressor,XGBoost,"{""n_estimators"": 500, ""learning_rate"": 0.06859852564461431, ""max_depth"": 6, ""min_child_weight"": 9.038784800437043, ""subsample"": 0.7182288772097862, ""colsample_bytree"": 0.6833175908096167, ""reg_alpha"": 0.0029981322728847735, ""reg_lambda"": 7.944417790664181}",no_improvement,WARN,,3.65255849873101,2.3495221805850064,0.947044295595016,0.9192564498629354,2.8523223591654814,1.9632840011444905,0.9686175397987651,0.9392118525310895,0.2824427480916031,0,0,188,65,188,81
640,XGBRegressor,XGBoost,"{""n_estimators"": 300, ""learning_rate"": 0.05, ""max_depth"": 5, ""min_child_weight"": 9.10028379497862, ""subsample"": 0.8, ""colsample_bytree"": 0.8, ""reg_alpha"": 0.01, ""reg_lambda"": 0.00733971213301276}",no_improvement,WARN,,3.7877323539692354,2.555625926074386,0.9431533497591991,0.9150158397074487,3.32022735726569,2.3421235563351046,0.9574768506915532,0.9271214403125851,0.2824427480916031,0,0,188,67,188,83
641,XGBRegressor,XGBoost,"{""n_estimators"": 500, ""learning_rate"": 0.078578252375431, ""max_depth"": 6, ""min_child_weight"": 8.82180373847247, ""subsample"": 0.7017134035193435, ""colsample_bytree"": 0.6971422374764633, ""reg_alpha"": 0.003965572149310256, ""reg_lambda"": 6.224764596511382}",no_improvement,WARN,,3.5624003473736314,2.278130740387873,0.9497814675236865,0.9217541794067589,2.7346229031295155,1.823513768053167,0.9711540618730188,0.9424246245093236,0.2824427480916031,0,0,188,65,188,81
642,XGBRegressor,XGBoost,"{""n_estimators"": 500, ""learning_rate"": 0.0847023841311181, ""max_depth"": 6, ""min_child_weight"": 8.610123911977714, ""subsample"": 0.7122070583188252, ""colsample_bytree"": 0.701203955684078, ""reg_alpha"": 0.002403094283370675, ""reg_lambda"": 5.352054540943938}",no_improvement,WARN,,3.573173602556049,2.272853959879659,0.9494314817100744,0.9215268447667754,2.6800635620441895,1.8339949878824038,0.9722936087750962,0.9434778068636899,0.2824427480916031,0,0,188,64,188,80
643,XGBRegressor,XGBoost,"{""n_estimators"": 500, ""learning_rate"": 0.07423625594690311, ""max_depth"": 6, ""min_child_weight"": 8.980123384353591, ""subsample"": 0.7255385571566838, ""colsample_bytree"": 0.7031670501595082, ""reg_alpha"": 0.005017050959785862, ""reg_lambda"": 7.629301673479237}",no_improvement,WARN,,3.587662866253672,2.2931815566394085,0.9490724674779617,0.9210996797074645,2.8800535156873224,1.9247040637603736,0.9680043535374855,0.9388541984330085,0.2824427480916031,0,0,188,65,188,81
644,XGBRegressor,XGBoost,"{""n_estimators"": 150, ""learning_rate"": 0.08175623782437708, ""max_depth"": 6, ""min_child_weight"": 8.360379279027258, ""subsample"": 0.7196094601608005, ""colsample_bytree"": 0.7073880382991261, ""reg_alpha"": 0.0026604105185757537, ""reg_lambda"": 9.789060136406647}",no_improvement,WARN,,3.9265071658901376,2.713048466364453,0.9390647818654188,0.9109400924594871,3.4101243870444313,2.472747770443227,0.9551430010191592,0.9244137834264712,0.2824427480916031,0,0,188,67,188,83
645,XGBRegressor,XGBoost,"{""n_estimators"": 500, ""learning_rate"": 0.0873170292735941, ""max_depth"": 6, ""min_child_weight"": 8.822331458365305, ""subsample"": 0.706843788460645, ""colsample_bytree"": 0.6898468781632429, ""reg_alpha"": 0.0016618900456694086, ""reg_lambda"": 6.517678805823624}",no_improvement,WARN,,3.5263342452044264,2.257855742702197,0.9507937197743832,0.922681742947726,2.675230193105154,1.7913911667138742,0.9723934530159216,0.9438166937600562,0.2824427480916031,0,0,188,64,188,80
646,XGBRegressor,XGBoost,"{""n_estimators"": 500, ""learning_rate"": 0.08905530298230366, ""max_depth"": 6, ""min_child_weight"": 8.130105561898073, ""subsample"": 0.6969755306159378, ""colsample_bytree"": 0.6926416262047802, ""reg_alpha"": 0.0016308779230295326, ""reg_lambda"": 6.927961715234137}",no_improvement,WARN,,3.6263442190853623,2.2800700857284397,0.9478742760350093,0.9202680033364162,2.72918016423505,1.805011128972198,0.9712687721456588,0.9426404272414024,0.2824427480916031,0,0,188,64,188,80
647,XGBRegressor,XGBoost,"{""n_estimators"": 500, ""learning_rate"": 0.09357287407977051, ""max_depth"": 6, ""min_child_weight"": 8.669229481885377, ""subsample"": 0.7272286211476219, ""colsample_bytree"": 0.6924506722930902, ""reg_alpha"": 0.0017398112131803243, ""reg_lambda"": 8.392376627197443}",no_improvement,WARN,,3.6022939285478204,2.2692130339663814,0.9486682890231265,0.9209071959366213,2.7412149188281796,1.8149047971941694,0.9710148236140864,0.942338388591194,0.2824427480916031,0,0,188,67,188,83
648,ExtraTreesRegressor,ExtraTrees,"{""n_estimators"": 600, ""max_depth"": 10, ""min_samples_split"": 6, ""min_samples_leaf"": 5, ""max_features"": ""sqrt""}",no_improvement,WARN,,5.454787762780999,4.137690443994415,0.8824639560781076,0.8643283829105743,5.117865548048111,3.8525850084441395,0.8989660066695463,0.8756478536962933,0.2824427480916031,0,0,188,68,188,84
649,XGBRegressor,XGBoost,"{""n_estimators"": 500, ""learning_rate"": 0.08794547932028687, ""max_depth"": 6, ""min_child_weight"": 4.524155359342689, ""subsample"": 0.7129052652480034, ""colsample_bytree"": 0.9429679999052509, ""reg_alpha"": 0.0012078591586377196, ""reg_lambda"": 6.031218437444553}",no_improvement,WARN,,3.5983797421938144,2.263230238016528,0.9486468289716541,0.9209898343851133,2.5403160190843903,1.6921377032630835,0.9751076861677485,0.9470970149327705,0.2824427480916031,0,0,188,64,188,80
650,XGBRegressor,XGBoost,"{""n_estimators"": 300, ""learning_rate"": 0.05, ""max_depth"": 5, ""min_child_weight"": 9.32731267186517, ""subsample"": 0.8, ""colsample_bytree"": 0.8, ""reg_alpha"": 0.01, ""reg_lambda"": 6.839830752221531}",no_improvement,WARN,,3.9196756929246748,2.684131874048452,0.9391627703550937,0.9112293208428651,3.4074056488434277,2.410188670851389,0.9552144974272033,0.9248270309127646,0.2824427480916031,0,0,188,65,188,81
651,XGBRegressor,XGBoost,"{""n_estimators"": 500, ""learning_rate"": 0.09957460478077931, ""max_depth"": 6, ""min_child_weight"": 8.460037589544582, ""subsample"": 0.6877316392190577, ""colsample_bytree"": 0.6888296351553613, ""reg_alpha"": 0.002324032577704384, ""reg_lambda"": 5.564791003707829}",no_improvement,WARN,,3.647955708219267,2.295099997595501,0.947351768726965,0.9197211321158087,2.7577359032438675,1.8312509657359555,0.9706643901826228,0.9419075957761239,0.2824427480916031,0,0,188,63,188,79
652,XGBRegressor,XGBoost,"{""n_estimators"": 500, ""learning_rate"": 0.1045701030377033, ""max_depth"": 6, ""min_child_weight"": 8.715021725039167, ""subsample"": 0.7047638334338686, ""colsample_bytree"": 0.7091649095666701, ""reg_alpha"": 0.001364128634151551, ""reg_lambda"": 7.5217516792389985}",no_improvement,WARN,,3.5428669671494006,2.2555250984954665,0.9502842748400226,0.9223085880701131,2.7049299835843765,1.7674811615145964,0.9717770874544658,0.9433474114626116,0.2824427480916031,0,0,188,65,188,81
653,XGBRegressor,XGBoost,"{""n_estimators"": 500, ""learning_rate"": 0.09702479229509801, ""max_depth"": 6, ""min_child_weight"": 8.83422412657367, ""subsample"": 0.6945928957768708, ""colsample_bytree"": 0.6966198730934837, ""reg_alpha"": 0.0007972826072324721, ""reg_lambda"": 8.121098820820414}",no_improvement,WARN,,3.6051295297130195,2.289771270106008,0.9485006423022462,0.920700719944301,2.712383848501153,1.7633133121170694,0.9716213276879309,0.9432189590819462,0.2824427480916031,0,0,188,64,188,80
654,RandomForestRegressor,RandomForest,"{""n_estimators"": 450, ""max_depth"": 18, ""min_samples_split"": 10, ""min_samples_leaf"": 3, ""max_features"": ""log2""}",no_improvement,WARN,,4.763147192918866,3.47819288434861,0.9103194661131063,0.8861784668080979,4.381933079328261,3.1865514989663617,0.9259335967128894,0.8978940070666431,0.2824427480916031,0,0,188,66,188,82
655,HistGradientBoostingRegressor,HistGradientBoosting,"{""learning_rate"": 0.03401853966163237, ""max_depth"": 5, ""max_leaf_nodes"": 20, ""min_samples_leaf"": 8, ""l2_regularization"": 0.002065185974150477}",no_improvement,WARN,,4.620205218528378,3.4299656210203304,0.9155832663218829,0.8900487806555694,4.269641511844113,3.2840645370985713,0.9296810141626505,0.9000532368537106,0.2824427480916031,0,0,188,67,188,84
656,XGBRegressor,XGBoost,"{""n_estimators"": 500, ""learning_rate"": 0.10433191924267222, ""max_depth"": 6, ""min_child_weight"": 9.174935770644984, ""subsample"": 0.7065625956075052, ""colsample_bytree"": 0.7126191676182744, ""reg_alpha"": 0.001126296882146139, ""reg_lambda"": 6.650701166403634}",no_improvement,WARN,,3.6077825544146505,2.287087897876922,0.9484466589994254,0.9206622155929196,2.6961067029396784,1.8041024380431405,0.9719609092460059,0.9433202897557245,0.2824427480916031,0,0,188,64,188,80
657,XGBRegressor,XGBoost,"{""n_estimators"": 500, ""learning_rate"": 0.0929600762593564, ""max_depth"": 6, ""min_child_weight"": 8.734702363852511, ""subsample"": 0.701227758528146, ""colsample_bytree"": 0.7025138096018746, ""reg_alpha"": 0.000613039428126827, ""reg_lambda"": 9.809644633339978}",no_improvement,WARN,,3.5532156741208696,2.265181327808734,0.9500608941542451,0.9220408727120548,2.6337466081700383,1.7646505845520366,0.9732429794204185,0.944808474004708,0.2824427480916031,0,0,188,65,188,81
658,XGBRegressor,XGBoost,"{""n_estimators"": 500, ""learning_rate"": 0.08584604247844892, ""max_depth"": 6, ""min_child_weight"": 8.967467699903024, ""subsample"": 0.6792917794224077, ""colsample_bytree"": 0.6940256881230878, ""reg_alpha"": 0.0015102626480524124, ""reg_lambda"": 8.252628657710428}",no_improvement,WARN,,3.6354083063822964,2.315948727095034,0.9476478443918073,0.9198693820607285,2.830446976529551,1.8736830501410309,0.9690970584020896,0.940170813184929,0.2824427480916031,0,0,188,65,188,81
659,CatBoostRegressor,CatBoost,"{""iterations"": 700, ""learning_rate"": 0.04868415166476372, ""depth"": 5, ""l2_leaf_reg"": 9.979518469523327, ""bagging_temperature"": 1.1374107682284493, ""random_strength"": 0.1899301339954732}",no_improvement,WARN,,4.027966263108008,2.84689596812528,0.9356739146172968,0.907733833487346,3.446790574200949,2.5900206523986635,0.9541731963105984,0.9229425286997656,0.2824427480916031,0,0,188,66,188,82
660,XGBRegressor,XGBoost,"{""n_estimators"": 300, ""learning_rate"": 0.05, ""max_depth"": 5, ""min_child_weight"": 8.805005524068138, ""subsample"": 0.8, ""colsample_bytree"": 0.8, ""reg_alpha"": 0.01, ""reg_lambda"": 7.156998379642517}",no_improvement,WARN,,3.9047901962255986,2.6845927122731945,0.9396036347805307,0.9115692009418538,3.336774009214575,2.3901608580589655,0.9570519586936875,0.9264889210993092,0.2824427480916031,0,0,188,65,188,81
661,XGBRegressor,XGBoost,"{""n_estimators"": 500, ""learning_rate"": 0.022649617850371753, ""max_depth"": 6, ""min_child_weight"": 8.612948004506052, ""subsample"": 0.6923320998231397, ""colsample_bytree"": 0.7032100326730871, ""reg_alpha"": 0.006671841085269116, ""reg_lambda"": 8.495542549392985}",no_improvement,WARN,,3.9417543022066823,2.71249657049951,0.9385283736536966,0.910566956273658,3.431905951977742,2.4481304041720438,0.954568138691812,0.9240727751413157,0.2824427480916031,0,0,188,68,188,84
662,XGBRegressor,XGBoost,"{""n_estimators"": 500, ""learning_rate"": 0.10297642767682784, ""max_depth"": 6, ""min_child_weight"": 9.079989884548397, ""subsample"": 0.7057130548043241, ""colsample_bytree"": 0.6849229719730997, ""reg_alpha"": 0.0003813818765014102, ""reg_lambda"": 6.227486983106677}",no_improvement,WARN,,3.694456734658309,2.331215161129273,0.9458495916158203,0.918409738672892,2.637209414335956,1.7669343770229726,0.9731725737969071,0.944725546616478,0.2824427480916031,0,0,188,64,188,79
663,XGBRegressor,XGBoost,"{""n_estimators"": 500, ""learning_rate"": 0.09294851591708138, ""max_depth"": 6, ""min_child_weight"": 8.913471863160956, ""subsample"": 0.7155444487870037, ""colsample_bytree"": 0.6894983005433515, ""reg_alpha"": 0.0021057974813680526, ""reg_lambda"": 5.445997376182156}",no_improvement,WARN,,3.5778759450776634,2.263647813324135,0.9492676203856043,0.9214632828079743,2.618005304159381,1.77082323397791,0.9735618648549526,0.9450915801719155,0.2824427480916031,0,0,188,64,188,80
664,XGBRegressor,XGBoost,"{""n_estimators"": 500, ""learning_rate"": 0.09884743383862936, ""max_depth"": 6, ""min_child_weight"": 9.266384936698024, ""subsample"": 0.6998380718997612, ""colsample_bytree"": 0.683645273699285, ""reg_alpha"": 0.0011649838422933502, ""reg_lambda"": 7.166848828033446}",no_improvement,WARN,,3.619481504348955,2.29114615369791,0.9480392271395728,0.9203518392475083,2.7134753943606063,1.8012986852116961,0.9715984822081185,0.9429821066995298,0.2824427480916031,0,0,188,65,188,81
665,XGBRegressor,XGBoost,"{""n_estimators"": 500, ""learning_rate"": 0.10854304552300684, ""max_depth"": 6, ""min_child_weight"": 8.585143739276296, ""subsample"": 0.6729458942163604, ""colsample_bytree"": 0.6770006427936885, ""reg_alpha"": 0.0009268552349876229, ""reg_lambda"": 9.733189184122022}",no_improvement,WARN,,3.5895850594240004,2.3317632157438153,0.9489437102975369,0.9208159543153248,2.7258817580915107,1.7868740359154178,0.9713381775980795,0.9428102896547271,0.2824427480916031,0,0,188,63,188,80
666,XGBRegressor,XGBoost,"{""n_estimators"": 500, ""learning_rate"": 0.07766150170972547, ""max_depth"": 6, ""min_child_weight"": 9.027808162746455, ""subsample"": 0.7069795129560059, ""colsample_bytree"": 0.7143616321339521, ""reg_alpha"": 0.0030239012129554457, ""reg_lambda"": 5.250874991763326}",no_improvement,WARN,,3.5653375158184764,2.2973557712411257,0.9496626536975883,0.9215684502819155,2.7853161276134246,1.897119837920907,0.9700746828552068,0.9409690753235046,0.2824427480916031,0,0,188,65,188,81
667,XGBRegressor,XGBoost,"{""n_estimators"": 500, ""learning_rate"": 0.08724098269419316, ""max_depth"": 6, ""min_child_weight"": 8.752326084678312, ""subsample"": 0.7572032260491632, ""colsample_bytree"": 0.7077347491983136, ""reg_alpha"": 0.0005030761796448018, ""reg_lambda"": 6.497645436556143}",no_improvement,WARN,,3.6040444862765297,2.2842552223564967,0.9486467161423106,0.9207910265863318,2.635022593846957,1.682324621666136,0.9732170468988245,0.9452477412980133,0.2824427480916031,0,0,188,65,188,81
668,XGBRegressor,XGBoost,"{""n_estimators"": 500, ""learning_rate"": 0.10954660372275524, ""max_depth"": 6, ""min_child_weight"": 9.416295940624007, ""subsample"": 0.7189364231299051, ""colsample_bytree"": 0.6954116932990093, ""reg_alpha"": 0.00011961406812561407, ""reg_lambda"": 4.973699051608869}",no_improvement,WARN,,3.5996928532676664,2.2826827560333594,0.9487359428115443,0.9208881346127339,2.708156313692472,1.799628504039127,0.9717097210255857,0.9431000333889583,0.2824427480916031,0,0,188,66,188,82
669,LGBMRegressor,LightGBM,"{""n_estimators"": 100, ""learning_rate"": 0.20415809203987226, ""num_leaves"": 38, ""min_child_samples"": 28, ""subsample"": 0.9960669858575308, ""colsample_bytree"": 0.6903957346543089, ""reg_lambda"": 0.12741647257690558}",no_improvement,WARN,,3.7422583845936237,2.4539309134947445,0.9444633410026739,0.916625539549269,3.1337065862561757,2.1100137200087894,0.9621203083748686,0.9324598744498376,0.2824427480916031,0,0,188,65,188,81
670,XGBRegressor,XGBoost,"{""n_estimators"": 300, ""learning_rate"": 0.05, ""max_depth"": 5, ""min_child_weight"": 8.532877148193107, ""subsample"": 0.8, ""colsample_bytree"": 0.8, ""reg_alpha"": 0.01, ""reg_lambda"": 7.521369346628252}",no_improvement,WARN,,3.899580575307695,2.6826912659483773,0.9398068969498816,0.9117144952041959,3.4076108382484445,2.451885542234893,0.9552091034188207,0.9245869651396864,0.2824427480916031,0,0,188,66,188,82
671,XGBRegressor,XGBoost,"{""n_estimators"": 500, ""learning_rate"": 0.09301389772371217, ""max_depth"": 6, ""min_child_weight"": 8.805578184716385, ""subsample"": 0.7306622684385715, ""colsample_bytree"": 0.6808854863185155, ""reg_alpha"": 0.003961209221762049, ""reg_lambda"": 5.424195886549781}",no_improvement,WARN,,3.5871752602716755,2.233354495523514,0.9490686855823863,0.9214434004342186,2.7066597568944615,1.7826011575593228,0.9717409794214761,0.9432267355566356,0.2824427480916031,0,0,188,65,188,81
672,XGBRegressor,XGBoost,"{""n_estimators"": 500, ""learning_rate"": 0.1013096735916731, ""max_depth"": 6, ""min_child_weight"": 9.166885715927311, ""subsample"": 0.7116189914149824, ""colsample_bytree"": 0.7202933179922902, ""reg_alpha"": 0.0007133385312221521, ""reg_lambda"": 6.045157589796477}",no_improvement,WARN,,3.546409304797924,2.2653477138104385,0.950112386763218,0.9221515051902969,2.7259537670232765,1.8368545893995416,0.9713366632737928,0.9425264733249519,0.2824427480916031,0,0,188,64,188,80
673,XGBRegressor,XGBoost,"{""n_estimators"": 500, ""learning_rate"": 0.08276022360220409, ""max_depth"": 6, ""min_child_weight"": 8.960976886226169, ""subsample"": 0.742375199514251, ""colsample_bytree"": 0.6768553952256702, ""reg_alpha"": 0.0020365726014150657, ""reg_lambda"": 8.396628136582356}",no_improvement,WARN,,3.6134011795430667,2.3078051466200344,0.9482804796842752,0.9204159776033741,2.6904407859566795,1.7699588728819007,0.9720786347271323,0.9436285060695664,0.2824427480916031,0,0,188,65,188,80
674,ExtraTreesRegressor,ExtraTrees,"{""n_estimators"": 200, ""max_depth"": 6, ""min_samples_split"": 3, ""min_samples_leaf"": 4, ""max_features"": 0.5}",no_improvement,WARN,,5.756954356505309,4.348268707023278,0.8690327298616408,0.8548420155885783,5.562573730941671,4.27814643545966,0.8806448026835036,0.8614669532928214,0.2824427480916031,0,0,188,69,188,85
675,XGBRegressor,XGBoost,"{""n_estimators"": 500, ""learning_rate"": 0.08816452740313573, ""max_depth"": 6, ""min_child_weight"": 8.66599189124627, ""subsample"": 0.7262438131038221, ""colsample_bytree"": 0.6413985936767358, ""reg_alpha"": 0.0011540644986630102, ""reg_lambda"": 4.5894740157307785}",no_improvement,WARN,,3.532837896928273,2.2386609844661147,0.9505487311926457,0.9226248300301054,2.598553387368768,1.746586147699466,0.9739532787826851,0.94562063652129,0.2824427480916031,0,0,188,64,188,80
676,XGBRegressor,XGBoost,"{""n_estimators"": 500, ""learning_rate"": 0.0715778893487835, ""max_depth"": 6, ""min_child_weight"": 8.450355180790963, ""subsample"": 0.7287226465507763, ""colsample_bytree"": 0.6394975004976982, ""reg_alpha"": 0.001235168346105317, ""reg_lambda"": 4.787572171043846}",no_improvement,WARN,,3.6382241296912254,2.3244432132076045,0.9475908296600286,0.9197645242947015,2.6867366495513236,1.7921222071862188,0.9721554647766003,0.943578664804644,0.2824427480916031,0,0,188,65,188,81
677,XGBRegressor,XGBoost,"{""n_estimators"": 500, ""learning_rate"": 0.08536173268633854, ""max_depth"": 6, ""min_child_weight"": 8.618999477922806, ""subsample"": 0.7498560608953702, ""colsample_bytree"": 0.6419673685494905, ""reg_alpha"": 0.0009701324071094506, ""reg_lambda"": 6.245975037324253}",no_improvement,WARN,,3.640455889651887,2.3202361582191595,0.947403779026495,0.9197006565930808,2.5937070707343026,1.7307527205633473,0.9740503427479507,0.945807643599818,0.2824427480916031,0,0,188,66,188,81
678,XGBRegressor,XGBoost,"{""n_estimators"": 500, ""learning_rate"": 0.07885278706823477, ""max_depth"": 6, ""min_child_weight"": 8.279840321582975, ""subsample"": 0.737407705388115, ""colsample_bytree"": 0.6912909280289292, ""reg_alpha"": 0.0006521889476293593, ""reg_lambda"": 4.603807696319972}",no_improvement,WARN,,3.581040597134102,2.2678337105642794,0.9492086520727346,0.9213772521905953,2.6785510917223188,1.7890038528123064,0.9723248716680075,0.9437627053186998,0.2824427480916031,0,0,188,65,188,81
679,XGBRegressor,XGBoost,"{""n_estimators"": 500, ""learning_rate"": 0.10992519514342818, ""max_depth"": 6, ""min_child_weight"": 8.692007695527728, ""subsample"": 0.7656693876383298, ""colsample_bytree"": 0.648661371524515, ""reg_alpha"": 0.0016515438103441036, ""reg_lambda"": 7.260848720936544}",no_improvement,WARN,,3.569879384203084,2.2543652211161413,0.9495739722887568,0.9217205600561018,2.7113420170136364,1.7537902712913616,0.9716431240986916,0.9432940081222864,0.2824427480916031,0,0,188,67,188,83
680,XGBRegressor,XGBoost,"{""n_estimators"": 300, ""learning_rate"": 0.05, ""max_depth"": 5, ""min_child_weight"": 8.468066705449012, ""subsample"": 0.8, ""colsample_bytree"": 0.8, ""reg_alpha"": 0.01, ""reg_lambda"": 0.28756395312769195}",no_improvement,WARN,,3.783615172819976,2.539124608131467,0.9432542581203306,0.9151974756902771,3.3159185160194227,2.3354069304514504,0.9575871483242546,0.9272533251547697,0.2824427480916031,0,0,188,66,188,83
681,XGBRegressor,XGBoost,"{""n_estimators"": 500, ""learning_rate"": 0.09954243380076223, ""max_depth"": 6, ""min_child_weight"": 5.996808014680106, ""subsample"": 0.724106839596978, ""colsample_bytree"": 0.6743905137054002, ""reg_alpha"": 0.00029767372790795254, ""reg_lambda"": 5.49348550707873}",no_improvement,WARN,,3.610370859685794,2.239048966546388,0.948364136117914,0.9208722814039152,2.5684911491497995,1.6814680694411155,0.9745524532395079,0.9465928086555515,0.2824427480916031,0,0,188,65,188,81
682,RandomForestRegressor,RandomForest,"{""n_estimators"": 300, ""max_depth"": 6, ""min_samples_split"": 6, ""min_samples_leaf"": 2, ""max_features"": null}",no_improvement,WARN,,5.328217310170298,3.9352339311103655,0.8876097889167195,0.8688033519190153,5.209549500277345,3.8354811881698687,0.895313636967503,0.873353934763249,0.2824427480916031,0,0,188,66,188,82
683,XGBRegressor,XGBoost,"{""n_estimators"": 500, ""learning_rate"": 0.12450603718755124, ""max_depth"": 6, ""min_child_weight"": 8.642494866436133, ""subsample"": 0.7334510909737153, ""colsample_bytree"": 0.6400069640192954, ""reg_alpha"": 0.0008272564017500371, ""reg_lambda"": 1.0260203378134418}",no_improvement,WARN,,3.6328073751372925,2.2528040587515052,0.9476422349559153,0.9202611419716455,2.6676741164381963,1.6748025222059848,0.9725491798756224,0.94462874510522,0.2824427480916031,0,0,188,63,188,80
684,XGBRegressor,XGBoost,"{""n_estimators"": 500, ""learning_rate"": 0.08901542741533641, ""max_depth"": 6, ""min_child_weight"": 6.602202652099976, ""subsample"": 0.7198916052072779, ""colsample_bytree"": 0.6843315590600421, ""reg_alpha"": 0.0013683492176500506, ""reg_lambda"": 4.108057201823369}",no_improvement,WARN,,3.581612772861839,2.2343957633194456,0.9491730208289884,0.9215473763817813,2.669063639687071,1.7569117096959166,0.9725205755670758,0.9441366970423918,0.2824427480916031,0,0,188,64,188,80
685,XGBRegressor,XGBoost,"{""n_estimators"": 500, ""learning_rate"": 0.11421658655160928, ""max_depth"": 6, ""min_child_weight"": 8.14879584475864, ""subsample"": 0.7407234338630336, ""colsample_bytree"": 0.6490678863469345, ""reg_alpha"": 0.0010457058798316067, ""reg_lambda"": 0.4162914737858001}",no_improvement,WARN,,3.6131717131489247,2.245705401972658,0.9482747671497759,0.9207683121116476,2.548088295008732,1.6736894288762634,0.9749551335739055,0.9470456993931408,0.2824427480916031,0,0,188,67,188,82
686,XGBRegressor,XGBoost,"{""n_estimators"": 500, ""learning_rate"": 0.09405146072477902, ""max_depth"": 6, ""min_child_weight"": 8.861109305329432, ""subsample"": 0.72786721550474, ""colsample_bytree"": 0.6712556296831911, ""reg_alpha"": 0.0014085340669559227, ""reg_lambda"": 5.877841440391989}",no_improvement,WARN,,3.586606697265026,2.2613422564604675,0.9490660553946391,0.9212925354312187,2.6886171652104576,1.7514377057987753,0.9721164729317552,0.9437702399606906,0.2824427480916031,0,0,188,64,188,80
687,HistGradientBoostingRegressor,HistGradientBoosting,"{""learning_rate"": 0.02387303929013188, ""max_depth"": 3, ""max_leaf_nodes"": 38, ""min_samples_leaf"": 19, ""l2_regularization"": 0.884826719509536}",no_improvement,WARN,,6.178675031109064,4.80883540885753,0.849074956357734,0.8402970428302814,6.083260129741784,4.910197870891755,0.8572544593002529,0.843525807618279,0.2824427480916031,0,0,188,66,188,82
688,XGBRegressor,XGBoost,"{""n_estimators"": 500, ""learning_rate"": 0.10487745624295766, ""max_depth"": 6, ""min_child_weight"": 8.371601614149395, ""subsample"": 0.7175159942767455, ""colsample_bytree"": 0.7065487248529394, ""reg_alpha"": 0.0004118155375098345, ""reg_lambda"": 8.521967556524258}",no_improvement,WARN,,3.5543446373052676,2.264153818102978,0.9499353299952593,0.921993063907357,2.7481497536402015,1.785189629240259,0.970867982396251,0.9423642612239522,0.2824427480916031,0,0,188,62,188,78
689,CatBoostRegressor,CatBoost,"{""iterations"": 800, ""learning_rate"": 0.11311455741399187, ""depth"": 4, ""l2_leaf_reg"": 1.8577917112696394, ""bagging_temperature"": 0.4446640458250197, ""random_strength"": 0.7122557256495995}",no_improvement,WARN,,3.563960108005065,2.3607259900914315,0.9495677654538757,0.9212014519828932,2.627491969454196,1.8314097941358607,0.9733699140145464,0.9445577577088136,0.2824427480916031,0,0,188,66,188,82
690,XGBRegressor,XGBoost,"{""n_estimators"": 300, ""learning_rate"": 0.05, ""max_depth"": 5, ""min_child_weight"": 4.721854707567379, ""subsample"": 0.8, ""colsample_bytree"": 0.8, ""reg_alpha"": 0.01, ""reg_lambda"": 0.09765322683386586}",no_improvement,WARN,,3.758299771283972,2.49463297592009,0.9440687139682465,0.9160506730471901,3.0810342685350043,2.1382914496556378,0.9633829939724624,0.9334228142242961,0.2824427480916031,0,0,188,65,188,81
691,XGBRegressor,XGBoost,"{""n_estimators"": 500, ""learning_rate"": 0.14888185125115241, ""max_depth"": 6, ""min_child_weight"": 9.216245613626546, ""subsample"": 0.7497020105711466, ""colsample_bytree"": 0.753702502835276, ""reg_alpha"": 0.0005524058011015499, ""reg_lambda"": 4.662047719347957}",no_improvement,WARN,,3.5717491693040215,2.2091218737279603,0.9492751741384321,0.9218600982354592,2.6900612128546655,1.6540916599631574,0.9720865125824459,0.9442907753369045,0.2824427480916031,0,0,188,67,188,82
692,XGBRegressor,XGBoost,"{""n_estimators"": 500, ""learning_rate"": 0.09783683785776018, ""max_depth"": 6, ""min_child_weight"": 8.748788035632298, ""subsample"": 0.7363720070933935, ""colsample_bytree"": 0.6587696945638859, ""reg_alpha"": 0.0008093402126527738, ""reg_lambda"": 6.83350173059526}",no_improvement,WARN,,3.6501479889708732,2.2919993696098473,0.947315753967463,0.9196968824161493,2.6168057043064255,1.7058977451151114,0.9735860878134416,0.9454825591840468,0.2824427480916031,0,0,188,65,188,80
693,XGBRegressor,XGBoost,"{""n_estimators"": 200, ""learning_rate"": 0.08231797798443237, ""max_depth"": 6, ""min_child_weight"": 9.085758419563955, ""subsample"": 0.7253744607837925, ""colsample_bytree"": 0.6958695940485685, ""reg_alpha"": 0.016560391904387958, ""reg_lambda"": 4.080674090532703}",no_improvement,WARN,,3.7927769183468967,2.5386654525799015,0.9430912727775101,0.9150217848955762,3.2355989517696964,2.2470691476404716,0.9596169472624633,0.9294956264910825,0.2824427480916031,0,0,188,66,188,82
694,XGBRegressor,XGBoost,"{""n_estimators"": 500, ""learning_rate"": 0.12046524249640009, ""max_depth"": 6, ""min_child_weight"": 8.521452497527369, ""subsample"": 0.7152747034395293, ""colsample_bytree"": 0.6392111396880715, ""reg_alpha"": 0.0018417706764929638, ""reg_lambda"": 5.207868896802325}",no_improvement,WARN,,3.506271056065569,2.2206520834761756,0.9513441783754842,0.9233403949908456,2.639085091378671,1.7322010506009466,0.9731343989885586,0.9448838164445852,0.2824427480916031,0,0,188,66,188,82
695,XGBRegressor,XGBoost,"{""n_estimators"": 500, ""learning_rate"": 0.12709734016234292, ""max_depth"": 6, ""min_child_weight"": 8.561413123708176, ""subsample"": 0.7146210450222605, ""colsample_bytree"": 0.64492154564937, ""reg_alpha"": 0.0019732284778019764, ""reg_lambda"": 4.985081909838431}",no_improvement,WARN,,3.5990031719349793,2.2469769540755564,0.9487088415289453,0.9210914500138708,2.516007295006025,1.6068911294181458,0.9755818045285131,0.9480641226720607,0.2824427480916031,0,0,188,66,188,81
696,LGBMRegressor,LightGBM,"{""n_estimators"": 500, ""learning_rate"": 0.02425012733871998, ""num_leaves"": 49, ""min_child_samples"": 19, ""subsample"": 0.7442621086980941, ""colsample_bytree"": 0.8677404339297208, ""reg_lambda"": 0.24366884054242416}",no_improvement,WARN,,3.7710940197813527,2.413939924570082,0.9436940555484286,0.9162134285905321,3.166155217731106,2.1028638810778815,0.961331780261449,0.9318054423733307,0.2824427480916031,0,0,188,64,188,80
697,XGBRegressor,XGBoost,"{""n_estimators"": 500, ""learning_rate"": 0.11933821640259347, ""max_depth"": 6, ""min_child_weight"": 8.858714105184657, ""subsample"": 0.7012885586589416, ""colsample_bytree"": 0.6359885465103081, ""reg_alpha"": 0.0016516223114037745, ""reg_lambda"": 6.136061569146397}",no_improvement,WARN,,3.599211358943532,2.2982357628280274,0.9487217524927853,0.9208028170722268,2.7530591304860152,1.7915922287193822,0.9707638048126574,0.9422275051507303,0.2824427480916031,0,0,188,64,188,80
698,XGBRegressor,XGBoost,"{""n_estimators"": 500, ""learning_rate"": 0.13278219784944853, ""max_depth"": 6, ""min_child_weight"": 8.717244079506841, ""subsample"": 0.711061201735028, ""colsample_bytree"": 0.640438389515309, ""reg_alpha"": 0.0023805302293002564, ""reg_lambda"": 3.561896139886197}",no_improvement,WARN,,3.5624013521092857,2.2255457221498696,0.949635148954646,0.9220073275929196,2.5435539487064505,1.6729886321102438,0.9750441894008168,0.9471404124331473,0.2824427480916031,0,0,188,66,188,81
699,XGBRegressor,XGBoost,"{""n_estimators"": 500, ""learning_rate"": 0.12563933613247302, ""max_depth"": 6, ""min_child_weight"": 9.00635915522712, ""subsample"": 0.6882066325005189, ""colsample_bytree"": 0.8322685751053132, ""reg_alpha"": 0.0011580566139155197, ""reg_lambda"": 7.257656851820821}",no_improvement,WARN,,3.610844038690851,2.3069990931679762,0.9482924300712888,0.9204602300460489,2.8603228873071784,1.7807051265217648,0.9684412424884373,0.9400773799523837,0.2824427480916031,0,0,188,64,188,79
700,XGBRegressor,XGBoost,"{""n_estimators"": 300, ""learning_rate"": 0.05, ""max_depth"": 5, ""min_child_weight"": 7.084421750108303, ""subsample"": 0.8, ""colsample_bytree"": 0.8, ""reg_alpha"": 0.01, ""reg_lambda"": 4.534204425466015}",no_improvement,WARN,,3.8790324697146255,2.6223654532759917,0.9404018548791161,0.9125239647196088,3.294892228441068,2.356466729326253,0.9581233239882867,0.9275921578991042,0.2824427480916031,0,0,188,65,188,81
701,XGBRegressor,XGBoost,"{""n_estimators"": 500, ""learning_rate"": 0.1411620655017683, ""max_depth"": 6, ""min_child_weight"": 8.528100997818177, ""subsample"": 0.7200758773640167, ""colsample_bytree"": 0.6524387657473792, ""reg_alpha"": 0.001503302636691061, ""reg_lambda"": 2.911764303560901}",no_improvement,WARN,,3.5802273715280712,2.2593163912145107,0.9492008574450062,0.9214345139568865,2.6869819727799333,1.7212884586184014,0.9721503796312861,0.9439738214445893,0.2824427480916031,0,0,188,64,188,81
702,XGBRegressor,XGBoost,"{""n_estimators"": 500, ""learning_rate"": 0.16857937434388118, ""max_depth"": 6, ""min_child_weight"": 9.427846037016756, ""subsample"": 0.7087958943846505, ""colsample_bytree"": 0.665145714405117, ""reg_alpha"": 0.028906580250314055, ""reg_lambda"": 5.667793802228173}",no_improvement,WARN,,3.605933148219195,2.300739390952809,0.9485143051772571,0.9206315095118206,2.6916521535669817,1.6748895814440474,0.9720534859469816,0.9441409093877879,0.2824427480916031,0,0,188,63,188,78
703,XGBRegressor,XGBoost,"{""n_estimators"": 500, ""learning_rate"": 0.1189687840716096, ""max_depth"": 6, ""min_child_weight"": 8.811139640733577, ""subsample"": 0.8452454157777337, ""colsample_bytree"": 0.6767201336127554, ""reg_alpha"": 0.0009201469714975252, ""reg_lambda"": 3.8535816170519612}",no_improvement,WARN,,3.620090426031088,2.276590986382768,0.9480820613799089,0.9204383134467681,2.672545214596116,1.7033616816919757,0.9724488394936986,0.944368516203278,0.2824427480916031,0,0,188,65,188,81
704,ExtraTreesRegressor,ExtraTrees,"{""n_estimators"": 500, ""max_depth"": 10, ""min_samples_split"": 5, ""min_samples_leaf"": 2, ""max_features"": 1.0}",no_improvement,WARN,,4.358171608944036,3.0557259822710114,0.9247815371822273,0.8986230126501685,3.9643545859750695,2.836588991480432,0.9393773720480928,0.909801467413867,0.2824427480916031,0,0,188,64,188,80
705,XGBRegressor,XGBoost,"{""n_estimators"": 500, ""learning_rate"": 0.07466817183368152, ""max_depth"": 6, ""min_child_weight"": 8.997776435102605, ""subsample"": 0.725814811802767, ""colsample_bytree"": 0.6515838378123778, ""reg_alpha"": 0.0026105195369131597, ""reg_lambda"": 7.993726478651046}",no_improvement,WARN,,3.610234985711145,2.3002203203655602,0.9484073866100233,0.9205416124634427,2.7798319094575126,1.8989052466808496,0.9701924112486688,0.94107176011273,0.2824427480916031,0,0,188,66,188,82
706,XGBRegressor,XGBoost,"{""n_estimators"": 500, ""learning_rate"": 0.08610988878288801, ""max_depth"": 6, ""min_child_weight"": 8.412399755496983, ""subsample"": 0.863825723494377, ""colsample_bytree"": 0.6892763901147996, ""reg_alpha"": 0.0006606610834451945, ""reg_lambda"": 4.873838220000838}",no_improvement,WARN,,3.641119260943552,2.274547911855371,0.9473937294117573,0.919946370487275,2.666641951593949,1.76985486016209,0.9725704180695337,0.944112733547832,0.2824427480916031,0,0,188,66,188,82
707,XGBRegressor,XGBoost,"{""n_estimators"": 500, ""learning_rate"": 0.11298416672106935, ""max_depth"": 6, ""min_child_weight"": 8.67089909812061, ""subsample"": 0.6957809454979896, ""colsample_bytree"": 0.6384127051583856, ""reg_alpha"": 0.0019674820235311523, ""reg_lambda"": 6.353812275831857}",no_improvement,WARN,,3.587293052560045,2.2529585536551133,0.948949565496258,0.9212952556028315,2.6320987138961254,1.733237645902158,0.9732764518484738,0.9450192433096315,0.2824427480916031,0,0,188,64,188,80
708,XGBRegressor,XGBoost,"{""n_estimators"": 500, ""learning_rate"": 0.15362832918755162, ""max_depth"": 6, ""min_child_weight"": 9.211611996459753, ""subsample"": 0.7173525137410579, ""colsample_bytree"": 0.657535360095392, ""reg_alpha"": 0.0012334444905961123, ""reg_lambda"": 3.3469783417793058}",no_improvement,WARN,,3.649695443339668,2.2601360501903343,0.9472644765251019,0.9198678893997725,2.8178811008993705,1.77267057081706,0.9693708388598994,0.9410010414377373,0.2824427480916031,0,0,188,68,188,83
709,RandomForestRegressor,RandomForest,"{""n_estimators"": 200, ""max_depth"": 10, ""min_samples_split"": 9, ""min_samples_leaf"": 1, ""max_features"": ""sqrt""}",no_improvement,WARN,,4.610395404543901,3.359556901813002,0.9159278838982676,0.89068845323013,4.143341539421512,3.0695337960989075,0.9337796850194332,0.9042784458482275,0.2824427480916031,0,0,188,67,188,83
710,XGBRegressor,XGBoost,"{""n_estimators"": 300, ""learning_rate"": 0.05, ""max_depth"": 5, ""min_child_weight"": 8.836975631639929, ""subsample"": 0.8, ""colsample_bytree"": 0.8, ""reg_alpha"": 0.01, ""reg_lambda"": 9.271536596177032}",no_improvement,WARN,,3.969433132845821,2.7331856918181034,0.9376152812549163,0.9097852525701714,3.481329412983568,2.4824599144899695,0.9532501724947616,0.9227854595018324,0.2824427480916031,0,0,188,67,188,83
711,XGBRegressor,XGBoost,"{""n_estimators"": 500, ""learning_rate"": 0.09016635006134548, ""max_depth"": 6, ""min_child_weight"": 8.523930071198542, ""subsample"": 0.7037029181160903, ""colsample_bytree"": 0.6718631766352517, ""reg_alpha"": 0.0045691156313757975, ""reg_lambda"": 4.3090991377588}",no_improvement,WARN,,3.537337053800564,2.2314543898197092,0.9504385318208624,0.9225689405308197,2.7538357103045223,1.828275498984368,0.9707473086603634,0.9420043614591391,0.2824427480916031,0,0,188,63,188,79
712,XGBRegressor,XGBoost,"{""n_estimators"": 500, ""learning_rate"": 0.07891428733575856, ""max_depth"": 6, ""min_child_weight"": 8.280384125015985, ""subsample"": 0.7033244834198192, ""colsample_bytree"": 0.6470886739150031, ""reg_alpha"": 0.006168870093552273, ""reg_lambda"": 2.145019332156827}",no_improvement,WARN,,3.675389984143385,2.29301330447567,0.9463509865653664,0.9190452380863294,2.6270087490003564,1.7638665047056519,0.9733797081597568,0.9449490790457293,0.2824427480916031,0,0,188,64,188,80
713,HistGradientBoostingRegressor,HistGradientBoosting,"{""learning_rate"": 0.03629377799532844, ""max_depth"": 7, ""max_leaf_nodes"": 40, ""min_samples_leaf"": 28, ""l2_regularization"": 0.3464985096074745}",no_improvement,WARN,,4.734699768278558,3.489776302537055,0.9113432173180124,0.8868219120576142,4.317914367301441,3.1586301712511538,0.9280819630746366,0.8996003673267727,0.2824427480916031,0,0,188,67,188,84
714,XGBRegressor,XGBoost,"{""n_estimators"": 500, ""learning_rate"": 0.08925126283765873, ""max_depth"": 6, ""min_child_weight"": 8.46288703863177, ""subsample"": 0.6877590316579612, ""colsample_bytree"": 0.6659130173075534, ""reg_alpha"": 0.004262010622555618, ""reg_lambda"": 2.7700244242597827}",no_improvement,WARN,,3.6511751919323467,2.3030984148269056,0.9470924291493447,0.9195526784445538,2.8189574666201462,1.845999395913279,0.969347435121793,0.9405645773221651,0.2824427480916031,0,0,188,63,188,79
715,XGBRegressor,XGBoost,"{""n_estimators"": 500, ""learning_rate"": 0.09191413501951827, ""max_depth"": 6, ""min_child_weight"": 8.571061400411958, ""subsample"": 0.6964278587127024, ""colsample_bytree"": 0.6822482881605204, ""reg_alpha"": 0.003922474427842718, ""reg_lambda"": 3.9206914901212957}",no_improvement,WARN,,3.6221814185890877,2.271515532447306,0.947999358175859,0.9204126436674628,2.7601071258451557,1.8110650507193504,0.9706139203991637,0.9419729988879153,0.2824427480916031,0,0,188,63,188,79
716,CatBoostRegressor,CatBoost,"{""iterations"": 200, ""learning_rate"": 0.029001616012427657, ""depth"": 7, ""l2_leaf_reg"": 3.0711069352970157, ""bagging_temperature"": 4.95968635984246, ""random_strength"": 1.6881365889450406}",no_improvement,WARN,,4.742868187902335,3.546248383426702,0.9111033137498838,0.8863155641238034,4.475184370361716,3.4071023145351185,0.9227476608333651,0.8943753487105643,0.2824427480916031,0,0,188,67,188,83
717,XGBRegressor,XGBoost,"{""n_estimators"": 500, ""learning_rate"": 0.08222939484585295, ""max_depth"": 6, ""min_child_weight"": 8.330562865585975, ""subsample"": 0.7038859790243686, ""colsample_bytree"": 0.6589149365414685, ""reg_alpha"": 0.005158850207872921, ""reg_lambda"": 4.261042274492841}",no_improvement,WARN,,3.6006413824958527,2.2784914234259546,0.9486375567661035,0.920868900212207,2.795402191982049,1.8367655950979194,0.9698575619644443,0.9411024431903674,0.2824427480916031,0,0,188,64,188,80
718,XGBRegressor,XGBoost,"{""n_estimators"": 500, ""learning_rate"": 0.0949772146012443, ""max_depth"": 6, ""min_child_weight"": 8.03634455022953, ""subsample"": 0.7129864715327145, ""colsample_bytree"": 0.6449668721130177, ""reg_alpha"": 0.002891400523788233, ""reg_lambda"": 5.667548076866559}",no_improvement,WARN,,3.5788961554109164,2.2795151046292643,0.9492680459389973,0.9213593664112264,2.5991017480112264,1.7323215163562544,0.9739422845857698,0.9456901762112502,0.2824427480916031,0,0,188,66,188,82
719,XGBRegressor,XGBoost,"{""n_estimators"": 500, ""learning_rate"": 0.10008568743107099, ""max_depth"": 6, ""min_child_weight"": 8.601073564048928, ""subsample"": 0.7047140145043562, ""colsample_bytree"": 0.6731210684057433, ""reg_alpha"": 0.006557711522111771, ""reg_lambda"": 9.920491638579522}",no_improvement,WARN,,3.544186064364433,2.278273539826656,0.9502365759298061,0.9221471409365701,2.741630606750217,1.8184834189801231,0.9710060321098375,0.9423096644980152,0.2824427480916031,0,0,188,64,188,80
720,XGBRegressor,XGBoost,"{""n_estimators"": 300, ""learning_rate"": 0.05, ""max_depth"": 5, ""min_child_weight"": 6.41092865540309, ""subsample"": 0.8, ""colsample_bytree"": 0.8, ""reg_alpha"": 0.01, ""reg_lambda"": 3.2800152451035425}",no_improvement,WARN,,3.8450438068796897,2.582947983645855,0.9414185032738418,0.9135316456644593,3.2774180666465287,2.316279535220663,0.9585663244572444,0.9281988626088521,0.2824427480916031,0,0,188,65,188,81
721,XGBRegressor,XGBoost,"{""n_estimators"": 500, ""learning_rate"": 0.08824024180981557, ""max_depth"": 6, ""min_child_weight"": 8.467659100374673, ""subsample"": 0.6933247961860416, ""colsample_bytree"": 0.7010495331277856, ""reg_alpha"": 0.0022856752128739507, ""reg_lambda"": 7.17977698865472}",no_improvement,WARN,,3.6030212943783892,2.278198251222675,0.9485917781725821,0.9208232119013137,2.759551582690572,1.844748501485775,0.9706257486302283,0.9417941120217453,0.2824427480916031,0,0,188,63,188,79
722,XGBRegressor,XGBoost,"{""n_estimators"": 500, ""learning_rate"": 0.10533119395183119, ""max_depth"": 6, ""min_child_weight"": 8.711684621569004, ""subsample"": 0.680490548777092, ""colsample_bytree"": 0.6382086203211588, ""reg_alpha"": 0.003091623505830135, ""reg_lambda"": 5.000539013894227}",no_improvement,WARN,,3.592543573461383,2.2639985554925715,0.9488416794124653,0.9211263719460329,2.678833561403604,1.7628491890267428,0.9723190343353546,0.9439047151426737,0.2824427480916031,0,0,188,66,188,82
723,XGBRegressor,XGBoost,"{""n_estimators"": 450, ""learning_rate"": 0.09483167579512428, ""max_depth"": 6, ""min_child_weight"": 8.617641182095007, ""subsample"": 0.7159459198178222, ""colsample_bytree"": 0.6664480139759928, ""reg_alpha"": 0.0018127523803557184, ""reg_lambda"": 0.04355028327197028}",no_improvement,WARN,,3.6101791444824753,2.296767434779934,0.9482467581472124,0.9205137182468062,2.703993807139575,1.7943256859247567,0.9717966199775446,0.9432148452398682,0.2824427480916031,0,0,188,66,188,82
724,LGBMRegressor,LightGBM,"{""n_estimators"": 150, ""learning_rate"": 0.12479592474826946, ""num_leaves"": 63, ""min_child_samples"": 13, ""subsample"": 0.6783321238346709, ""colsample_bytree"": 0.6348246130024118, ""reg_lambda"": 0.4890117851905889}",no_improvement,WARN,,3.7928028973869785,2.33333648907204,0.9427888072398302,0.9160906018741464,2.874290859329278,1.8587114795192996,0.9681322646703826,0.9393467549132354,0.2824427480916031,0,0,188,62,188,79
725,XGBRegressor,XGBoost,"{""n_estimators"": 500, ""learning_rate"": 0.08239528214577185, ""max_depth"": 6, ""min_child_weight"": 8.331211261397334, ""subsample"": 0.7105703784838503, ""colsample_bytree"": 0.6905082040576738, ""reg_alpha"": 0.00467367167823731, ""reg_lambda"": 2.5360375812695617}",no_improvement,WARN,,3.6064860379717345,2.280362776879213,0.9484723695965448,0.9207262300155099,2.7055887380768695,1.7962625712868467,0.9717633390510148,0.9431713945009316,0.2824427480916031,0,0,188,63,188,79
726,XGBRegressor,XGBoost,"{""n_estimators"": 500, ""learning_rate"": 0.10758561140974153, ""max_depth"": 6, ""min_child_weight"": 8.832913776973372, ""subsample"": 0.7000690050017911, ""colsample_bytree"": 0.6812011307308049, ""reg_alpha"": 0.0014689773564056244, ""reg_lambda"": 4.088403679311548}",no_improvement,WARN,,3.6084947400237484,2.284896238358268,0.9483497037341806,0.9206354518971963,2.6633149855219793,1.70374134413655,0.9726388189742836,0.9445537214794539,0.2824427480916031,0,0,188,63,188,79
727,XGBRegressor,XGBoost,"{""n_estimators"": 500, ""learning_rate"": 0.07651836099764875, ""max_depth"": 6, ""min_child_weight"": 8.217899338813488, ""subsample"": 0.7194369163083069, ""colsample_bytree"": 0.6542059500429708, ""reg_alpha"": 0.0032730382633087605, ""reg_lambda"": 5.8562777990402815}",no_improvement,WARN,,3.590203356774598,2.292265014270119,0.9489982521290431,0.9210467140380539,2.6526585651823513,1.812676768542995,0.9728573353195847,0.9441543873626246,0.2824427480916031,0,0,188,65,188,81
728,XGBRegressor,XGBoost,"{""n_estimators"": 500, ""learning_rate"": 0.08812518240386784, ""max_depth"": 6, ""min_child_weight"": 8.700401374731792, ""subsample"": 0.7100794112641684, ""colsample_bytree"": 0.636770642926225, ""reg_alpha"": 0.0021777150783834727, ""reg_lambda"": 3.1278674433800915}",no_improvement,WARN,,3.6178005498921992,2.2802227553589507,0.9480799694815772,0.9204495089962007,2.728201304257054,1.7927031579487969,0.9712893781913284,0.9427299621865103,0.2824427480916031,0,0,188,64,188,80
729,XGBRegressor,XGBoost,"{""n_estimators"": 450, ""learning_rate"": 0.09829116784660094, ""max_depth"": 6, ""min_child_weight"": 8.508755343713624, ""subsample"": 0.7247763120123221, ""colsample_bytree"": 0.7104894725215075, ""reg_alpha"": 0.0010503053452721, ""reg_lambda"": 4.625714573659584}",no_improvement,WARN,,3.5934691280423516,2.27885550671504,0.948848495017901,0.9210314168746866,2.7068555931823575,1.7964462668185701,0.9717368899958416,0.94314453059711,0.2824427480916031,0,0,188,64,188,79
730,XGBRegressor,XGBoost,"{""n_estimators"": 300, ""learning_rate"": 0.05, ""max_depth"": 5, ""min_child_weight"": 8.933463476815398, ""subsample"": 0.8, ""colsample_bytree"": 0.8, ""reg_alpha"": 0.01, ""reg_lambda"": 3.636789527245912}",no_improvement,WARN,,3.8529279634968234,2.6241262033262176,0.9411742788595573,0.913114412579179,3.397195168288982,2.4243215677666883,0.9554824997817606,0.9249717935180785,0.2824427480916031,0,0,188,65,188,81
731,XGBRegressor,XGBoost,"{""n_estimators"": 500, ""learning_rate"": 0.10276092683551609, ""max_depth"": 6, ""min_child_weight"": 8.434137719504703, ""subsample"": 0.6986803140341805, ""colsample_bytree"": 0.7276398846978508, ""reg_alpha"": 0.0065991189295089596, ""reg_lambda"": 7.16653094358766}",no_improvement,WARN,,3.613419841460977,2.281491253068602,0.948217170566541,0.9205453710865382,2.684391259740631,1.7546836715385772,0.9722040573951644,0.9438378599099883,0.2824427480916031,0,0,188,66,188,82
732,ExtraTreesRegressor,ExtraTrees,"{""n_estimators"": 600, ""max_depth"": null, ""min_samples_split"": 11, ""min_samples_leaf"": 4, ""max_features"": ""log2""}",no_improvement,WARN,,5.104400078211218,3.8094589207903455,0.8970682577634786,0.8755123219535113,4.75572326766126,3.51022476663551,0.9127585400324687,0.8868340839386147,0.2824427480916031,0,0,188,65,188,81
733,XGBRegressor,XGBoost,"{""n_estimators"": 500, ""learning_rate"": 0.09207056429497769, ""max_depth"": 6, ""min_child_weight"": 8.744513067241206, ""subsample"": 0.7068100915994772, ""colsample_bytree"": 0.6693371644310105, ""reg_alpha"": 0.0015440396890950203, ""reg_lambda"": 5.285550791329791}",no_improvement,WARN,,3.6010664592964003,2.2824404029244745,0.9486530467025341,0.9208452357672934,2.5899227367574906,1.733903388725127,0.9741260109142337,0.9458659908032578,0.2824427480916031,0,0,188,64,188,80
734,XGBRegressor,XGBoost,"{""n_estimators"": 500, ""learning_rate"": 0.1116459451194186, ""max_depth"": 6, ""min_child_weight"": 8.947737178025093, ""subsample"": 0.722190400153533, ""colsample_bytree"": 0.6597671834393054, ""reg_alpha"": 0.0038185416053384815, ""reg_lambda"": 6.2895602634406025}",no_improvement,WARN,,3.57947772560282,2.253174345668056,0.949300370718284,0.9215096520181574,2.6548607392579715,1.7174951355658403,0.9728122502232243,0.9446474515061636,0.2824427480916031,0,0,188,66,188,81
735,XGBRegressor,XGBoost,"{""n_estimators"": 500, ""learning_rate"": 0.08598205904248743, ""max_depth"": 6, ""min_child_weight"": 8.181093778693828, ""subsample"": 0.7295145254084031, ""colsample_bytree"": 0.647892281665258, ""reg_alpha"": 0.0020961045497370863, ""reg_lambda"": 4.20572945810962}",no_improvement,WARN,,3.6187969396052937,2.2862816918333726,0.9481188141964474,0.9204128631228155,2.6385549851160808,1.749908932101256,0.9731451907535167,0.9447945069638417,0.2824427480916031,0,0,188,63,188,79
736,XGBRegressor,XGBoost,"{""n_estimators"": 500, ""learning_rate"": 0.09737690187367072, ""max_depth"": 6, ""min_child_weight"": 8.603081193471306, ""subsample"": 0.7127519497385199, ""colsample_bytree"": 0.6791443712672247, ""reg_alpha"": 0.0011333085623657587, ""reg_lambda"": 8.350535519437875}",no_improvement,WARN,,3.545620755137352,2.2807680409218314,0.9502203730628034,0.9221079266204744,2.677481257039339,1.7694058872606768,0.9723469745873349,0.9438951560355683,0.2824427480916031,0,0,188,65,188,81
737,RandomForestRegressor,RandomForest,"{""n_estimators"": 550, ""max_depth"": 8, ""min_samples_split"": 2, ""min_samples_leaf"": 2, ""max_features"": null}",no_improvement,WARN,,4.8217079657106074,3.479451352725077,0.9078251423710093,0.884596021542542,4.637822387295461,3.3397818807267705,0.9170305904799209,0.8907436319298464,0.2824427480916031,0,0,188,67,188,83
738,XGBRegressor,XGBoost,"{""n_estimators"": 500, ""learning_rate"": 0.07289529639875825, ""max_depth"": 6, ""min_child_weight"": 8.824903487687505, ""subsample"": 0.6908841415401712, ""colsample_bytree"": 0.6949448704313015, ""reg_alpha"": 0.0025449527480082383, ""reg_lambda"": 3.4877757292935176}",no_improvement,WARN,,3.6006347342080844,2.2859061039944253,0.9486461659779005,0.920829690607112,2.7452175623162236,1.8464152649663252,0.9709301151665274,0.9420784420032984,0.2824427480916031,0,0,188,65,188,81
739,XGBRegressor,XGBoost,"{""n_estimators"": 350, ""learning_rate"": 0.11735535668111807, ""max_depth"": 6, ""min_child_weight"": 9.075827706470136, ""subsample"": 0.717415453102586, ""colsample_bytree"": 0.6350542844636725, ""reg_alpha"": 0.0008507005411543014, ""reg_lambda"": 5.236097853797778}",no_improvement,WARN,,3.626390762155515,2.3146834620919527,0.9479602278223214,0.9200975971849057,2.6820341149804463,1.791607053913418,0.9722528507998655,0.9436772034654117,0.2824427480916031,0,0,188,66,188,82
740,XGBRegressor,XGBoost,"{""n_estimators"": 300, ""learning_rate"": 0.05, ""max_depth"": 5, ""min_child_weight"": 4.257483188282862, ""subsample"": 0.8, ""colsample_bytree"": 0.8, ""reg_alpha"": 0.01, ""reg_lambda"": 4.343026715386927}",no_improvement,WARN,,3.843722439092003,2.5917148560399816,0.9414910579975369,0.9135225484979645,3.2147338875279337,2.2513073018751677,0.960136095788369,0.9299221013048514,0.2824427480916031,0,0,188,65,188,81
741,HistGradientBoostingRegressor,HistGradientBoosting,"{""learning_rate"": 0.012655270848463398, ""max_depth"": 3, ""max_leaf_nodes"": 47, ""min_samples_leaf"": 10, ""l2_regularization"": 0.004823842375090502}",no_improvement,WARN,,7.804342082167215,6.174733134652475,0.759403312155059,0.7827205756453364,7.887804410183485,6.3327027815648265,0.7600050848786649,0.7808300040950185,0.2824427480916031,0,0,188,69,188,85
742,XGBRegressor,XGBoost,"{""n_estimators"": 500, ""learning_rate"": 0.10518480961383173, ""max_depth"": 6, ""min_child_weight"": 8.394006819653693, ""subsample"": 0.7020589806526766, ""colsample_bytree"": 0.663869378246286, ""reg_alpha"": 0.0015632387321755131, ""reg_lambda"": 6.655183214148222}",no_improvement,WARN,,3.6090420957397655,2.276485780677919,0.948314625824152,0.9206647098620141,2.714723623980463,1.7758909556234086,0.9715723461540351,0.9431001682197395,0.2824427480916031,0,0,188,65,188,80
743,XGBRegressor,XGBoost,"{""n_estimators"": 500, ""learning_rate"": 0.09179238628153147, ""max_depth"": 6, ""min_child_weight"": 4.974692444459523, ""subsample"": 0.7322511925586077, ""colsample_bytree"": 0.6877237185190087, ""reg_alpha"": 0.00474480616889522, ""reg_lambda"": 3.089053073036505}",no_improvement,WARN,,3.5765558594855973,2.23037728323359,0.9493747366818329,0.921702009431516,2.5773639199623335,1.602859204637267,0.97437633408657,0.9468587342379652,0.2824427480916031,0,0,188,63,188,79
744,XGBRegressor,XGBoost,"{""n_estimators"": 500, ""learning_rate"": 0.08139306783714455, ""max_depth"": 6, ""min_child_weight"": 8.538303193589233, ""subsample"": 0.72358100007306, ""colsample_bytree"": 0.6522647132646399, ""reg_alpha"": 0.0012794606567794586, ""reg_lambda"": 5.446212583595668}",no_improvement,WARN,,3.5168337589589163,2.2487450077325066,0.9510378194478768,0.9229406132448027,2.7716667762482046,1.8856055925757065,0.9703672603037987,0.9413146599889993,0.2824427480916031,0,0,188,65,188,81
745,XGBRegressor,XGBoost,"{""n_estimators"": 450, ""learning_rate"": 0.0779884603215362, ""max_depth"": 6, ""min_child_weight"": 7.98499661616191, ""subsample"": 0.7247701823758941, ""colsample_bytree"": 0.6761198945072945, ""reg_alpha"": 0.0010411517198388783, ""reg_lambda"": 7.6891640992439365}",no_improvement,WARN,,3.584374668993086,2.287495758411326,0.9491581698427518,0.92120394842637,2.746497802617938,1.8503781585122028,0.9709029951913103,0.9420298387259842,0.2824427480916031,0,0,188,64,188,80
746,CatBoostRegressor,CatBoost,"{""iterations"": 500, ""learning_rate"": 0.04124939578275522, ""depth"": 6, ""l2_leaf_reg"": 2.1422267007408426, ""bagging_temperature"": 4.384835324143577, ""random_strength"": 0.4099075318305321}",no_improvement,WARN,,3.8654722033260667,2.6559225975446163,0.94079236368121,0.9126430579481654,3.170328413578487,2.326503198113363,0.9612297786911028,0.9304525443909412,0.2824427480916031,0,0,188,66,188,82
747,XGBRegressor,XGBoost,"{""n_estimators"": 500, ""learning_rate"": 0.08137397297264733, ""max_depth"": 6, ""min_child_weight"": 8.222580725730085, ""subsample"": 0.7389670376181245, ""colsample_bytree"": 0.655132431243621, ""reg_alpha"": 0.0013141053800741693, ""reg_lambda"": 6.040448826780152}",no_improvement,WARN,,3.582443461022892,2.2702370267971963,0.9492090131035804,0.9213439716391273,2.5970008799772994,1.7255143929306496,0.973984392746044,0.9457709327959493,0.2824427480916031,0,0,188,64,188,80
748,XGBRegressor,XGBoost,"{""n_estimators"": 500, ""learning_rate"": 0.06748663883320115, ""max_depth"": 6, ""min_child_weight"": 8.520504245983977, ""subsample"": 0.7299857543541636, ""colsample_bytree"": 0.6714856526776857, ""reg_alpha"": 0.0007152456404158325, ""reg_lambda"": 0.028028106168891228}",no_improvement,WARN,,3.658087214492351,2.3041243967590783,0.9469913687468182,0.9194189477105132,2.841268351245348,1.9262656561972367,0.968860310229957,0.9396499168848472,0.2824427480916031,0,0,188,66,188,82
749,XGBRegressor,XGBoost,"{""n_estimators"": 500, ""learning_rate"": 0.08466584394579064, ""max_depth"": 6, ""min_child_weight"": 8.431610513798717, ""subsample"": 0.7216995827314356, ""colsample_bytree"": 0.6438430422146884, ""reg_alpha"": 0.0009500189963752986, ""reg_lambda"": 5.248749086222058}",no_improvement,WARN,,3.57178046432925,2.2781684462243827,0.9494584073474265,0.921524575338851,2.746705255068858,1.844241977710704,0.9708985994310622,0.9420602540892251,0.2824427480916031,0,0,188,62,188,78
750,XGBRegressor,XGBoost,"{""n_estimators"": 300, ""learning_rate"": 0.05, ""max_depth"": 5, ""min_child_weight"": 8.633693444717046, ""subsample"": 0.8, ""colsample_bytree"": 0.8, ""reg_alpha"": 0.01, ""reg_lambda"": 6.594819382052064}",no_improvement,WARN,,3.871901612118183,2.635441421021377,0.9406342539065946,0.9126205242903513,3.3501079384830184,2.4068777491380042,0.9567080274919676,0.9261029946759961,0.2824427480916031,0,0,188,65,188,81
751,XGBRegressor,XGBoost,"{""n_estimators"": 500, ""learning_rate"": 0.12151782600831139, ""max_depth"": 6, ""min_child_weight"": 8.296403514182147, ""subsample"": 0.7090009326221715, ""colsample_bytree"": 0.6285693600567007, ""reg_alpha"": 0.0016729844064808951, ""reg_lambda"": 5.440963138173753}",no_improvement,WARN,,3.600533214482877,2.2617338498493162,0.9486596604885932,0.9209717241417361,2.6896760830297786,1.775505237829727,0.9720945046288134,0.9436127347836363,0.2824427480916031,0,0,188,63,188,79
752,XGBRegressor,XGBoost,"{""n_estimators"": 500, ""learning_rate"": 0.07219335182385736, ""max_depth"": 6, ""min_child_weight"": 9.278649002968544, ""subsample"": 0.7345835820668225, ""colsample_bytree"": 0.6633892887520977, ""reg_alpha"": 0.0005234567835355253, ""reg_lambda"": 8.741082902166935}",no_improvement,WARN,,3.588695381455119,2.314685310403319,0.9489220978006443,0.9209185100314753,2.8919108021266857,1.9445124215090008,0.9677403567007966,0.9384956425714425,0.2824427480916031,0,0,188,68,188,83
753,LGBMRegressor,LightGBM,"{""n_estimators"": 350, ""learning_rate"": 0.013297492811204745, ""num_leaves"": 22, ""min_child_samples"": 22, ""subsample"": 0.9297483882603554, ""colsample_bytree"": 0.9948610347843814, ""reg_lambda"": 0.0023043336956552183}",no_improvement,WARN,,4.411803446516138,3.1197640591305595,0.9230140980012423,0.8969735946633283,4.003843616952973,2.879277598527526,0.9381636300519115,0.9086384991079123,0.2824427480916031,0,0,188,70,188,86
754,XGBRegressor,XGBoost,"{""n_estimators"": 500, ""learning_rate"": 0.1005123100241208, ""max_depth"": 6, ""min_child_weight"": 9.55999626211292, ""subsample"": 0.7180503403994546, ""colsample_bytree"": 0.6842935213561218, ""reg_alpha"": 0.0012071552715048135, ""reg_lambda"": 4.816924327632755}",no_improvement,WARN,,3.6340559913999884,2.2912264082352856,0.9475416417023306,0.9199962784690028,2.744743186001868,1.815797233894562,0.9709401609082907,0.9422611194948463,0.2824427480916031,0,0,188,65,188,81
755,XGBRegressor,XGBoost,"{""n_estimators"": 500, ""learning_rate"": 0.057816833781510486, ""max_depth"": 6, ""min_child_weight"": 8.048564579750666, ""subsample"": 0.6858756241342, ""colsample_bytree"": 0.699338836405184, ""reg_alpha"": 0.0008064395230645417, ""reg_lambda"": 7.170534966945279}",no_improvement,WARN,,3.6342324656443914,2.3763031956724445,0.9476211160696563,0.9195370213278032,2.90578307835769,1.9709224454342138,0.9674301202788544,0.938057464182536,0.2824427480916031,0,0,188,67,188,83
756,XGBRegressor,XGBoost,"{""n_estimators"": 500, ""learning_rate"": 0.10939335885183483, ""max_depth"": 6, ""min_child_weight"": 8.89008886332655, ""subsample"": 0.7443913077659288, ""colsample_bytree"": 0.6723769582414687, ""reg_alpha"": 0.0018288742120652563, ""reg_lambda"": 6.042808377908165}",no_improvement,WARN,,3.552956439850143,2.2492884225596166,0.9500694498855055,0.922136881118099,2.7046485292735887,1.7355345313811323,0.9717829604694268,0.9435336179345644,0.2824427480916031,0,0,188,66,188,81
757,XGBRegressor,XGBoost,"{""n_estimators"": 450, ""learning_rate"": 0.1259080405897039, ""max_depth"": 6, ""min_child_weight"": 8.687180048644844, ""subsample"": 0.6962930540256854, ""colsample_bytree"": 0.6556410082125241, ""reg_alpha"": 9.470173294226888e-05, ""reg_lambda"": 4.465224988611427}",no_improvement,WARN,,3.603652779114416,2.2597624217956653,0.9485217980393117,0.9208974453786383,2.589400470439266,1.749786201459977,0.9741364450096948,0.9457867732933063,0.2824427480916031,0,0,188,65,188,80
758,XGBRegressor,XGBoost,"{""n_estimators"": 200, ""learning_rate"": 0.08491465513929915, ""max_depth"": 6, ""min_child_weight"": 8.511295500552425, ""subsample"": 0.7268301062518724, ""colsample_bytree"": 0.6345540291210497, ""reg_alpha"": 0.0011958934807751553, ""reg_lambda"": 5.509467294137125}",no_improvement,WARN,,3.773781989450961,2.540725145329499,0.9436737655811116,0.9154531578892741,3.1723353581284117,2.2329463862419368,0.9611806769561902,0.9309379819455201,0.2824427480916031,0,0,188,67,188,83
759,ExtraTreesRegressor,ExtraTrees,"{""n_estimators"": 800, ""max_depth"": 18, ""min_samples_split"": 4, ""min_samples_leaf"": 3, ""max_features"": ""sqrt""}",no_improvement,WARN,,4.714397850779877,3.4091253574754843,0.9121523388238358,0.8878069724684776,4.327594149987604,3.1373879853341125,0.9277591538591228,0.8994868186481522,0.2824427480916031,0,0,188,65,188,81
760,XGBRegressor,XGBoost,"{""n_estimators"": 300, ""learning_rate"": 0.05, ""max_depth"": 5, ""min_child_weight"": 9.036858168796952, ""subsample"": 0.8, ""colsample_bytree"": 0.8, ""reg_alpha"": 0.01, ""reg_lambda"": 7.734595581884016}",no_improvement,WARN,,3.9116749649777858,2.6906134850459282,0.9394170901149304,0.9113819937621659,3.4221990898611456,2.440211923798544,0.9548247757631183,0.9243315860881597,0.2824427480916031,0,0,188,67,188,83
761,XGBRegressor,XGBoost,"{""n_estimators"": 100, ""learning_rate"": 0.1146127632477553, ""max_depth"": 6, ""min_child_weight"": 8.83107526100204, ""subsample"": 0.7047582713110653, ""colsample_bytree"": 0.6464886309993306, ""reg_alpha"": 0.000462925611473683, ""reg_lambda"": 4.469818996302329}",no_improvement,WARN,,3.9399580304728232,2.6888248249150757,0.9385975660830723,0.910746806314221,3.425135462426536,2.4775394470066376,0.954747218499242,0.9240559824099747,0.2824427480916031,0,0,188,66,188,82
762,XGBRegressor,XGBoost,"{""n_estimators"": 500, ""learning_rate"": 0.07891108317669453, ""max_depth"": 6, ""min_child_weight"": 8.332604730093276, ""subsample"": 0.7129000481627503, ""colsample_bytree"": 0.6828704850436096, ""reg_alpha"": 0.000787528937076984, ""reg_lambda"": 6.248537056444562}",no_improvement,WARN,,3.5862157295280355,2.2664672998446527,0.9490497637889824,0.9212642176128598,2.6563779027921703,1.8017429443317137,0.9727811675770238,0.94414077602849,0.2824427480916031,0,0,188,65,188,81
763,XGBRegressor,XGBoost,"{""n_estimators"": 500, ""learning_rate"": 0.09513355620592513, ""max_depth"": 3, ""min_child_weight"": 8.617906155687464, ""subsample"": 0.7348007303187211, ""colsample_bytree"": 0.6637907152958298, ""reg_alpha"": 0.00145662590612095, ""reg_lambda"": 3.9460129676957862}",no_improvement,WARN,,3.7816248101626777,2.620692154260973,0.9435064052713903,0.9148404461215374,3.274418054620187,2.4321296534993975,0.9586421430633406,0.9276095278722548,0.2824427480916031,0,0,188,66,188,82
764,XGBRegressor,XGBoost,"{""n_estimators"": 500, ""learning_rate"": 0.0888056169797826, ""max_depth"": 6, ""min_child_weight"": 3.3007296059731437, ""subsample"": 0.7212207587822369, ""colsample_bytree"": 0.6742605838585906, ""reg_alpha"": 0.002219377758108699, ""reg_lambda"": 5.15110460489868}",no_improvement,WARN,,3.6354574314855244,2.2440718085290827,0.9477091065218815,0.9202931067096681,2.669418728236455,1.7061172947101642,0.9725132634311751,0.9444164312285541,0.2824427480916031,0,0,188,64,188,80
765,XGBRegressor,XGBoost,"{""n_estimators"": 250, ""learning_rate"": 0.14111132254877518, ""max_depth"": 6, ""min_child_weight"": 9.20841676226564, ""subsample"": 0.7105515191869143, ""colsample_bytree"": 0.6924871187175047, ""reg_alpha"": 9.998701796152192, ""reg_lambda"": 8.731691043412372}",no_improvement,WARN,,3.7897891844834697,2.526634863256237,0.9431838239707371,0.9151597072444355,3.2030235039380335,2.243977403715161,0.9604259931019334,0.9302158605907505,0.2824427480916031,0,0,188,64,188,80
766,RandomForestRegressor,RandomForest,"{""n_estimators"": 150, ""max_depth"": 6, ""min_samples_split"": 8, ""min_samples_leaf"": 4, ""max_features"": ""sqrt""}",no_improvement,WARN,,5.309182718026951,3.9781384703459572,0.8886206919561392,0.8691330715773122,5.024509413704608,3.8483578527165117,0.9026183558950035,0.8780858830740228,0.2824427480916031,0,0,188,67,188,83
767,XGBRegressor,XGBoost,"{""n_estimators"": 500, ""learning_rate"": 0.10284018407647284, ""max_depth"": 6, ""min_child_weight"": 3.9267059009460215, ""subsample"": 0.7282206948010352, ""colsample_bytree"": 0.6272270706202715, ""reg_alpha"": 0.0010153211870298443, ""reg_lambda"": 7.064096446770893}",no_improvement,WARN,,3.560630376978689,2.2265309147248535,0.9498725125995477,0.9220979822688017,2.543923626664993,1.6365633233654924,0.9750369347612664,0.9473387853294942,0.2824427480916031,0,0,188,62,188,79
768,XGBRegressor,XGBoost,"{""n_estimators"": 500, ""learning_rate"": 0.11104531031897583, ""max_depth"": 6, ""min_child_weight"": 8.958509686954747, ""subsample"": 0.742095734255513, ""colsample_bytree"": 0.6535353596461064, ""reg_alpha"": 0.0006247057301382342, ""reg_lambda"": 4.19777252143116}",no_improvement,WARN,,3.605252913057595,2.2787603187720045,0.9484653532918668,0.9207505926779506,2.7106142854303625,1.7439341416407343,0.9716583441813381,0.9433645299625385,0.2824427480916031,0,0,188,67,188,82
769,HistGradientBoostingRegressor,HistGradientBoosting,"{""learning_rate"": 0.020628894896568932, ""max_depth"": 5, ""max_leaf_nodes"": 24, ""min_samples_leaf"": 21, ""l2_regularization"": 0.006833295530155059}",no_improvement,WARN,,5.630166172642615,4.349379541511743,0.8747851665960507,0.8583520687367349,5.475728270757925,4.319878611247046,0.8843425664855704,0.863567029655099,0.2824427480916031,0,0,188,68,188,84
770,XGBRegressor,XGBoost,"{""n_estimators"": 300, ""learning_rate"": 0.05, ""max_depth"": 5, ""min_child_weight"": 8.736879094094373, ""subsample"": 0.8, ""colsample_bytree"": 0.8, ""reg_alpha"": 0.01, ""reg_lambda"": 0.0015660851034283872}",no_improvement,WARN,,3.7265047944078624,2.5042237197277033,0.9449461344507384,0.9167087525243958,3.278122927440494,2.2892138859808187,0.9585485006011829,0.9283364573998674,0.2824427480916031,0,0,188,67,188,83
771,XGBRegressor,XGBoost,"{""n_estimators"": 500, ""learning_rate"": 0.13012798488124352, ""max_depth"": 6, ""min_child_weight"": 9.41368644802695, ""subsample"": 0.701347952432824, ""colsample_bytree"": 0.7067601886596734, ""reg_alpha"": 0.003325004727432652, ""reg_lambda"": 5.55841177236781}",no_improvement,WARN,,3.585326609659839,2.2563289422822064,0.9490656598500665,0.9213388158256973,2.6067015644376617,1.6830921445264064,0.9737896754153738,0.9458151647510924,0.2824427480916031,0,0,188,66,188,81
772,XGBRegressor,XGBoost,"{""n_estimators"": 500, ""learning_rate"": 0.09375904289802117, ""max_depth"": 9, ""min_child_weight"": 8.143862484355394, ""subsample"": 0.7174986560682948, ""colsample_bytree"": 0.6665036712372535, ""reg_alpha"": 0.0018310099839709488, ""reg_lambda"": 9.777434058339727}",no_improvement,WARN,,3.606607879545334,2.248243215224459,0.9485478097071137,0.920928587877922,2.479449580507991,1.5870421579466771,0.9762862445555198,0.9489038787980292,0.2824427480916031,0,0,188,65,188,81
773,XGBRegressor,XGBoost,"{""n_estimators"": 500, ""learning_rate"": 0.12123613318263779, ""max_depth"": 6, ""min_child_weight"": 8.515070096572481, ""subsample"": 0.6924456123709916, ""colsample_bytree"": 0.6360170770287017, ""reg_alpha"": 0.006605167272362942, ""reg_lambda"": 0.16371733626251278}",no_improvement,WARN,,3.615317127899979,2.2783469684839677,0.9482109901566906,0.9205344844420071,2.6089815044217084,1.716064151362752,0.9737438058756063,0.9455829427617878,0.2824427480916031,0,0,188,63,188,79
774,CatBoostRegressor,CatBoost,"{""iterations"": 300, ""learning_rate"": 0.02105157571641207, ""depth"": 10, ""l2_leaf_reg"": 5.2370925214403625, ""bagging_temperature"": 2.299245194285967, ""random_strength"": 1.2512964922593468}",no_improvement,WARN,,4.663363464531487,3.409789968808494,0.9139673844737294,0.889068477392793,4.2335012693067835,3.1553000891113463,0.9308664015676429,0.9016466555951572,0.2824427480916031,0,0,188,66,188,82
775,XGBRegressor,XGBoost,"{""n_estimators"": 500, ""learning_rate"": 0.10114026731936762, ""max_depth"": 6, ""min_child_weight"": 8.355159256008651, ""subsample"": 0.706144370517959, ""colsample_bytree"": 0.6809879968357342, ""reg_alpha"": 0.0013277561062412717, ""reg_lambda"": 3.7788483271736637}",no_improvement,WARN,,3.582512353934902,2.2691241058356106,0.9490996943880827,0.9213164900674774,2.7199223174190967,1.7576671461659226,0.9714633640374911,0.943097001851067,0.2824427480916031,0,0,188,64,188,79
776,XGBRegressor,XGBoost,"{""n_estimators"": 500, ""learning_rate"": 0.08329640081464502, ""max_depth"": 6, ""min_child_weight"": 9.110791853355947, ""subsample"": 0.7256905822262218, ""colsample_bytree"": 0.6589079770928624, ""reg_alpha"": 0.0008620853915519128, ""reg_lambda"": 6.708671715015754}",no_improvement,WARN,,3.5492748138078545,2.2777216877200144,0.9501701278769253,0.9220584568707609,2.766609388153138,1.8769111216749046,0.9704753018184127,0.9414676125741949,0.2824427480916031,0,0,188,65,188,80
777,XGBRegressor,XGBoost,"{""n_estimators"": 500, ""learning_rate"": 0.10823449673110791, ""max_depth"": 6, ""min_child_weight"": 7.8652013739841955, ""subsample"": 0.7153001950510135, ""colsample_bytree"": 0.6436949136385943, ""reg_alpha"": 0.0028077184283228454, ""reg_lambda"": 4.974239572852716}",no_improvement,WARN,,3.556426290727322,2.2593729780055987,0.9499351418045248,0.9219906162237087,2.5792881609932676,1.634215721583976,0.9743380589212185,0.9466429400684989,0.2824427480916031,0,0,188,66,188,81
778,XGBRegressor,XGBoost,"{""n_estimators"": 500, ""learning_rate"": 0.07684444557963352, ""max_depth"": 6, ""min_child_weight"": 8.766072727315576, ""subsample"": 0.7333313355781929, ""colsample_bytree"": 0.6488142423152521, ""reg_alpha"": 0.0018660492053199156, ""reg_lambda"": 5.842672293778665}",no_improvement,WARN,,3.602673255429522,2.3010151052859475,0.9486389097980659,0.9207133719991357,2.6738604163082074,1.77404157531923,0.9724217160989213,0.9439425272453468,0.2824427480916031,0,0,188,65,188,81
779,XGBRegressor,XGBoost,"{""n_estimators"": 500, ""learning_rate"": 0.08897351985251016, ""max_depth"": 6, ""min_child_weight"": 8.564205855287849, ""subsample"": 0.6979929969620616, ""colsample_bytree"": 0.8605478385977581, ""reg_alpha"": 0.0013170806876481207, ""reg_lambda"": 4.486248705673073}",no_improvement,WARN,,3.686851987775352,2.3208643734221495,0.9460405075313956,0.9186328859767554,2.7523724801120695,1.8286644049766223,0.9707783868030269,0.9420321527623223,0.2824427480916031,0,0,188,65,188,81
780,XGBRegressor,XGBoost,"{""n_estimators"": 300, ""learning_rate"": 0.05, ""max_depth"": 5, ""min_child_weight"": 8.912627879622745, ""subsample"": 0.8, ""colsample_bytree"": 0.8, ""reg_alpha"": 0.01, ""reg_lambda"": 7.913714475150599}",no_improvement,WARN,,3.90725049060065,2.67672480590751,0.9395385802138023,0.911559385036687,3.337327865105216,2.41116160494894,0.9570377000116471,0.9263581862412296,0.2824427480916031,0,0,188,66,188,82
781,LGBMRegressor,LightGBM,"{""n_estimators"": 250, ""learning_rate"": 0.06026679921653694, ""num_leaves"": 30, ""min_child_samples"": 25, ""subsample"": 0.8215268561291619, ""colsample_bytree"": 0.6119454121916533, ""reg_lambda"": 5.091670492951955}",no_improvement,WARN,,3.7923180002775148,2.4830242519979215,0.9429808829697267,0.9153094717581872,3.133746946895096,2.1435955858160267,0.9621193326240385,0.9322693044545052,0.2824427480916031,0,0,188,64,188,81
782,XGBRegressor,XGBoost,"{""n_estimators"": 500, ""learning_rate"": 0.1374917337838146, ""max_depth"": 6, ""min_child_weight"": 8.729862334498147, ""subsample"": 0.6773400235643761, ""colsample_bytree"": 0.6290726260715522, ""reg_alpha"": 0.004780046300838417, ""reg_lambda"": 3.5394398372350393}",no_improvement,WARN,,3.6078528569672343,2.2553252191741926,0.9484993355249459,0.9208564561853889,2.826179750753034,1.7526324359513026,0.9691901676710845,0.9409428377526202,0.2824427480916031,0,0,188,64,188,80
783,XGBRegressor,XGBoost,"{""n_estimators"": 500, ""learning_rate"": 0.03426250000956008, ""max_depth"": 6, ""min_child_weight"": 9.084485987720296, ""subsample"": 0.7220243126349671, ""colsample_bytree"": 0.6766290493464171, ""reg_alpha"": 2.3308683758001788e-05, ""reg_lambda"": 2.6282087335702666}",no_improvement,WARN,,3.715424028240629,2.4643645814449093,0.945286724357589,0.9171925885420918,3.0492696243133306,2.1409124743388284,0.9641341251234213,0.9340819511513605,0.2824427480916031,0,0,188,68,188,84
784,XGBRegressor,XGBoost,"{""n_estimators"": 250, ""learning_rate"": 0.10016608141910752, ""max_depth"": 6, ""min_child_weight"": 8.403049264781371, ""subsample"": 0.7393555295909211, ""colsample_bytree"": 0.6904151159229927, ""reg_alpha"": 0.0002850574677099757, ""reg_lambda"": 5.872978364500471}",no_improvement,WARN,,3.671585231860419,2.392811264759591,0.9466585962730265,0.9186274860438974,2.952749065319405,2.0090339212067465,0.9663687619206581,0.9368604724816216,0.2824427480916031,0,0,188,65,188,81
785,XGBRegressor,XGBoost,"{""n_estimators"": 500, ""learning_rate"": 0.2908976085050569, ""max_depth"": 6, ""min_child_weight"": 9.313138495146923, ""subsample"": 0.7092069862207521, ""colsample_bytree"": 0.6650981222085659, ""reg_alpha"": 0.0007453893879519462, ""reg_lambda"": 4.476195327512047}",no_improvement,WARN,,3.749906723187216,2.381469685692768,0.9442562213887596,0.9168647287320199,2.600296511292744,1.6540084918483002,0.973918322494087,0.9461085122327211,0.2824427480916031,0,0,188,66,188,81
786,ExtraTreesRegressor,ExtraTrees,"{""n_estimators"": 700, ""max_depth"": 14, ""min_samples_split"": 7, ""min_samples_leaf"": 1, ""max_features"": ""sqrt""}",no_improvement,WARN,,4.369293186495005,3.108157430261344,0.9244939394873759,0.8980834757116225,3.8144359393259397,2.7722874342626103,0.9438757661769013,0.9136314944780924,0.2824427480916031,0,0,188,64,188,80
787,XGBRegressor,XGBoost,"{""n_estimators"": 500, ""learning_rate"": 0.11769002211032246, ""max_depth"": 6, ""min_child_weight"": 8.909419495486752, ""subsample"": 0.7277047993169999, ""colsample_bytree"": 0.6705192547781317, ""reg_alpha"": 0.0004775659421000438, ""reg_lambda"": 7.000302901868941}",no_improvement,WARN,,3.5719404589696095,2.2600872896587147,0.9494758783958698,0.9216296993237232,2.7663310574655786,1.769727659383934,0.970481242097672,0.9420788153853377,0.2824427480916031,0,0,188,64,188,79
788,XGBRegressor,XGBoost,"{""n_estimators"": 450, ""learning_rate"": 0.09585686041692099, ""max_depth"": 6, ""min_child_weight"": 8.203981993406781, ""subsample"": 0.6051554210500278, ""colsample_bytree"": 0.6373784198543906, ""reg_alpha"": 0.002440717180147777, ""reg_lambda"": 9.993329542429288}",no_improvement,WARN,,3.6425423789859606,2.3431617092958414,0.9473223524688728,0.9195172529707928,2.8007308018615054,1.8752201531637478,0.9697425371008888,0.9407754475409535,0.2824427480916031,0,0,188,66,188,81
789,XGBRegressor,XGBoost,"{""n_estimators"": 500, ""learning_rate"": 0.11154998717845505, ""max_depth"": 6, ""min_child_weight"": 8.524543485753483, ""subsample"": 0.7140056541212569, ""colsample_bytree"": 0.6556495163031025, ""reg_alpha"": 0.0010166956306205707, ""reg_lambda"": 5.073115393279567}",no_improvement,WARN,,3.5842017258560603,2.2556886512563556,0.9491361488659047,0.9213794660459683,2.7604745699438555,1.760998504174229,0.9706060957316599,0.9422482930198093,0.2824427480916031,0,0,188,64,188,81
790,XGBRegressor,XGBoost,"{""n_estimators"": 300, ""learning_rate"": 0.05, ""max_depth"": 5, ""min_child_weight"": 8.73359053379234, ""subsample"": 0.8, ""colsample_bytree"": 0.8, ""reg_alpha"": 0.01, ""reg_lambda"": 3.744748410863145}",no_improvement,WARN,,3.879027060722554,2.646189663888966,0.9404158945725806,0.9123936677055544,3.3184528775852185,2.3607315028377296,0.9575222911343942,0.9270550148493247,0.2824427480916031,0,0,188,64,188,80
791,XGBRegressor,XGBoost,"{""n_estimators"": 450, ""learning_rate"": 0.1282566800075228, ""max_depth"": 6, ""min_child_weight"": 9.151112170524366, ""subsample"": 0.7444676382241742, ""colsample_bytree"": 0.68685354145143, ""reg_alpha"": 0.016233516844652046, ""reg_lambda"": 2.8996959446705084}",no_improvement,WARN,,3.6037615182856912,2.267168824665489,0.9486142404433986,0.9208818029049668,2.656398103705059,1.7078866578515177,0.9727807535942447,0.9446705699464067,0.2824427480916031,0,0,188,63,188,79
792,XGBRegressor,XGBoost,"{""n_estimators"": 500, ""learning_rate"": 0.14876931234525909, ""max_depth"": 6, ""min_child_weight"": 8.608383995902203, ""subsample"": 0.7054698366093702, ""colsample_bytree"": 0.6165107440934801, ""reg_alpha"": 0.003950426754078128, ""reg_lambda"": 4.77964035064181}",no_improvement,WARN,,3.603281092594331,2.289942280186426,0.9485928799757157,0.9207535302018421,2.5703829732919137,1.6300909088962396,0.9745149526135447,0.946845075355001,0.2824427480916031,0,0,188,66,188,82
793,RandomForestRegressor,RandomForest,"{""n_estimators"": 600, ""max_depth"": 18, ""min_samples_split"": 4, ""min_samples_leaf"": 3, ""max_features"": ""log2""}",no_improvement,WARN,,4.583154422204695,3.292111971317124,0.9169517412953091,0.891761330983149,4.170137694846936,3.0155933846274445,0.9329203844916767,0.9039469350841702,0.2824427480916031,0,0,188,66,188,82
794,XGBRegressor,XGBoost,"{""n_estimators"": 500, ""learning_rate"": 0.0899777586059461, ""max_depth"": 6, ""min_child_weight"": 8.951670544271765, ""subsample"": 0.7199085211967055, ""colsample_bytree"": 0.6432855326044767, ""reg_alpha"": 0.0016092570866937973, ""reg_lambda"": 6.0352548856509145}",no_improvement,WARN,,3.5862685622901105,2.276863556741939,0.9490913855658267,0.9212172285232071,2.6112781983880904,1.735031678343662,0.9736975587215113,0.9454294835617825,0.2824427480916031,0,0,188,64,188,80
795,XGBRegressor,XGBoost,"{""n_estimators"": 500, ""learning_rate"": 0.10553790863547365, ""max_depth"": 6, ""min_child_weight"": 8.325505476897575, ""subsample"": 0.6878106885240859, ""colsample_bytree"": 0.6790081764165435, ""reg_alpha"": 0.0006415678166566676, ""reg_lambda"": 1.528569269375644}",no_improvement,WARN,,3.6125857211906363,2.2768051642975586,0.9481207640963036,0.9205547013912861,2.656572944885606,1.742298816553594,0.9727771703950351,0.9444726280756742,0.2824427480916031,0,0,188,67,188,82
796,XGBRegressor,XGBoost,"{""n_estimators"": 500, ""learning_rate"": 0.08200194840129606, ""max_depth"": 6, ""min_child_weight"": 9.54030037505182, ""subsample"": 0.7328390711776754, ""colsample_bytree"": 0.658447008031806, ""reg_alpha"": 0.0011845478206536056, ""reg_lambda"": 3.9167317043055014}",no_improvement,WARN,,3.5960277970261787,2.2780314694969555,0.9487962174576762,0.9209842532413575,2.695717578156249,1.7660599522499627,0.971969002336493,0.9435431189420229,0.2824427480916031,0,0,188,64,188,80
797,HistGradientBoostingRegressor,HistGradientBoosting,"{""learning_rate"": 0.048259207947343286, ""max_depth"": 7, ""max_leaf_nodes"": 59, ""min_samples_leaf"": 6, ""l2_regularization"": 0.00010104939690589566}",no_improvement,WARN,,4.289257232140213,2.8499588237471043,0.9270765899423872,0.9014471876730837,3.6219722909330496,2.4515987976861275,0.9493965623204789,0.9198174502680642,0.2824427480916031,0,0,188,65,188,82
798,XGBRegressor,XGBoost,"{""n_estimators"": 500, ""learning_rate"": 0.09529084714899154, ""max_depth"": 6, ""min_child_weight"": 8.808161738457352, ""subsample"": 0.6985229424840154, ""colsample_bytree"": 0.6954560334906583, ""reg_alpha"": 0.002456697081869391, ""reg_lambda"": 7.721764384535336}",no_improvement,WARN,,3.571817496447175,2.26326036419571,0.9494510653402752,0.9216060669650028,2.6838970565051796,1.7790120221358223,0.9722142910600401,0.9437104762679803,0.2824427480916031,0,0,188,64,188,80
799,CatBoostRegressor,CatBoost,"{""iterations"": 600, ""learning_rate"": 0.0710552573450372, ""depth"": 5, ""l2_leaf_reg"": 3.5952295152778087, ""bagging_temperature"": 1.7368935112502633, ""random_strength"": 0.9828512450285692}",no_improvement,WARN,,3.7519559938198688,2.5158939903825988,0.9442505349074185,0.9160747053235432,2.9668241045849073,2.143248961534202,0.9660473738280034,0.9358070838665372,0.2824427480916031,0,0,188,67,188,83
800,XGBRegressor,XGBoost,"{""n_estimators"": 300, ""learning_rate"": 0.05, ""max_depth"": 5, ""min_child_weight"": 8.497082978903792, ""subsample"": 0.8, ""colsample_bytree"": 0.8, ""reg_alpha"": 0.01, ""reg_lambda"": 3.158570795938116}",no_improvement,WARN,,3.8359556112977815,2.6040703660617717,0.9417140780796162,0.9136293459674081,3.331191555967757,2.3651168095290807,0.957195543410821,0.9267523123812369,0.2824427480916031,0,0,188,66,188,82
801,XGBRegressor,XGBoost,"{""n_estimators"": 500, ""learning_rate"": 0.11963323463120222, ""max_depth"": 6, ""min_child_weight"": 8.067236243386402, ""subsample"": 0.7141526976651156, ""colsample_bytree"": 0.70119186007766, ""reg_alpha"": 0.00653628971447162, ""reg_lambda"": 5.210855239667762}",no_improvement,WARN,,3.5741578999607784,2.262103958421442,0.949304339144286,0.9215355288314884,2.5685074482494117,1.6825142088075244,0.9745521302690233,0.9465865718320565,0.2824427480916031,0,0,188,64,188,81
802,XGBRegressor,XGBoost,"{""n_estimators"": 500, ""learning_rate"": 0.0857976022672364, ""max_depth"": 6, ""min_child_weight"": 4.769693659957532, ""subsample"": 0.7236819467423344, ""colsample_bytree"": 0.6286251656054824, ""reg_alpha"": 0.001724559630561947, ""reg_lambda"": 6.2307366528923165}",no_improvement,WARN,,3.598411184120426,2.2570841366775194,0.9486752855627831,0.9210326472478231,2.603266057412504,1.677493638655989,0.9738587177771751,0.9459160227643935,0.2824427480916031,0,0,188,64,188,80
803,XGBRegressor,XGBoost,"{""n_estimators"": 500, ""learning_rate"": 0.0756440325695552, ""max_depth"": 6, ""min_child_weight"": 9.30468298504113, ""subsample"": 0.7382586290269034, ""colsample_bytree"": 0.6676529378636655, ""reg_alpha"": 0.0008828763411070263, ""reg_lambda"": 4.471730071873462}",no_improvement,WARN,,3.589968560777019,2.2947235884681687,0.9489996070410927,0.9210365477481898,2.763310775670938,1.8569665015141212,0.970545664103224,0.9416479758499177,0.2824427480916031,0,0,188,66,188,82
804,XGBRegressor,XGBoost,"{""n_estimators"": 500, ""learning_rate"": 0.13693936434345189, ""max_depth"": 6, ""min_child_weight"": 8.688224137082074, ""subsample"": 0.7501986282823477, ""colsample_bytree"": 0.6490328741050648, ""reg_alpha"": 0.0004086371186292706, ""reg_lambda"": 3.818311656128151}",no_improvement,WARN,,3.6073456663401395,2.28763420118691,0.9483605982358576,0.9206394813020442,2.6265118769457994,1.6559010358443047,0.973389777123737,0.9455690244986741,0.2824427480916031,0,0,188,66,188,82
805,XGBRegressor,XGBoost,"{""n_estimators"": 500, ""learning_rate"": 0.11342915274513357, ""max_depth"": 6, ""min_child_weight"": 7.44539313988408, ""subsample"": 0.7059212216483395, ""colsample_bytree"": 0.6396963598157911, ""reg_alpha"": 0.0013554316450220068, ""reg_lambda"": 7.004916548134567}",no_improvement,WARN,,3.5795829528695053,2.246916947516901,0.9492488934152321,0.9215280713876342,2.649592962723146,1.7146644561937752,0.972920035087856,0.9447701732231005,0.2824427480916031,0,0,188,64,188,80
806,LGBMRegressor,LightGBM,"{""n_estimators"": 450, ""learning_rate"": 0.010241399472286625, ""num_leaves"": 26, ""min_child_samples"": 10, ""subsample"": 0.6299092544455615, ""colsample_bytree"": 0.9551559027123929, ""reg_lambda"": 0.1264613763998213}",no_improvement,WARN,,4.224457819505423,2.966357270014137,0.92938304179672,0.902396722601966,3.8489045285720382,2.7905866602003218,0.9428568665491183,0.9127356593227306,0.2824427480916031,0,0,188,67,188,83
807,XGBRegressor,XGBoost,"{""n_estimators"": 500, ""learning_rate"": 0.10290723581334317, ""max_depth"": 6, ""min_child_weight"": 9.040181614995003, ""subsample"": 0.7288671248610388, ""colsample_bytree"": 0.6222271615943716, ""reg_alpha"": 0.003370552836320278, ""reg_lambda"": 2.131431599415088}",no_improvement,WARN,,3.6335875882954625,2.2962644703976895,0.947795747371929,0.9200506647987503,2.620035606421055,1.7269880449868447,0.9735208426161439,0.9452982293561487,0.2824427480916031,0,0,188,65,188,81
808,XGBRegressor,XGBoost,"{""n_estimators"": 450, ""learning_rate"": 0.15964732824065753, ""max_depth"": 6, ""min_child_weight"": 8.863618527518398, ""subsample"": 0.6941250446346215, ""colsample_bytree"": 0.673378474912844, ""reg_alpha"": 0.0020873337997041295, ""reg_lambda"": 5.2987040785331425}",no_improvement,WARN,,3.6792760672708114,2.3292476386158056,0.9464065246921299,0.9188023260368098,2.623060342336584,1.6694971616215455,0.9734596688747855,0.9455619313178224,0.2824427480916031,0,0,188,65,188,81
809,XGBRegressor,XGBoost,"{""n_estimators"": 500, ""learning_rate"": 0.09240149089398543, ""max_depth"": 6, ""min_child_weight"": 8.339849084613608, ""subsample"": 0.7187642078619911, ""colsample_bytree"": 0.7133837362700226, ""reg_alpha"": 0.001140657547989593, ""reg_lambda"": 8.040709792884403}",no_improvement,WARN,,3.5597415808220143,2.2438974276160395,0.9498290669542792,0.9219993956762175,2.716611728401066,1.791050218239054,0.9715327892401565,0.9429759997586822,0.2824427480916031,0,0,188,63,188,79
810,XGBRegressor,XGBoost,"{""n_estimators"": 300, ""learning_rate"": 0.05, ""max_depth"": 5, ""min_child_weight"": 8.623215952279647, ""subsample"": 0.8, ""colsample_bytree"": 0.8, ""reg_alpha"": 0.01, ""reg_lambda"": 3.4937370184333587}",no_improvement,WARN,,3.845509664018297,2.616112558065296,0.9414282163572079,0.9133406304604574,3.332344871929266,2.3587735041843887,0.957165898997978,0.9267629650253455,0.2824427480916031,0,0,188,67,188,83
811,XGBRegressor,XGBoost,"{""n_estimators"": 500, ""learning_rate"": 0.06303721849410777, ""max_depth"": 6, ""min_child_weight"": 9.032619363947209, ""subsample"": 0.7079916677780489, ""colsample_bytree"": 0.6872150814832062, ""reg_alpha"": 0.0006053145280394942, ""reg_lambda"": 4.575210373996101}",no_improvement,WARN,,3.5944166109120155,2.3262458201048584,0.948808230749352,0.9207382439867818,2.798115048996617,1.9127420354741242,0.9697990288464285,0.9406173718701806,0.2824427480916031,0,0,188,65,188,81
812,XGBRegressor,XGBoost,"{""n_estimators"": 500, ""learning_rate"": 0.12702221929744628, ""max_depth"": 6, ""min_child_weight"": 8.549454839254437, ""subsample"": 0.7340885389692791, ""colsample_bytree"": 0.8185771107383905, ""reg_alpha"": 0.004709999612414024, ""reg_lambda"": 6.227074238702352}",no_improvement,WARN,,3.5503023581217583,2.2441563171461407,0.9500184657481434,0.9221880605684026,2.692531584884766,1.682398154771106,0.9720352212877678,0.9440805933345721,0.2824427480916031,0,0,188,65,188,81
813,XGBRegressor,XGBoost,"{""n_estimators"": 500, ""learning_rate"": 0.0867424853650088, ""max_depth"": 6, ""min_child_weight"": 8.764829269274468, ""subsample"": 0.7134689756440774, ""colsample_bytree"": 0.6594624350746692, ""reg_alpha"": 0.0008950875102840023, ""reg_lambda"": 2.5747521094631374}",no_improvement,WARN,,3.5921422512938164,2.2728687585858873,0.9489263312758466,0.9211073266253674,2.59453524815954,1.7483094568435085,0.9740337685159375,0.9456917954584321,0.2824427480916031,0,0,188,65,188,80
814,ExtraTreesRegressor,ExtraTrees,"{""n_estimators"": 400, ""max_depth"": 10, ""min_samples_split"": 2, ""min_samples_leaf"": 4, ""max_features"": 1.0}",no_improvement,WARN,,4.672801649786715,3.370449161775565,0.9135937539478644,0.8890453352332675,4.32695797659238,3.125016773806027,0.9277803916761587,0.8995720607008754,0.2824427480916031,0,0,188,64,188,80
815,XGBRegressor,XGBoost,"{""n_estimators"": 500, ""learning_rate"": 0.09813043258235918, ""max_depth"": 6, ""min_child_weight"": 8.174936034427695, ""subsample"": 0.701071703387277, ""colsample_bytree"": 0.6485836797747594, ""reg_alpha"": 0.0016993329909844302, ""reg_lambda"": 4.116568958573372}",no_improvement,WARN,,3.6353051791517594,2.279622126728815,0.9476615123028113,0.9200801514165762,2.667298200256433,1.7416867077427263,0.9725569158133494,0.9442585395046388,0.2824427480916031,0,0,188,64,188,80
816,XGBRegressor,XGBoost,"{""n_estimators"": 500, ""learning_rate"": 0.11524719208577229, ""max_depth"": 6, ""min_child_weight"": 5.155613293373552, ""subsample"": 0.6826714700540155, ""colsample_bytree"": 0.6782138259027718, ""reg_alpha"": 0.0031295508371412344, ""reg_lambda"": 5.349466156912729}",no_improvement,WARN,,3.5711948698338256,2.217182549974752,0.9495164756982319,0.9218947813802147,2.63917361724084,1.7100423462272794,0.9731325965909102,0.9450072022001617,0.2824427480916031,0,0,188,65,188,80
817,XGBRegressor,XGBoost,"{""n_estimators"": 500, ""learning_rate"": 0.10649920814901319, ""max_depth"": 6, ""min_child_weight"": 9.250260734787203, ""subsample"": 0.7218759572818848, ""colsample_bytree"": 0.633691131091862, ""reg_alpha"": 0.001081158517872177, ""reg_lambda"": 3.2798493677845424}",no_improvement,WARN,,3.559111496823391,2.2493098426658067,0.9498971655956743,0.9219981485194098,2.524892863560784,1.620164958267419,0.9754090286572257,0.947811816114824,0.2824427480916031,0,0,188,64,188,80
818,XGBRegressor,XGBoost,"{""n_estimators"": 500, ""learning_rate"": 0.08081289834176957, ""max_depth"": 6, ""min_child_weight"": 8.425321941154516, ""subsample"": 0.7428817683342832, ""colsample_bytree"": 0.6659702634203365, ""reg_alpha"": 0.002563289523454844, ""reg_lambda"": 0.011607182916462679}",no_improvement,WARN,,3.6238514773787998,2.2647192692535785,0.9479228157152985,0.9204044878729409,2.584861384370389,1.7410476375486856,0.9742270405032203,0.9459274213099653,0.2824427480916031,0,0,188,66,188,82
819,XGBRegressor,XGBoost,"{""n_estimators"": 500, ""learning_rate"": 0.1232169304272849, ""max_depth"": 6, ""min_child_weight"": 4.589062430301767, ""subsample"": 0.7292575528857346, ""colsample_bytree"": 0.6536195196715358, ""reg_alpha"": 0.0014500923583082026, ""reg_lambda"": 6.851400728853593}",no_improvement,WARN,,3.607518260884247,2.239988288906501,0.9484569081430252,0.9209350932158047,2.575109099209066,1.6576867677156566,0.9744211484801197,0.9465942965140998,0.2824427480916031,0,0,188,64,188,79
820,XGBRegressor,XGBoost,"{""n_estimators"": 300, ""learning_rate"": 0.05, ""max_depth"": 5, ""min_child_weight"": 8.987915891502745, ""subsample"": 0.8, ""colsample_bytree"": 0.8, ""reg_alpha"": 0.01, ""reg_lambda"": 0.8214267399459391}",no_improvement,WARN,,3.739192527393583,2.5284553313315428,0.9446300414232187,0.916297852223156,3.3235239561595544,2.338823027852981,0.9573923677065267,0.9270681833980169,0.2824427480916031,0,0,188,65,188,82
821,RandomForestRegressor,RandomForest,"{""n_estimators"": 100, ""max_depth"": 10, ""min_samples_split"": 2, ""min_samples_leaf"": 4, ""max_features"": null}",no_improvement,WARN,,4.972277470917055,3.554438711085177,0.9019406442769682,0.8802806062355627,4.620962509255295,3.2962415933622973,0.9176327314768885,0.891408345378468,0.2824427480916031,0,0,188,66,188,82
822,XGBRegressor,XGBoost,"{""n_estimators"": 450, ""learning_rate"": 0.14239575257674084, ""max_depth"": 6, ""min_child_weight"": 8.829325460084656, ""subsample"": 0.7122025323499669, ""colsample_bytree"": 0.6705046591932363, ""reg_alpha"": 0.00016948213592829202, ""reg_lambda"": 4.829576493250903}",no_improvement,WARN,,3.5536024927909025,2.2546526253220613,0.9500005905170081,0.9220767963561771,2.642761955841705,1.7202256022813285,0.9730594866739609,0.9448770658134771,0.2824427480916031,0,0,188,68,188,83
823,HistGradientBoostingRegressor,HistGradientBoosting,"{""learning_rate"": 0.19817448051018452, ""max_depth"": null, ""max_leaf_nodes"": 54, ""min_samples_leaf"": 16, ""l2_regularization"": 0.0002110649573619994}",no_improvement,WARN,,3.884273036058525,2.4579243280994922,0.9400222796534109,0.9132650250734756,3.0837591549473724,2.0129882849895666,0.9633181967029257,0.9340727420810394,0.2824427480916031,0,0,188,67,188,83
824,XGBRegressor,XGBoost,"{""n_estimators"": 500, ""learning_rate"": 0.09068335789927294, ""max_depth"": 6, ""min_child_weight"": 9.403980461657994, ""subsample"": 0.7221824188976407, ""colsample_bytree"": 0.6171774667058832, ""reg_alpha"": 0.0007301684872996001, ""reg_lambda"": 8.221417418893246}",no_improvement,WARN,,3.5311712647879503,2.254560048713447,0.9506288890367225,0.9225825994264043,2.777879321256355,1.867449199410831,0.9702342709776839,0.9412895922477837,0.2824427480916031,0,0,188,64,188,80
825,XGBRegressor,XGBoost,"{""n_estimators"": 500, ""learning_rate"": 0.08981352606601621, ""max_depth"": 6, ""min_child_weight"": 9.55833787779157, ""subsample"": 0.7361839772287769, ""colsample_bytree"": 0.6186052862084929, ""reg_alpha"": 0.0005662196334822745, ""reg_lambda"": 9.185369783301264}",no_improvement,WARN,,3.5845085372717547,2.3006372948601888,0.9490809623643537,0.921104657761574,2.7243336461320347,1.7963317756879382,0.9713707242115786,0.9427884895277071,0.2824427480916031,0,0,188,65,188,81
826,XGBRegressor,XGBoost,"{""n_estimators"": 500, ""learning_rate"": 0.07703073835527835, ""max_depth"": 6, ""min_child_weight"": 9.613508904992448, ""subsample"": 0.7250705318188916, ""colsample_bytree"": 0.6162172115147864, ""reg_alpha"": 0.0003387124167658349, ""reg_lambda"": 4.02667979652334}",no_improvement,WARN,,3.613917713767381,2.294564177431301,0.9483225589978387,0.9204961060545849,2.7690042766466836,1.8595498269583177,0.9704241641592583,0.9415165245376497,0.2824427480916031,0,0,188,64,188,80
827,XGBRegressor,XGBoost,"{""n_estimators"": 500, ""learning_rate"": 0.07127851763401977, ""max_depth"": 6, ""min_child_weight"": 9.430976702246278, ""subsample"": 0.7200536591263123, ""colsample_bytree"": 0.6140015128874029, ""reg_alpha"": 0.00047001173803687906, ""reg_lambda"": 0.06313475823296645}",no_improvement,WARN,,3.6492063186298274,2.326187637019177,0.9473334888847667,0.9195223689731753,2.7532459271264775,1.8555617232812447,0.9707598372928509,0.9418623068388704,0.2824427480916031,0,0,188,65,188,81
828,XGBRegressor,XGBoost,"{""n_estimators"": 500, ""learning_rate"": 0.018200902677086985, ""max_depth"": 6, ""min_child_weight"": 9.409075183604482, ""subsample"": 0.7533750458576569, ""colsample_bytree"": 0.6271738793033687, ""reg_alpha"": 0.0006725273978458126, ""reg_lambda"": 5.7649720197297984}",no_improvement,WARN,,4.0208704054053355,2.767699886712296,0.9360072053388159,0.9083814201641565,3.493489312891285,2.4993539659786337,0.9529230181449337,0.9224201458561738,0.2824427480916031,0,0,188,66,188,82
829,CatBoostRegressor,CatBoost,"{""iterations"": 700, ""learning_rate"": 0.013288246620418205, ""depth"": 9, ""l2_leaf_reg"": 7.088861569008003, ""bagging_temperature"": 0.3626671992842576, ""random_strength"": 1.8570093145646944}",no_improvement,WARN,,4.509769517114388,3.300222024828848,0.9195851931942439,0.8935419484510334,4.107437404232526,3.0702405358094342,0.9349223770436537,0.9051243260019052,0.2824427480916031,0,0,188,65,188,81
830,XGBRegressor,XGBoost,"{""n_estimators"": 300, ""learning_rate"": 0.05, ""max_depth"": 5, ""min_child_weight"": 9.788609177334655, ""subsample"": 0.8, ""colsample_bytree"": 0.8, ""reg_alpha"": 0.01, ""reg_lambda"": 3.0784296883379816}",no_improvement,WARN,,3.8648032813524544,2.6083776899665,0.9407315621211095,0.9129028503604342,3.3716065318924486,2.4013815574518986,0.9561506109143556,0.9256631990525254,0.2824427480916031,0,0,188,65,188,81
831,XGBRegressor,XGBoost,"{""n_estimators"": 500, ""learning_rate"": 0.08348037190200593, ""max_depth"": 6, ""min_child_weight"": 9.222236605907092, ""subsample"": 0.7311781362588659, ""colsample_bytree"": 0.6242146719242386, ""reg_alpha"": 0.0007232233480843648, ""reg_lambda"": 7.692878481818068}",no_improvement,WARN,,3.585894375598965,2.304655640453242,0.949085647737941,0.9210637915007132,2.742970572089206,1.847134415471613,0.9709776837203341,0.9421203836900949,0.2824427480916031,0,0,188,66,188,81
832,XGBRegressor,XGBoost,"{""n_estimators"": 500, ""learning_rate"": 0.08902646700114197, ""max_depth"": 6, ""min_child_weight"": 9.380197556955645, ""subsample"": 0.7441038944101069, ""colsample_bytree"": 0.6119630930446003, ""reg_alpha"": 6.711302629595175e-05, ""reg_lambda"": 4.854160868964845}",no_improvement,WARN,,3.6407676483957756,2.3145568623412354,0.9475180159112654,0.9197626076705986,2.676019436461595,1.7679587128040037,0.972377161709226,0.9439330323241588,0.2824427480916031,0,0,188,67,188,82
833,XGBRegressor,XGBoost,"{""n_estimators"": 500, ""learning_rate"": 0.09469178026914318, ""max_depth"": 6, ""min_child_weight"": 9.247512120024334, ""subsample"": 0.7246292954943473, ""colsample_bytree"": 0.6330622330634428, ""reg_alpha"": 0.0008532951861576829, ""reg_lambda"": 5.8912181319494765}",no_improvement,WARN,,3.583010472016132,2.289899599904167,0.9492183209211907,0.9212276804202487,2.6718892666187704,1.8048184691944125,0.9724623621163301,0.9438086973929952,0.2824427480916031,0,0,188,63,188,79
834,LGBMRegressor,LightGBM,"{""n_estimators"": 200, ""learning_rate"": 0.07621480231290817, ""num_leaves"": 44, ""min_child_samples"": 6, ""subsample"": 0.7689652938184678, ""colsample_bytree"": 0.8166566394187599, ""reg_lambda"": 0.0018490462294166068}",no_improvement,WARN,,3.9049177135265793,2.3887240537440717,0.9393218858363168,0.9131542665527288,3.109950014186401,2.0233962775060585,0.9626924618732648,0.9334563389997872,0.2824427480916031,0,0,188,67,188,83
835,XGBRegressor,XGBoost,"{""n_estimators"": 500, ""learning_rate"": 0.08321575698558997, ""max_depth"": 6, ""min_child_weight"": 9.471017180685298, ""subsample"": 0.7155338461716644, ""colsample_bytree"": 0.624201093001308, ""reg_alpha"": 0.005919042440437894, ""reg_lambda"": 4.005145781027504}",no_improvement,WARN,,3.5954325321836698,2.274374918970039,0.9487578980432335,0.9210018204053312,2.695047707347332,1.8362652275327278,0.9719829316992894,0.9431601616525249,0.2824427480916031,0,0,188,65,188,81
836,XGBRegressor,XGBoost,"{""n_estimators"": 500, ""learning_rate"": 0.09553992860244638, ""max_depth"": 6, ""min_child_weight"": 9.12414501925303, ""subsample"": 0.7388359302791173, ""colsample_bytree"": 0.6406578038053287, ""reg_alpha"": 0.0004167907815011598, ""reg_lambda"": 9.941265678220685}",no_improvement,WARN,,3.6453193563783595,2.316772129486375,0.947396515174618,0.9196493605707531,2.7395668018763004,1.7705885206466951,0.9710496669964257,0.9426224645537069,0.2824427480916031,0,0,188,66,188,82
837,XGBRegressor,XGBoost,"{""n_estimators"": 500, ""learning_rate"": 0.08788922104690483, ""max_depth"": 6, ""min_child_weight"": 9.139001197713311, ""subsample"": 0.7280588579282501, ""colsample_bytree"": 0.6081338917344566, ""reg_alpha"": 0.0009780757744246242, ""reg_lambda"": 6.509503321636469}",no_improvement,WARN,,3.594896423506537,2.2888488069393214,0.948903944603013,0.9209714412815456,2.7833918639298374,1.7989699502328815,0.970116016985375,0.941563109831336,0.2824427480916031,0,0,188,64,188,80
838,XGBRegressor,XGBoost,"{""n_estimators"": 500, ""learning_rate"": 0.1314730942315069, ""max_depth"": 6, ""min_child_weight"": 9.5555564587187, ""subsample"": 0.7178111732203388, ""colsample_bytree"": 0.6199772536112433, ""reg_alpha"": 0.003999829759230132, ""reg_lambda"": 3.4107643587318073}",no_improvement,WARN,,3.665003472424933,2.313646268466011,0.9468015642186858,0.9192105398057024,2.62961863090618,1.6877911965205417,0.9733267884049501,0.9453261013272217,0.2824427480916031,0,0,188,64,188,80
839,XGBRegressor,XGBoost,"{""n_estimators"": 500, ""learning_rate"": 0.08030417788624224, ""max_depth"": 6, ""min_child_weight"": 9.01413500014096, ""subsample"": 0.7345317956744866, ""colsample_bytree"": 0.6000334342834636, ""reg_alpha"": 0.00024781778562400905, ""reg_lambda"": 8.266862203734275}",no_improvement,WARN,,3.589316121551717,2.288571142695796,0.9489989024306276,0.9210803063706864,2.7459210745263416,1.8583696952112234,0.97091521387806,0.9419965043386663,0.2824427480916031,0,0,188,68,188,84
840,XGBRegressor,XGBoost,"{""n_estimators"": 300, ""learning_rate"": 0.05, ""max_depth"": 5, ""min_child_weight"": 8.35979728512056, ""subsample"": 0.8, ""colsample_bytree"": 0.8, ""reg_alpha"": 0.01, ""reg_lambda"": 4.604595217259278}",no_improvement,WARN,,3.8622865862166065,2.626461268660334,0.9409247251204007,0.9128941859899979,3.3835050231986634,2.414416585594522,0.9558405734351952,0.9253285122783104,0.2824427480916031,0,0,188,65,188,81
841,XGBRegressor,XGBoost,"{""n_estimators"": 500, ""learning_rate"": 0.0980776713943193, ""max_depth"": 6, ""min_child_weight"": 7.971416364449438, ""subsample"": 0.7227116403493163, ""colsample_bytree"": 0.6330768187110676, ""reg_alpha"": 0.0005992832390615744, ""reg_lambda"": 2.7289410712071396}",no_improvement,WARN,,3.597894861319399,2.216088787407105,0.9487454481116837,0.92129257467354,2.695136192077077,1.7562871300534335,0.9719810919371159,0.9436101642252448,0.2824427480916031,0,0,188,64,188,80
842,ExtraTreesRegressor,ExtraTrees,"{""n_estimators"": 300, ""max_depth"": null, ""min_samples_split"": 9, ""min_samples_leaf"": 5, ""max_features"": 0.5}",no_improvement,WARN,,4.901225078349965,3.554092153128699,0.9050416007129481,0.8822163058131727,4.529639105349482,3.301048358165795,0.9208561857419735,0.8936379650253073,0.2824427480916031,0,0,188,65,188,81
843,XGBRegressor,XGBoost,"{""n_estimators"": 500, ""learning_rate"": 0.0904446903865728, ""max_depth"": 6, ""min_child_weight"": 2.551736998925576, ""subsample"": 0.7110522219517356, ""colsample_bytree"": 0.6519654780469976, ""reg_alpha"": 0.0021286284757200034, ""reg_lambda"": 5.442811717374783}",no_improvement,WARN,,3.58976196822877,2.200827812328569,0.9490027818701938,0.9215708443371359,2.660735003484952,1.7272724675411146,0.972691803442615,0.9444731236180378,0.2824427480916031,0,0,188,63,188,79
844,XGBRegressor,XGBoost,"{""n_estimators"": 500, ""learning_rate"": 0.07541043578669608, ""max_depth"": 6, ""min_child_weight"": 8.881675702336263, ""subsample"": 0.7859474311964031, ""colsample_bytree"": 0.9090495532283329, ""reg_alpha"": 0.0008214855767602284, ""reg_lambda"": 4.071027635181749}",no_improvement,WARN,,3.6545501049967646,2.308744665756535,0.9470788307343682,0.9194690396518873,2.6797932872684775,1.7774737700242251,0.9722991966732297,0.9438025941809737,0.2824427480916031,0,0,188,64,188,80
845,XGBRegressor,XGBoost,"{""n_estimators"": 500, ""learning_rate"": 0.13817238201996776, ""max_depth"": 6, ""min_child_weight"": 6.967681111268788, ""subsample"": 0.9077156938552443, ""colsample_bytree"": 0.6416190687781264, ""reg_alpha"": 0.006667527417772155, ""reg_lambda"": 6.5749809438357465}",no_improvement,WARN,,3.6567130504541305,2.2741916992532576,0.9470898941562798,0.9196370050592201,2.730627337694517,1.6588986542381903,0.9712382940593819,0.9434362495107032,0.2824427480916031,0,0,188,65,188,81
846,XGBRegressor,XGBoost,"{""n_estimators"": 450, ""learning_rate"": 0.1486010649430228, ""max_depth"": 6, ""min_child_weight"": 3.6350284453478117, ""subsample"": 0.7465300044378563, ""colsample_bytree"": 0.6129253946800851, ""reg_alpha"": 0.001203881434615879, ""reg_lambda"": 5.021646173229696}",no_improvement,WARN,,3.699241302326178,2.2658067053805526,0.9458240571100271,0.9187040058941521,2.7032496629581138,1.6585591024322648,0.9718121410879869,0.9439969697325936,0.2824427480916031,0,0,188,65,188,81
847,XGBRegressor,XGBoost,"{""n_estimators"": 500, ""learning_rate"": 0.1012308122574014, ""max_depth"": 6, ""min_child_weight"": 8.57715716992993, ""subsample"": 0.7284570269073681, ""colsample_bytree"": 0.7713686222395033, ""reg_alpha"": 0.0018922059618631535, ""reg_lambda"": 3.7773891334922594}",no_improvement,WARN,,3.603463380730608,2.2565855652546585,0.9485123835701881,0.9209152422386564,2.7550892157568865,1.7463508634120353,0.9707206718109588,0.9424414677990907,0.2824427480916031,0,0,188,64,188,79
848,RandomForestRegressor,RandomForest,"{""n_estimators"": 450, ""max_depth"": 4, ""min_samples_split"": 3, ""min_samples_leaf"": 1, ""max_features"": ""sqrt""}",no_improvement,WARN,,6.250187816648311,4.849004206954076,0.8456302282960628,0.838026749995698,6.104189284178786,4.852173992673431,0.8562705517736462,0.8432628408262386,0.2824427480916031,0,0,188,68,188,85
849,XGBRegressor,XGBoost,"{""n_estimators"": 500, ""learning_rate"": 0.08683236403167112, ""max_depth"": 6, ""min_child_weight"": 9.660297958663955, ""subsample"": 0.7192290134513221, ""colsample_bytree"": 0.6646613314430504, ""reg_alpha"": 0.003902583833249068, ""reg_lambda"": 2.2655388244832926}",no_improvement,WARN,,3.5948219690309435,2.2764374880724576,0.9486952490292687,0.9209799968736063,2.6341615888584173,1.7735572092067617,0.9732345469299534,0.9447497691908484,0.2824427480916031,0,0,188,64,188,80
850,XGBRegressor,XGBoost,"{""n_estimators"": 300, ""learning_rate"": 0.05, ""max_depth"": 5, ""min_child_weight"": 9.242014805517368, ""subsample"": 0.8, ""colsample_bytree"": 0.8, ""reg_alpha"": 0.01, ""reg_lambda"": 8.404515431716833}",no_improvement,WARN,,3.935950630470289,2.7147297372173327,0.938726595800032,0.9106957713217855,3.3952481275844812,2.4454219424870525,0.9555335139519279,0.9248953972361098,0.2824427480916031,0,0,188,66,188,82
851,HistGradientBoostingRegressor,HistGradientBoosting,"{""learning_rate"": 0.014487373010037649, ""max_depth"": 5, ""max_leaf_nodes"": 61, ""min_samples_leaf"": 30, ""l2_regularization"": 0.0022516365098074797}",no_improvement,WARN,,6.7894514787085445,5.348430849489583,0.8179238713329273,0.8192776487888764,6.604308594328505,5.3073363500215205,0.8317540998533274,0.8262735901853592,0.2824427480916031,0,0,188,69,188,86
852,XGBRegressor,XGBoost,"{""n_estimators"": 500, ""learning_rate"": 0.12439059295702874, ""max_depth"": 6, ""min_child_weight"": 7.289761868405286, ""subsample"": 0.7060531779237501, ""colsample_bytree"": 0.6600154733464229, ""reg_alpha"": 0.0026999482907637215, ""reg_lambda"": 5.767950077249568}",no_improvement,WARN,,3.5376651215813575,2.229735026253846,0.9504011790645508,0.9225628143400264,2.557645090716913,1.6529457797580516,0.9747669159834951,0.9469714488324552,0.2824427480916031,0,0,188,65,188,81
853,XGBRegressor,XGBoost,"{""n_estimators"": 500, ""learning_rate"": 0.13170135207203093, ""max_depth"": 6, ""min_child_weight"": 6.189298517668447, ""subsample"": 0.6981774530294639, ""colsample_bytree"": 0.6599656803916879, ""reg_alpha"": 0.0033513919869517564, ""reg_lambda"": 4.682002806579529}",no_improvement,WARN,,3.58071646581132,2.2655027756352397,0.9492014279369905,0.9213928302552377,2.6727651804278736,1.6523863463515067,0.9724443040693377,0.9446520137436489,0.2824427480916031,0,0,188,65,188,81
854,XGBRegressor,XGBoost,"{""n_estimators"": 350, ""learning_rate"": 0.12722422859297464, ""max_depth"": 6, ""min_child_weight"": 6.66847406424748, ""subsample"": 0.6934805832911696, ""colsample_bytree"": 0.6605047583649502, ""reg_alpha"": 0.0048801131246978295, ""reg_lambda"": 5.542483259600012}",no_improvement,WARN,,3.66403944808746,2.3154002171579147,0.9466805499786073,0.9191779419758369,2.6630259088725254,1.7028630762255694,0.9726447582261791,0.944564547233093,0.2824427480916031,0,0,188,62,188,78
855,XGBRegressor,XGBoost,"{""n_estimators"": 500, ""learning_rate"": 0.11749461759023175, ""max_depth"": 6, ""min_child_weight"": 7.33925018509396, ""subsample"": 0.707847370245923, ""colsample_bytree"": 0.6725287134088331, ""reg_alpha"": 0.002859473630881351, ""reg_lambda"": 3.133604622997625}",no_improvement,WARN,,3.6377286503518285,2.267258440236829,0.947483566555093,0.9200623853061362,2.6906640949881564,1.7236432739299625,0.9720739995373683,0.9438856031554144,0.2824427480916031,0,0,188,67,188,82
856,XGBRegressor,XGBoost,"{""n_estimators"": 500, ""learning_rate"": 0.16426873241128762, ""max_depth"": 6, ""min_child_weight"": 7.467910835560168, ""subsample"": 0.704378878006724, ""colsample_bytree"": 0.6561299336126614, ""reg_alpha"": 0.0018228760882834983, ""reg_lambda"": 4.355972023008261}",no_improvement,WARN,,3.5591887281917804,2.256134036212842,0.9498395178452999,0.9219412129339025,2.692347149937049,1.6569125654799433,0.9720390522592456,0.9442283179576498,0.2824427480916031,0,0,188,65,188,81
857,CatBoostRegressor,CatBoost,"{""iterations"": 800, ""learning_rate"": 0.17592655740815463, ""depth"": 10, ""l2_leaf_reg"": 9.246478181714679, ""bagging_temperature"": 4.017120786968679, ""random_strength"": 0.05911727162569069}",no_improvement,WARN,,3.729346931477089,2.2071545459164206,0.9449146239094459,0.918337333599197,2.7763898673465905,1.6571779561752293,0.9702661822240516,0.9425080437613832,0.2824427480916031,0,0,188,64,188,80
858,XGBRegressor,XGBoost,"{""n_estimators"": 500, ""learning_rate"": 0.12402357068007094, ""max_depth"": 6, ""min_child_weight"": 7.919211485860091, ""subsample"": 0.6905260301603335, ""colsample_bytree"": 0.6661081408440981, ""reg_alpha"": 0.0024805379936987237, ""reg_lambda"": 3.7501268605228013}",no_improvement,WARN,,3.6877763748913694,2.2929907448225753,0.9460650349517705,0.9187846501911434,2.6368666251749047,1.6198620393157934,0.9731795474966105,0.9455633059698224,0.2824427480916031,0,0,188,63,188,78
859,XGBRegressor,XGBoost,"{""n_estimators"": 500, ""learning_rate"": 0.13748802495065993, ""max_depth"": 6, ""min_child_weight"": 7.804639893903795, ""subsample"": 0.7005992624574033, ""colsample_bytree"": 0.6769741112474138, ""reg_alpha"": 0.0027114676502309216, ""reg_lambda"": 5.629384059610028}",no_improvement,WARN,,3.6366642482028277,2.288443195672694,0.9476691175179633,0.9200134081067055,2.779220430165134,1.721179502502546,0.9702055233498359,0.9420883197408882,0.2824427480916031,0,0,188,66,188,82
