cement,slag,fly_ash,water,superplasticizer,coarse_aggregate,fine_aggregate,age,compressive_strength,water_cement_ratio,water_binder_ratio,slag_replacement_ratio,fly_ash_replacement_ratio,aggregate_paste_ratio,fine_to_coarse_ratio,total_binder,supplementary_replacement_ratio,superplasticizer_binder_ratio,paste_volume_proxy,log_age,cement_age_interaction,binder_age_interaction,water_binder_age
540.0,0.0,0.0,162.0,2.5,1040.0,676.0,28,79.99,0.3,0.3,0.0,0.0,2.4444444444444446,0.65,540.0,0.0,0.004629629629629629,704.5,3.367295829986474,1818.339748192696,1818.339748192696,0.08909226131201102
540.0,0.0,0.0,162.0,2.5,1055.0,676.0,28,61.89,0.3,0.3,0.0,0.0,2.465811965811966,0.6407582938388625,540.0,0.0,0.004629629629629629,704.5,3.367295829986474,1818.339748192696,1818.339748192696,0.08909226131201102
332.5,142.5,0.0,228.0,0.0,932.0,594.0,270,40.27,0.6857142857142857,0.48,0.3,0.0,2.170697012802276,0.6373390557939914,475.0,0.3,0.0,703.0,5.602118820879701,1862.7045079425006,2661.006439917858,0.08568186704840822
332.5,142.5,0.0,228.0,0.0,932.0,594.0,365,41.05,0.6857142857142857,0.48,0.3,0.0,2.170697012802276,0.6373390557939914,475.0,0.3,0.0,703.0,5.902633333401366,1962.6255833559542,2803.7508333656488,0.08131963699723868
198.6,132.4,0.0,192.0,0.0,978.4,825.5,360,44.3,0.9667673716012085,0.5800604229607251,0.4,0.0,3.4491395793499047,0.8437244480784956,331.0,0.4,0.0,523.0,5.8888779583328805,1169.53116252491,1949.2186042081835,0.09850100937139103
266.0,114.0,0.0,228.0,0.0,932.0,670.0,90,47.03,0.8571428571428571,0.6,0.3,0.0,2.6348684210526314,0.7188841201716738,380.0,0.3,0.0,608.0,4.51085950651685,1199.888628733482,1714.126612476403,0.13301234479441856
380.0,95.0,0.0,228.0,0.0,932.0,594.0,365,43.7,0.6,0.48,0.2,0.0,2.170697012802276,0.6373390557939914,475.0,0.2,0.0,703.0,5.902633333401366,2243.000666692519,2803.7508333656488,0.08131963699723868
380.0,95.0,0.0,228.0,0.0,932.0,594.0,28,36.45,0.6,0.48,0.2,0.0,2.170697012802276,0.6373390557939914,475.0,0.2,0.0,703.0,3.367295829986474,1279.5724153948602,1599.4655192435753,0.14254761809921762
266.0,114.0,0.0,228.0,0.0,932.0,670.0,28,45.85,0.8571428571428571,0.6,0.3,0.0,2.6348684210526314,0.7188841201716738,380.0,0.3,0.0,608.0,3.367295829986474,895.7006907764021,1279.5724153948602,0.17818452262402204
475.0,0.0,0.0,228.0,0.0,932.0,594.0,28,39.29,0.48,0.48,0.0,0.0,2.170697012802276,0.6373390557939914,475.0,0.0,0.0,703.0,3.367295829986474,1599.4655192435753,1599.4655192435753,0.14254761809921762
198.6,132.4,0.0,192.0,0.0,978.4,825.5,90,38.07,0.9667673716012085,0.5800604229607251,0.4,0.0,3.4491395793499047,0.8437244480784956,331.0,0.4,0.0,523.0,4.51085950651685,895.8566979942464,1493.0944966570773,0.12859199496741372
198.6,132.4,0.0,192.0,0.0,978.4,825.5,28,28.02,0.9667673716012085,0.5800604229607251,0.4,0.0,3.4491395793499047,0.8437244480784956,331.0,0.4,0.0,523.0,3.367295829986474,668.7449518353137,1114.574919725523,0.17226298259724188
427.5,47.5,0.0,228.0,0.0,932.0,594.0,270,43.01,0.5333333333333333,0.48,0.1,0.0,2.170697012802276,0.6373390557939914,475.0,0.1,0.0,703.0,5.602118820879701,2394.905795926072,2661.006439917858,0.08568186704840822
190.0,190.0,0.0,228.0,0.0,932.0,670.0,90,42.33,1.2,0.6,0.5,0.0,2.6348684210526314,0.7188841201716738,380.0,0.5,0.0,608.0,4.51085950651685,857.0633062382014,1714.126612476403,0.13301234479441856
304.0,76.0,0.0,228.0,0.0,932.0,670.0,28,47.81,0.75,0.6,0.2,0.0,2.6348684210526314,0.7188841201716738,380.0,0.2,0.0,608.0,3.367295829986474,1023.6579323158882,1279.5724153948602,0.17818452262402204
380.0,0.0,0.0,228.0,0.0,932.0,670.0,90,52.91,0.6,0.6,0.0,0.0,2.6348684210526314,0.7188841201716738,380.0,0.0,0.0,608.0,4.51085950651685,1714.126612476403,1714.126612476403,0.13301234479441856
139.6,209.4,0.0,192.0,0.0,1047.0,806.9,90,39.36,1.3753581661891119,0.5501432664756447,0.6,0.0,3.4268022181146027,0.7706781279847182,349.0,0.6,0.0,541.0,4.51085950651685,629.7159871097522,1574.2899677743806,0.12195974307797691
342.0,38.0,0.0,228.0,0.0,932.0,670.0,365,56.14,0.6666666666666666,0.6,0.1,0.0,2.6348684210526314,0.7188841201716738,380.0,0.1,0.0,608.0,5.902633333401366,2018.700600023267,2243.000666692519,0.10164954624654834
380.0,95.0,0.0,228.0,0.0,932.0,594.0,90,40.56,0.6,0.48,0.2,0.0,2.170697012802276,0.6373390557939914,475.0,0.2,0.0,703.0,4.51085950651685,1714.126612476403,2142.6582655955035,0.10640987583553485
475.0,0.0,0.0,228.0,0.0,932.0,594.0,180,42.62,0.48,0.48,0.0,0.0,2.170697012802276,0.6373390557939914,475.0,0.0,0.0,703.0,5.198497031265826,2469.286089851267,2469.286089851267,0.09233437993964204
427.5,47.5,0.0,228.0,0.0,932.0,594.0,180,41.84,0.5333333333333333,0.48,0.1,0.0,2.170697012802276,0.6373390557939914,475.0,0.1,0.0,703.0,5.198497031265826,2222.3574808661406,2469.286089851267,0.09233437993964204
139.6,209.4,0.0,192.0,0.0,1047.0,806.9,28,28.24,1.3753581661891119,0.5501432664756447,0.6,0.0,3.4268022181146027,0.7706781279847182,349.0,0.6,0.0,541.0,3.367295829986474,470.07449786611176,1175.1862446652794,0.1633783588529715
139.6,209.4,0.0,192.0,0.0,1047.0,806.9,3,8.06,1.3753581661891119,0.5501432664756447,0.6,0.0,3.4268022181146027,0.7706781279847182,349.0,0.6,0.0,541.0,1.3862943611198906,193.5266928123367,483.8167320308418,0.39684448116143406
139.6,209.4,0.0,192.0,0.0,1047.0,806.9,180,44.21,1.3753581661891119,0.5501432664756447,0.6,0.0,3.4268022181146027,0.7706781279847182,349.0,0.6,0.0,541.0,5.198497031265826,725.7101855647093,1814.2754639117734,0.10582736955832898
380.0,0.0,0.0,228.0,0.0,932.0,670.0,365,52.52,0.6,0.6,0.0,0.0,2.6348684210526314,0.7188841201716738,380.0,0.0,0.0,608.0,5.902633333401366,2243.000666692519,2243.000666692519,0.10164954624654834
380.0,0.0,0.0,228.0,0.0,932.0,670.0,270,53.3,0.6,0.6,0.0,0.0,2.6348684210526314,0.7188841201716738,380.0,0.0,0.0,608.0,5.602118820879701,2128.805151934286,2128.805151934286,0.10710233381051028
380.0,95.0,0.0,228.0,0.0,932.0,594.0,270,41.15,0.6,0.48,0.2,0.0,2.170697012802276,0.6373390557939914,475.0,0.2,0.0,703.0,5.602118820879701,2128.805151934286,2661.006439917858,0.08568186704840822
342.0,38.0,0.0,228.0,0.0,932.0,670.0,180,52.12,0.6666666666666666,0.6,0.1,0.0,2.6348684210526314,0.7188841201716738,380.0,0.1,0.0,608.0,5.198497031265826,1777.8859846929124,1975.428871881014,0.11541797492455255
427.5,47.5,0.0,228.0,0.0,932.0,594.0,28,37.43,0.5333333333333333,0.48,0.1,0.0,2.170697012802276,0.6373390557939914,475.0,0.1,0.0,703.0,3.367295829986474,1439.5189673192176,1599.4655192435753,0.14254761809921762
475.0,0.0,0.0,228.0,0.0,932.0,594.0,7,38.6,0.48,0.48,0.0,0.0,2.170697012802276,0.6373390557939914,475.0,0.0,0.0,703.0,2.0794415416798357,987.7347322979219,987.7347322979219,0.23083120654223416
304.0,76.0,0.0,228.0,0.0,932.0,670.0,365,55.26,0.75,0.6,0.2,0.0,2.6348684210526314,0.7188841201716738,380.0,0.2,0.0,608.0,5.902633333401366,1794.4005333540151,2243.000666692519,0.10164954624654834
266.0,114.0,0.0,228.0,0.0,932.0,670.0,365,52.91,0.8571428571428571,0.6,0.3,0.0,2.6348684210526314,0.7188841201716738,380.0,0.3,0.0,608.0,5.902633333401366,1570.1004666847634,2243.000666692519,0.10164954624654834
198.6,132.4,0.0,192.0,0.0,978.4,825.5,180,41.72,0.9667673716012085,0.5800604229607251,0.4,0.0,3.4491395793499047,0.8437244480784956,331.0,0.4,0.0,523.0,5.198497031265826,1032.421510409393,1720.7025173489885,0.11158233225334387
475.0,0.0,0.0,228.0,0.0,932.0,594.0,270,42.13,0.48,0.48,0.0,0.0,2.170697012802276,0.6373390557939914,475.0,0.0,0.0,703.0,5.602118820879701,2661.006439917858,2661.006439917858,0.08568186704840822
190.0,190.0,0.0,228.0,0.0,932.0,670.0,365,53.69,1.2,0.6,0.5,0.0,2.6348684210526314,0.7188841201716738,380.0,0.5,0.0,608.0,5.902633333401366,1121.5003333462596,2243.000666692519,0.10164954624654834
237.5,237.5,0.0,228.0,0.0,932.0,594.0,270,38.41,0.96,0.48,0.5,0.0,2.170697012802276,0.6373390557939914,475.0,0.5,0.0,703.0,5.602118820879701,1330.503219958929,2661.006439917858,0.08568186704840822
237.5,237.5,0.0,228.0,0.0,932.0,594.0,28,30.08,0.96,0.48,0.5,0.0,2.170697012802276,0.6373390557939914,475.0,0.5,0.0,703.0,3.367295829986474,799.7327596217876,1599.4655192435753,0.14254761809921762
332.5,142.5,0.0,228.0,0.0,932.0,594.0,90,37.72,0.6857142857142857,0.48,0.3,0.0,2.170697012802276,0.6373390557939914,475.0,0.3,0.0,703.0,4.51085950651685,1499.8607859168526,2142.6582655955035,0.10640987583553485
475.0,0.0,0.0,228.0,0.0,932.0,594.0,90,42.23,0.48,0.48,0.0,0.0,2.170697012802276,0.6373390557939914,475.0,0.0,0.0,703.0,4.51085950651685,2142.6582655955035,2142.6582655955035,0.10640987583553485
237.5,237.5,0.0,228.0,0.0,932.0,594.0,180,36.25,0.96,0.48,0.5,0.0,2.170697012802276,0.6373390557939914,475.0,0.5,0.0,703.0,5.198497031265826,1234.6430449256336,2469.286089851267,0.09233437993964204
342.0,38.0,0.0,228.0,0.0,932.0,670.0,90,50.46,0.6666666666666666,0.6,0.1,0.0,2.6348684210526314,0.7188841201716738,380.0,0.1,0.0,608.0,4.51085950651685,1542.7139512287627,1714.126612476403,0.13301234479441856
427.5,47.5,0.0,228.0,0.0,932.0,594.0,365,43.7,0.5333333333333333,0.48,0.1,0.0,2.170697012802276,0.6373390557939914,475.0,0.1,0.0,703.0,5.902633333401366,2523.375750029084,2803.7508333656488,0.08131963699723868
237.5,237.5,0.0,228.0,0.0,932.0,594.0,365,39.0,0.96,0.48,0.5,0.0,2.170697012802276,0.6373390557939914,475.0,0.5,0.0,703.0,5.902633333401366,1401.8754166828244,2803.7508333656488,0.08131963699723868
380.0,0.0,0.0,228.0,0.0,932.0,670.0,180,53.1,0.6,0.6,0.0,0.0,2.6348684210526314,0.7188841201716738,380.0,0.0,0.0,608.0,5.198497031265826,1975.428871881014,1975.428871881014,0.11541797492455255
427.5,47.5,0.0,228.0,0.0,932.0,594.0,90,41.54,0.5333333333333333,0.48,0.1,0.0,2.170697012802276,0.6373390557939914,475.0,0.1,0.0,703.0,4.51085950651685,1928.3924390359532,2142.6582655955035,0.10640987583553485
427.5,47.5,0.0,228.0,0.0,932.0,594.0,7,35.08,0.5333333333333333,0.48,0.1,0.0,2.170697012802276,0.6373390557939914,475.0,0.1,0.0,703.0,2.0794415416798357,888.9612590681298,987.7347322979219,0.23083120654223416
349.0,0.0,0.0,192.0,0.0,1047.0,806.9,3,15.05,0.5501432664756447,0.5501432664756447,0.0,0.0,3.4268022181146027,0.7706781279847182,349.0,0.0,0.0,541.0,1.3862943611198906,483.8167320308418,483.8167320308418,0.39684448116143406
380.0,95.0,0.0,228.0,0.0,932.0,594.0,180,40.76,0.6,0.48,0.2,0.0,2.170697012802276,0.6373390557939914,475.0,0.2,0.0,703.0,5.198497031265826,1975.428871881014,2469.286089851267,0.09233437993964204
237.5,237.5,0.0,228.0,0.0,932.0,594.0,7,26.26,0.96,0.48,0.5,0.0,2.170697012802276,0.6373390557939914,475.0,0.5,0.0,703.0,2.0794415416798357,493.86736614896097,987.7347322979219,0.23083120654223416
380.0,95.0,0.0,228.0,0.0,932.0,594.0,7,32.82,0.6,0.48,0.2,0.0,2.170697012802276,0.6373390557939914,475.0,0.2,0.0,703.0,2.0794415416798357,790.1877858383376,987.7347322979219,0.23083120654223416
332.5,142.5,0.0,228.0,0.0,932.0,594.0,180,39.78,0.6857142857142857,0.48,0.3,0.0,2.170697012802276,0.6373390557939914,475.0,0.3,0.0,703.0,5.198497031265826,1728.500262895887,2469.286089851267,0.09233437993964204
190.0,190.0,0.0,228.0,0.0,932.0,670.0,180,46.93,1.2,0.6,0.5,0.0,2.6348684210526314,0.7188841201716738,380.0,0.5,0.0,608.0,5.198497031265826,987.714435940507,1975.428871881014,0.11541797492455255
237.5,237.5,0.0,228.0,0.0,932.0,594.0,90,33.12,0.96,0.48,0.5,0.0,2.170697012802276,0.6373390557939914,475.0,0.5,0.0,703.0,4.51085950651685,1071.3291327977518,2142.6582655955035,0.10640987583553485
304.0,76.0,0.0,228.0,0.0,932.0,670.0,90,49.19,0.75,0.6,0.2,0.0,2.6348684210526314,0.7188841201716738,380.0,0.2,0.0,608.0,4.51085950651685,1371.3012899811224,1714.126612476403,0.13301234479441856
139.6,209.4,0.0,192.0,0.0,1047.0,806.9,7,14.59,1.3753581661891119,0.5501432664756447,0.6,0.0,3.4268022181146027,0.7706781279847182,349.0,0.6,0.0,541.0,2.0794415416798357,290.29003921850506,725.7250980462627,0.2645629874409561
198.6,132.4,0.0,192.0,0.0,978.4,825.5,7,14.64,0.9667673716012085,0.5800604229607251,0.4,0.0,3.4491395793499047,0.8437244480784956,331.0,0.4,0.0,523.0,2.0794415416798357,412.97709017761537,688.2951502960257,0.27895009854046426
475.0,0.0,0.0,228.0,0.0,932.0,594.0,365,41.93,0.48,0.48,0.0,0.0,2.170697012802276,0.6373390557939914,475.0,0.0,0.0,703.0,5.902633333401366,2803.7508333656488,2803.7508333656488,0.08131963699723868
198.6,132.4,0.0,192.0,0.0,978.4,825.5,3,9.13,0.9667673716012085,0.5800604229607251,0.4,0.0,3.4491395793499047,0.8437244480784956,331.0,0.4,0.0,523.0,1.3862943611198906,275.31806011841024,458.8634335306838,0.4184251478106964
304.0,76.0,0.0,228.0,0.0,932.0,670.0,180,50.95,0.75,0.6,0.2,0.0,2.6348684210526314,0.7188841201716738,380.0,0.2,0.0,608.0,5.198497031265826,1580.343097504811,1975.428871881014,0.11541797492455255
332.5,142.5,0.0,228.0,0.0,932.0,594.0,28,33.02,0.6857142857142857,0.48,0.3,0.0,2.170697012802276,0.6373390557939914,475.0,0.3,0.0,703.0,3.367295829986474,1119.6258634705027,1599.4655192435753,0.14254761809921762
304.0,76.0,0.0,228.0,0.0,932.0,670.0,270,54.38,0.75,0.6,0.2,0.0,2.6348684210526314,0.7188841201716738,380.0,0.2,0.0,608.0,5.602118820879701,1703.044121547429,2128.805151934286,0.10710233381051028
266.0,114.0,0.0,228.0,0.0,932.0,670.0,270,51.73,0.8571428571428571,0.6,0.3,0.0,2.6348684210526314,0.7188841201716738,380.0,0.3,0.0,608.0,5.602118820879701,1490.1636063540004,2128.805151934286,0.10710233381051028
310.0,0.0,0.0,192.0,0.0,971.0,850.6,3,9.87,0.6193548387096774,0.6193548387096774,0.0,0.0,3.6286852589641434,0.8760041194644697,310.0,0.0,0.0,502.0,1.3862943611198906,429.75125194716605,429.75125194716605,0.44677007717851774
190.0,190.0,0.0,228.0,0.0,932.0,670.0,270,50.66,1.2,0.6,0.5,0.0,2.6348684210526314,0.7188841201716738,380.0,0.5,0.0,608.0,5.602118820879701,1064.402575967143,2128.805151934286,0.10710233381051028
266.0,114.0,0.0,228.0,0.0,932.0,670.0,180,48.7,0.8571428571428571,0.6,0.3,0.0,2.6348684210526314,0.7188841201716738,380.0,0.3,0.0,608.0,5.198497031265826,1382.8002103167098,1975.428871881014,0.11541797492455255
342.0,38.0,0.0,228.0,0.0,932.0,670.0,270,55.06,0.6666666666666666,0.6,0.1,0.0,2.6348684210526314,0.7188841201716738,380.0,0.1,0.0,608.0,5.602118820879701,1915.9246367408577,2128.805151934286,0.10710233381051028
139.6,209.4,0.0,192.0,0.0,1047.0,806.9,360,44.7,1.3753581661891119,0.5501432664756447,0.6,0.0,3.4268022181146027,0.7706781279847182,349.0,0.6,0.0,541.0,5.8888779583328805,822.08736298327,2055.218407458175,0.09342072808576053
332.5,142.5,0.0,228.0,0.0,932.0,594.0,7,30.28,0.6857142857142857,0.48,0.3,0.0,2.170697012802276,0.6373390557939914,475.0,0.3,0.0,703.0,2.0794415416798357,691.4143126085454,987.7347322979219,0.23083120654223416
190.0,190.0,0.0,228.0,0.0,932.0,670.0,28,40.86,1.2,0.6,0.5,0.0,2.6348684210526314,0.7188841201716738,380.0,0.5,0.0,608.0,3.367295829986474,639.7862076974301,1279.5724153948602,0.17818452262402204
485.0,0.0,0.0,146.0,0.0,1120.0,800.0,28,71.99,0.30103092783505153,0.30103092783505153,0.0,0.0,3.0427892234548337,0.7142857142857143,485.0,0.0,0.0,631.0,3.367295829986474,1633.1384775434399,1633.1384775434399,0.0893984202855918
374.0,189.2,0.0,170.1,10.1,926.1,756.7,3,34.4,0.4548128342245989,0.3020241477272727,0.33593749999999994,0.0,2.2948315832537842,0.8170823885109599,563.2,0.33593749999999994,0.017933238636363633,743.4000000000001,1.3862943611198906,518.4740910588391,780.7609841827224,0.217864370077426
313.3,262.2,0.0,175.5,8.6,1046.9,611.8,3,28.8,0.5601659751037344,0.3049522154648132,0.4556038227628149,0.0,2.2086551264980026,0.5843920145190562,575.5,0.4556038227628149,0.014943527367506515,759.6,1.3862943611198906,434.3260233388617,797.812404824497,0.21997652447959434
425.0,106.3,0.0,153.5,16.5,852.1,887.1,3,33.4,0.3611764705882353,0.2889139845661585,0.2000752870318088,0.0,2.5397196261682247,1.0410749911982162,531.3,0.2000752870318088,0.031055900621118016,701.3,1.3862943611198906,589.1751034759535,736.5381940629978,0.2084073863885337
425.0,106.3,0.0,151.4,18.6,936.0,803.7,3,36.3,0.3562352941176471,0.284961415396198,0.2000752870318088,0.0,2.548264244909917,0.8586538461538462,531.3,0.2000752870318088,0.035008469791078495,701.3,1.3862943611198906,589.1751034759535,736.5381940629978,0.2055562104183974
375.0,93.8,0.0,126.6,23.4,852.1,992.6,3,29.0,0.3376,0.27005119453924914,0.2000853242320819,0.0,3.0982532751091707,1.1648867503814107,468.8,0.2000853242320819,0.04991467576791808,618.8,1.3862943611198906,519.860385419959,649.8947964930047,0.19480075957395773
475.0,118.8,0.0,181.1,8.9,852.1,781.5,3,37.8,0.3812631578947368,0.30498484338160997,0.20006736274840015,0.0,2.1081429861917664,0.9171458748973125,593.8,0.20006736274840015,0.014988211519029978,783.8,1.3862943611198906,658.489821531948,823.181591632991,0.22000006054647295
469.0,117.2,0.0,137.8,32.2,852.1,840.5,3,40.2,0.293816631130064,0.23507335380416242,0.19993176390310474,0.0,2.337845303867403,0.9863865743457341,586.2,0.19993176390310474,0.05493005800068236,756.2,1.3862943611198906,650.1720553652286,812.64575448848,0.16956958088920093
425.0,106.3,0.0,153.5,16.5,852.1,887.1,3,33.4,0.3611764705882353,0.2889139845661585,0.2000752870318088,0.0,2.5397196261682247,1.0410749911982162,531.3,0.2000752870318088,0.031055900621118016,701.3,1.3862943611198906,589.1751034759535,736.5381940629978,0.2084073863885337
388.6,97.1,0.0,157.9,12.1,852.1,925.7,3,28.1,0.40633041688111166,0.32509779699402924,0.19991764463660694,0.0,2.762274704785581,1.0863748386339631,485.70000000000005,0.19991764463660694,0.02491249742639489,655.7,1.3862943611198906,538.7139887311895,673.323171195931,0.23450848976360647
531.3,0.0,0.0,141.8,28.2,852.1,893.7,3,41.3,0.26689252776209305,0.26689252776209305,0.0,0.0,2.5936710741346016,1.0488205609670227,531.3,0.0,0.05307735742518351,701.3,1.3862943611198906,736.5381940629978,736.5381940629978,0.19252226312634582
425.0,106.3,0.0,153.5,16.5,852.1,887.1,3,33.4,0.3611764705882353,0.2889139845661585,0.2000752870318088,0.0,2.5397196261682247,1.0410749911982162,531.3,0.2000752870318088,0.031055900621118016,701.3,1.3862943611198906,589.1751034759535,736.5381940629978,0.2084073863885337
318.8,212.5,0.0,155.7,14.3,852.1,880.4,3,25.2,0.4883939774153073,0.2930547713156409,0.39996235648409567,0.0,2.521834061135371,1.0332120643117004,531.3,0.39996235648409567,0.026915113871635615,701.3,1.3862943611198906,441.95064232502114,736.5381940629978,0.21139433264296217
401.8,94.7,0.0,147.4,11.4,946.8,852.1,3,41.1,0.3668491786958686,0.29687814702920445,0.19073514602215508,0.0,2.793756794533313,0.8999788762146177,496.5,0.19073514602215508,0.022960725075528703,655.3,1.3862943611198906,557.013074297972,688.2951502960257,0.2141523152336689
362.6,189.0,0.0,164.9,11.6,944.7,755.8,3,35.3,0.4547710976282405,0.2989485134155185,0.3426395939086294,0.0,2.3733426378227493,0.8000423414840689,551.6,0.3426395939086294,0.021029731689630165,728.1,1.3862943611198906,502.67033534207235,764.6799695937317,0.21564576889284814
323.7,282.8,0.0,183.8,10.3,942.7,659.9,3,28.3,0.5678097003398209,0.30305028854080795,0.4662819455894477,0.0,2.027837530051879,0.7000106078285774,606.5,0.4662819455894477,0.016982687551525145,800.5999999999999,1.3862943611198906,448.74348469450854,840.7875300192136,0.21860457420889656
379.5,151.2,0.0,153.9,15.9,1134.3,605.0,3,28.6,0.40553359683794465,0.2899943470887507,0.2849067269643866,0.0,2.5406076541045866,0.533368597372829,530.7,0.2849067269643866,0.029960429621254944,700.5,1.3862943611198906,526.0987100449985,735.706417446326,0.20918670321538674
362.6,189.0,0.0,164.9,11.6,944.7,755.8,3,35.3,0.4547710976282405,0.2989485134155185,0.3426395939086294,0.0,2.3733426378227493,0.8000423414840689,551.6,0.3426395939086294,0.021029731689630165,728.1,1.3862943611198906,502.67033534207235,764.6799695937317,0.21564576889284814
286.3,200.9,0.0,144.7,11.2,1004.6,803.7,3,24.4,0.505413901501921,0.2970032840722495,0.41235632183908044,0.0,2.861686975787308,0.8000199084212622,487.20000000000005,0.41235632183908044,0.022988505747126433,643.1000000000001,1.3862943611198906,396.8960755886247,675.4026127376108,0.21424258252938522
362.6,189.0,0.0,164.9,11.6,944.7,755.8,3,35.3,0.4547710976282405,0.2989485134155185,0.3426395939086294,0.0,2.3733426378227493,0.8000423414840689,551.6,0.3426395939086294,0.021029731689630165,728.1,1.3862943611198906,502.67033534207235,764.6799695937317,0.21564576889284814
439.0,177.0,0.0,186.0,11.1,884.9,707.9,3,39.3,0.42369020501138954,0.30194805194805197,0.28733766233766234,0.0,1.9860349127182044,0.7999773985761103,616.0,0.28733766233766234,0.01801948051948052,813.1,1.3862943611198906,608.5832245316319,853.9573264498526,0.21780947857576885
389.9,189.0,0.0,145.9,22.0,944.7,755.8,3,40.6,0.37419851243908697,0.25202971152185183,0.3264812575574365,0.0,2.346164459161148,0.8000423414840689,578.9,0.3264812575574365,0.03800310934531007,746.8,1.3862943611198906,540.5161714006452,802.5258056523046,0.18180100748462585
362.6,189.0,0.0,164.9,11.6,944.7,755.8,3,35.3,0.4547710976282405,0.2989485134155185,0.3426395939086294,0.0,2.3733426378227493,0.8000423414840689,551.6,0.3426395939086294,0.021029731689630165,728.1,1.3862943611198906,502.67033534207235,764.6799695937317,0.21564576889284814
337.9,189.0,0.0,174.9,9.5,944.7,755.8,3,24.1,0.5176087599881622,0.33194154488517746,0.35870184095653823,0.0,2.4230550014249075,0.8000423414840689,526.9,0.35870184095653823,0.01802998671474663,711.3,1.3862943611198906,468.42886462241097,730.4384988740703,0.2394452103354334
374.0,189.2,0.0,170.1,10.1,926.1,756.7,7,46.2,0.4548128342245989,0.3020241477272727,0.33593749999999994,0.0,2.2948315832537842,0.8170823885109599,563.2,0.33593749999999994,0.017933238636363633,743.4000000000001,2.0794415416798357,777.7111365882586,1171.1414762740835,0.14524291338495068
313.3,262.2,0.0,175.5,8.6,1046.9,611.8,7,42.8,0.5601659751037344,0.3049522154648132,0.4556038227628149,0.0,2.2086551264980026,0.5843920145190562,575.5,0.4556038227628149,0.014943527367506515,759.6,2.0794415416798357,651.4890350082926,1196.7186072367456,0.14665101631972957
425.0,106.3,0.0,153.5,16.5,852.1,887.1,7,49.2,0.3611764705882353,0.2889139845661585,0.2000752870318088,0.0,2.5397196261682247,1.0410749911982162,531.3,0.2000752870318088,0.031055900621118016,701.3,2.0794415416798357,883.7626552139302,1104.8072910944966,0.1389382575923558
425.0,106.3,0.0,151.4,18.6,936.0,803.7,7,46.8,0.3562352941176471,0.284961415396198,0.2000752870318088,0.0,2.548264244909917,0.8586538461538462,531.3,0.2000752870318088,0.035008469791078495,701.3,2.0794415416798357,883.7626552139302,1104.8072910944966,0.13703747361226493
375.0,93.8,0.0,126.6,23.4,852.1,992.6,7,45.7,0.3376,0.27005119453924914,0.2000853242320819,0.0,3.0982532751091707,1.1648867503814107,468.8,0.2000853242320819,0.04991467576791808,618.8,2.0794415416798357,779.7905781299384,974.842194739507,0.12986717304930517
475.0,118.8,0.0,181.1,8.9,852.1,781.5,7,55.6,0.3812631578947368,0.30498484338160997,0.20006736274840015,0.0,2.1081429861917664,0.9171458748973125,593.8,0.20006736274840015,0.014988211519029978,783.8,2.0794415416798357,987.7347322979219,1234.7723874494864,0.14666670703098197
469.0,117.2,0.0,137.8,32.2,852.1,840.5,7,54.9,0.293816631130064,0.23507335380416242,0.19993176390310474,0.0,2.337845303867403,0.9863865743457341,586.2,0.19993176390310474,0.05493005800068236,756.2,2.0794415416798357,975.258083047843,1218.9686317327198,0.11304638725946729
425.0,106.3,0.0,153.5,16.5,852.1,887.1,7,49.2,0.3611764705882353,0.2889139845661585,0.2000752870318088,0.0,2.5397196261682247,1.0410749911982162,531.3,0.2000752870318088,0.031055900621118016,701.3,2.0794415416798357,883.7626552139302,1104.8072910944966,0.1389382575923558
388.6,97.1,0.0,157.9,12.1,852.1,925.7,7,34.9,0.40633041688111166,0.32509779699402924,0.19991764463660694,0.0,2.762274704785581,1.0863748386339631,485.70000000000005,0.19991764463660694,0.02491249742639489,655.7,2.0794415416798357,808.0709830967842,1009.9847567938963,0.15633899317573766
531.3,0.0,0.0,141.8,28.2,852.1,893.7,7,46.9,0.26689252776209305,0.26689252776209305,0.0,0.0,2.5936710741346016,1.0488205609670227,531.3,0.0,0.05307735742518351,701.3,2.0794415416798357,1104.8072910944966,1104.8072910944966,0.12834817541756388
425.0,106.3,0.0,153.5,16.5,852.1,887.1,7,49.2,0.3611764705882353,0.2889139845661585,0.2000752870318088,0.0,2.5397196261682247,1.0410749911982162,531.3,0.2000752870318088,0.031055900621118016,701.3,2.0794415416798357,883.7626552139302,1104.8072910944966,0.1389382575923558
318.8,212.5,0.0,155.7,14.3,852.1,880.4,7,33.4,0.4883939774153073,0.2930547713156409,0.39996235648409567,0.0,2.521834061135371,1.0332120643117004,531.3,0.39996235648409567,0.026915113871635615,701.3,2.0794415416798357,662.9259634875317,1104.8072910944966,0.14092955509530813
401.8,94.7,0.0,147.4,11.4,946.8,852.1,7,54.1,0.3668491786958686,0.29687814702920445,0.19073514602215508,0.0,2.793756794533313,0.8999788762146177,496.5,0.19073514602215508,0.022960725075528703,655.3,2.0794415416798357,835.519611446958,1032.4427254440384,0.14276821015577928
362.6,189.0,0.0,164.9,11.6,944.7,755.8,7,55.9,0.4547710976282405,0.2989485134155185,0.3426395939086294,0.0,2.3733426378227493,0.8000423414840689,551.6,0.3426395939086294,0.021029731689630165,728.1,2.0794415416798357,754.0055030131085,1147.0199543905974,0.14376384592856542
323.7,282.8,0.0,183.8,10.3,942.7,659.9,7,49.8,0.5678097003398209,0.30305028854080795,0.4662819455894477,0.0,2.027837530051879,0.7000106078285774,606.5,0.4662819455894477,0.016982687551525145,800.5999999999999,2.0794415416798357,673.1152270417629,1261.1812950288204,0.14573638280593104
379.5,151.2,0.0,153.9,15.9,1134.3,605.0,7,47.1,0.40553359683794465,0.2899943470887507,0.2849067269643866,0.0,2.5406076541045866,0.533368597372829,530.7,0.2849067269643866,0.029960429621254944,700.5,2.0794415416798357,789.1480650674977,1103.5596261694889,0.13945780214359116
362.6,189.0,0.0,164.9,11.6,944.7,755.8,7,55.9,0.4547710976282405,0.2989485134155185,0.3426395939086294,0.0,2.3733426378227493,0.8000423414840689,551.6,0.3426395939086294,0.021029731689630165,728.1,2.0794415416798357,754.0055030131085,1147.0199543905974,0.14376384592856542
286.3,200.9,0.0,144.7,11.2,1004.6,803.7,7,38.0,0.505413901501921,0.2970032840722495,0.41235632183908044,0.0,2.861686975787308,0.8000199084212622,487.20000000000005,0.41235632183908044,0.022988505747126433,643.1000000000001,2.0794415416798357,595.344113382937,1013.103919106416,0.1428283883529235
362.6,189.0,0.0,164.9,11.6,944.7,755.8,7,55.9,0.4547710976282405,0.2989485134155185,0.3426395939086294,0.0,2.3733426378227493,0.8000423414840689,551.6,0.3426395939086294,0.021029731689630165,728.1,2.0794415416798357,754.0055030131085,1147.0199543905974,0.14376384592856542
439.0,177.0,0.0,186.0,11.1,884.9,707.9,7,56.1,0.42369020501138954,0.30194805194805197,0.28733766233766234,0.0,1.9860349127182044,0.7999773985761103,616.0,0.28733766233766234,0.01801948051948052,813.1,2.0794415416798357,912.8748367974479,1280.9359896747787,0.14520631905051257
389.9,189.0,0.0,145.9,22.0,944.7,755.8,7,59.09,0.37419851243908697,0.25202971152185183,0.3264812575574365,0.0,2.346164459161148,0.8000423414840689,578.9,0.3264812575574365,0.03800310934531007,746.8,2.0794415416798357,810.7742571009679,1203.7887084784568,0.12120067165641724
362.6,189.0,0.0,164.9,11.6,944.7,755.8,7,22.9,0.4547710976282405,0.2989485134155185,0.3426395939086294,0.0,2.3733426378227493,0.8000423414840689,551.6,0.3426395939086294,0.021029731689630165,728.1,2.0794415416798357,754.0055030131085,1147.0199543905974,0.14376384592856542
337.9,189.0,0.0,174.9,9.5,944.7,755.8,7,35.1,0.5176087599881622,0.33194154488517746,0.35870184095653823,0.0,2.4230550014249075,0.8000423414840689,526.9,0.35870184095653823,0.01802998671474663,711.3,2.0794415416798357,702.6432969336164,1095.6577483111055,0.15963014022362226
374.0,189.2,0.0,170.1,10.1,926.1,756.7,28,61.09,0.4548128342245989,0.3020241477272727,0.33593749999999994,0.0,2.2948315832537842,0.8170823885109599,563.2,0.33593749999999994,0.017933238636363633,743.4000000000001,3.367295829986474,1259.3686404149414,1896.4610114483824,0.089693380972852
313.3,262.2,0.0,175.5,8.6,1046.9,611.8,28,59.8,0.5601659751037344,0.3049522154648132,0.4556038227628149,0.0,2.2086551264980026,0.5843920145190562,575.5,0.4556038227628149,0.014943527367506515,759.6,3.367295829986474,1054.9737835347623,1937.8787501572158,0.09056294155955942
425.0,106.3,0.0,153.5,16.5,852.1,887.1,28,60.29,0.3611764705882353,0.2889139845661585,0.2000752870318088,0.0,2.5397196261682247,1.0410749911982162,531.3,0.2000752870318088,0.031055900621118016,701.3,3.367295829986474,1431.1007277442516,1789.0442744718137,0.08580000069887506
425.0,106.3,0.0,151.4,18.6,936.0,803.7,28,61.8,0.3562352941176471,0.284961415396198,0.2000752870318088,0.0,2.548264244909917,0.8586538461538462,531.3,0.2000752870318088,0.035008469791078495,701.3,3.367295829986474,1431.1007277442516,1789.0442744718137,0.08462618961439532
375.0,93.8,0.0,126.6,23.4,852.1,992.6,28,56.7,0.3376,0.27005119453924914,0.2000853242320819,0.0,3.0982532751091707,1.1648867503814107,468.8,0.2000853242320819,0.04991467576791808,618.8,3.367295829986474,1262.7359362449279,1578.588285097659,0.0801982386383717
475.0,118.8,0.0,181.1,8.9,852.1,781.5,28,68.3,0.3812631578947368,0.30498484338160997,0.20006736274840015,0.0,2.1081429861917664,0.9171458748973125,593.8,0.20006736274840015,0.014988211519029978,783.8,3.367295829986474,1599.4655192435753,1999.5002638459682,0.0905726312091905
469.0,117.2,0.0,137.8,32.2,852.1,840.5,28,66.9,0.293816631130064,0.23507335380416242,0.19993176390310474,0.0,2.337845303867403,0.9863865743457341,586.2,0.19993176390310474,0.05493005800068236,756.2,3.367295829986474,1579.2617442636563,1973.9088155380714,0.06981072221537087
425.0,106.3,0.0,153.5,16.5,852.1,887.1,28,60.29,0.3611764705882353,0.2889139845661585,0.2000752870318088,0.0,2.5397196261682247,1.0410749911982162,531.3,0.2000752870318088,0.031055900621118016,701.3,3.367295829986474,1431.1007277442516,1789.0442744718137,0.08580000069887506
388.6,97.1,0.0,157.9,12.1,852.1,925.7,28,50.7,0.40633041688111166,0.32509779699402924,0.19991764463660694,0.0,2.762274704785581,1.0863748386339631,485.70000000000005,0.19991764463660694,0.02491249742639489,655.7,3.367295829986474,1308.531159532744,1635.4955846244306,0.09654565960583722
531.3,0.0,0.0,141.8,28.2,852.1,893.7,28,56.4,0.26689252776209305,0.26689252776209305,0.0,0.0,2.5936710741346016,1.0488205609670227,531.3,0.0,0.05307735742518351,701.3,3.367295829986474,1789.0442744718137,1789.0442744718137,0.07926019608534517
425.0,106.3,0.0,153.5,16.5,852.1,887.1,28,60.29,0.3611764705882353,0.2889139845661585,0.2000752870318088,0.0,2.5397196261682247,1.0410749911982162,531.3,0.2000752870318088,0.031055900621118016,701.3,3.367295829986474,1431.1007277442516,1789.0442744718137,0.08580000069887506
318.8,212.5,0.0,155.7,14.3,852.1,880.4,28,55.5,0.4883939774153073,0.2930547713156409,0.39996235648409567,0.0,2.521834061135371,1.0332120643117004,531.3,0.39996235648409567,0.026915113871635615,701.3,3.367295829986474,1073.493910599688,1789.0442744718137,0.08702970754928237
401.8,94.7,0.0,147.4,11.4,946.8,852.1,28,68.5,0.3668491786958686,0.29687814702920445,0.19073514602215508,0.0,2.793756794533313,0.8999788762146177,496.5,0.19073514602215508,0.022960725075528703,655.3,3.367295829986474,1352.9794644885653,1671.8623795882845,0.08816515150983838
362.6,189.0,0.0,164.9,11.6,944.7,755.8,28,71.3,0.4547710976282405,0.2989485134155185,0.3426395939086294,0.0,2.3733426378227493,0.8000423414840689,551.6,0.3426395939086294,0.021029731689630165,728.1,3.367295829986474,1220.9814679530955,1857.4003798205392,0.08877999692017535
323.7,282.8,0.0,183.8,10.3,942.7,659.9,28,74.7,0.5678097003398209,0.30305028854080795,0.4662819455894477,0.0,2.027837530051879,0.7000106078285774,606.5,0.4662819455894477,0.016982687551525145,800.5999999999999,3.367295829986474,1089.9936601666216,2042.2649208867965,0.08999811832452667
379.5,151.2,0.0,153.9,15.9,1134.3,605.0,28,52.2,0.40553359683794465,0.2899943470887507,0.2849067269643866,0.0,2.5406076541045866,0.533368597372829,530.7,0.2849067269643866,0.029960429621254944,700.5,3.367295829986474,1277.8887674798668,1787.023896973822,0.08612084049945667
362.6,189.0,0.0,164.9,11.6,944.7,755.8,28,71.3,0.4547710976282405,0.2989485134155185,0.3426395939086294,0.0,2.3733426378227493,0.8000423414840689,551.6,0.3426395939086294,0.021029731689630165,728.1,3.367295829986474,1220.9814679530955,1857.4003798205392,0.08877999692017535
286.3,200.9,0.0,144.7,11.2,1004.6,803.7,28,67.7,0.505413901501921,0.2970032840722495,0.41235632183908044,0.0,2.861686975787308,0.8000199084212622,487.20000000000005,0.41235632183908044,0.022988505747126433,643.1000000000001,3.367295829986474,964.0567961251276,1640.5465283694105,0.08820231398363432
362.6,189.0,0.0,164.9,11.6,944.7,755.8,28,71.3,0.4547710976282405,0.2989485134155185,0.3426395939086294,0.0,2.3733426378227493,0.8000423414840689,551.6,0.3426395939086294,0.021029731689630165,728.1,3.367295829986474,1220.9814679530955,1857.4003798205392,0.08877999692017535
439.0,177.0,0.0,186.0,11.1,884.9,707.9,28,66.0,0.42369020501138954,0.30194805194805197,0.28733766233766234,0.0,1.9860349127182044,0.7999773985761103,616.0,0.28733766233766234,0.01801948051948052,813.1,3.367295829986474,1478.2428693640622,2074.2542312716682,0.08967078248936175
389.9,189.0,0.0,145.9,22.0,944.7,755.8,28,74.5,0.37419851243908697,0.25202971152185183,0.3264812575574365,0.0,2.346164459161148,0.8000423414840689,578.9,0.3264812575574365,0.03800310934531007,746.8,3.367295829986474,1312.9086441117263,1949.3275559791698,0.07484632305765193
362.6,189.0,0.0,164.9,11.6,944.7,755.8,28,71.3,0.4547710976282405,0.2989485134155185,0.3426395939086294,0.0,2.3733426378227493,0.8000423414840689,551.6,0.3426395939086294,0.021029731689630165,728.1,3.367295829986474,1220.9814679530955,1857.4003798205392,0.08877999692017535
337.9,189.0,0.0,174.9,9.5,944.7,755.8,28,49.9,0.5176087599881622,0.33194154488517746,0.35870184095653823,0.0,2.4230550014249075,0.8000423414840689,526.9,0.35870184095653823,0.01802998671474663,711.3,3.367295829986474,1137.8092609524294,1774.2281728198732,0.0985780761907429
374.0,189.2,0.0,170.1,10.1,926.1,756.7,56,63.4,0.4548128342245989,0.3020241477272727,0.33593749999999994,0.0,2.2948315832537842,0.8170823885109599,563.2,0.33593749999999994,0.017933238636363633,743.4000000000001,4.04305126783455,1512.1011741701218,2277.046474044419,0.07470203262820266
313.3,262.2,0.0,175.5,8.6,1046.9,611.8,56,64.9,0.5601659751037344,0.3049522154648132,0.4556038227628149,0.0,2.2086551264980026,0.5843920145190562,575.5,0.4556038227628149,0.014943527367506515,759.6,4.04305126783455,1266.6879622125646,2326.776004638784,0.07542625489093661
425.0,106.3,0.0,153.5,16.5,852.1,887.1,56,64.3,0.3611764705882353,0.2889139845661585,0.2000752870318088,0.0,2.5397196261682247,1.0410749911982162,531.3,0.2000752870318088,0.031055900621118016,701.3,4.04305126783455,1718.296788829684,2148.0731386004963,0.07145939178775249
425.0,106.3,0.0,151.4,18.6,936.0,803.7,56,64.9,0.3562352941176471,0.284961415396198,0.2000752870318088,0.0,2.548264244909917,0.8586538461538462,531.3,0.2000752870318088,0.035008469791078495,701.3,4.04305126783455,1718.296788829684,2148.0731386004963,0.07048177144407639
375.0,93.8,0.0,126.6,23.4,852.1,992.6,56,60.2,0.3376,0.27005119453924914,0.2000853242320819,0.0,3.0982532751091707,1.1648867503814107,468.8,0.2000853242320819,0.04991467576791808,618.8,4.04305126783455,1516.1442254379563,1895.3824343608371,0.06679390802874681
475.0,118.8,0.0,181.1,8.9,852.1,781.5,56,72.3,0.3812631578947368,0.30498484338160997,0.20006736274840015,0.0,2.1081429861917664,0.9171458748973125,593.8,0.20006736274840015,0.014988211519029978,783.8,4.04305126783455,1920.4493522214113,2400.7638428401556,0.07543432501289038
469.0,117.2,0.0,137.8,32.2,852.1,840.5,56,69.3,0.293816631130064,0.23507335380416242,0.19993176390310474,0.0,2.337845303867403,0.9863865743457341,586.2,0.19993176390310474,0.05493005800068236,756.2,4.04305126783455,1896.191044614404,2370.0366532046137,0.058142560712584584
425.0,106.3,0.0,153.5,16.5,852.1,887.1,56,64.3,0.3611764705882353,0.2889139845661585,0.2000752870318088,0.0,2.5397196261682247,1.0410749911982162,531.3,0.2000752870318088,0.031055900621118016,701.3,4.04305126783455,1718.296788829684,2148.0731386004963,0.07145939178775249
388.6,97.1,0.0,157.9,12.1,852.1,925.7,56,55.2,0.40633041688111166,0.32509779699402924,0.19991764463660694,0.0,2.762274704785581,1.0863748386339631,485.70000000000005,0.19991764463660694,0.02491249742639489,655.7,4.04305126783455,1571.1297226805063,1963.7100007872411,0.08040902166648778
531.3,0.0,0.0,141.8,28.2,852.1,893.7,56,58.8,0.26689252776209305,0.26689252776209305,0.0,0.0,2.5936710741346016,1.0488205609670227,531.3,0.0,0.05307735742518351,701.3,4.04305126783455,2148.0731386004963,2148.0731386004963,0.06601264987298569
425.0,106.3,0.0,153.5,16.5,852.1,887.1,56,64.3,0.3611764705882353,0.2889139845661585,0.2000752870318088,0.0,2.5397196261682247,1.0410749911982162,531.3,0.2000752870318088,0.031055900621118016,701.3,4.04305126783455,1718.296788829684,2148.0731386004963,0.07145939178775249
318.8,212.5,0.0,155.7,14.3,852.1,880.4,56,66.1,0.4883939774153073,0.2930547713156409,0.39996235648409567,0.0,2.521834061135371,1.0332120643117004,531.3,0.39996235648409567,0.026915113871635615,701.3,4.04305126783455,1288.9247441856546,2148.0731386004963,0.07248356548112743
401.8,94.7,0.0,147.4,11.4,946.8,852.1,56,73.7,0.3668491786958686,0.29687814702920445,0.19073514602215508,0.0,2.793756794533313,0.8999788762146177,496.5,0.19073514602215508,0.022960725075528703,655.3,4.04305126783455,1624.4979994159223,2007.3749544798543,0.07342923138053893
362.6,189.0,0.0,164.9,11.6,944.7,755.8,56,77.3,0.4547710976282405,0.2989485134155185,0.3426395939086294,0.0,2.3733426378227493,0.8000423414840689,551.6,0.3426395939086294,0.021029731689630165,728.1,4.04305126783455,1466.010389716808,2230.147079337538,0.07394131155196423
323.7,282.8,0.0,183.8,10.3,942.7,659.9,56,80.2,0.5678097003398209,0.30305028854080795,0.4662819455894477,0.0,2.027837530051879,0.7000106078285774,606.5,0.4662819455894477,0.016982687551525145,800.5999999999999,4.04305126783455,1308.7356953980438,2452.1105939416548,0.07495583619030412
379.5,151.2,0.0,153.9,15.9,1134.3,605.0,56,54.9,0.40553359683794465,0.2899943470887507,0.2849067269643866,0.0,2.5406076541045866,0.533368597372829,530.7,0.2849067269643866,0.029960429621254944,700.5,4.04305126783455,1534.3379561432118,2145.647307839796,0.0717266064360522
362.6,189.0,0.0,164.9,11.6,944.7,755.8,56,77.3,0.4547710976282405,0.2989485134155185,0.3426395939086294,0.0,2.3733426378227493,0.8000423414840689,551.6,0.3426395939086294,0.021029731689630165,728.1,4.04305126783455,1466.010389716808,2230.147079337538,0.07394131155196423
286.3,200.9,0.0,144.7,11.2,1004.6,803.7,56,72.99,0.505413901501921,0.2970032840722495,0.41235632183908044,0.0,2.861686975787308,0.8000199084212622,487.20000000000005,0.41235632183908044,0.022988505747126433,643.1000000000001,4.04305126783455,1157.5255779810318,1969.774577688993,0.07346018251985309
362.6,189.0,0.0,164.9,11.6,944.7,755.8,56,77.3,0.4547710976282405,0.2989485134155185,0.3426395939086294,0.0,2.3733426378227493,0.8000423414840689,551.6,0.3426395939086294,0.021029731689630165,728.1,4.04305126783455,1466.010389716808,2230.147079337538,0.07394131155196423
439.0,177.0,0.0,186.0,11.1,884.9,707.9,56,71.7,0.42369020501138954,0.30194805194805197,0.28733766233766234,0.0,1.9860349127182044,0.7999773985761103,616.0,0.28733766233766234,0.01801948051948052,813.1,4.04305126783455,1774.8995065793677,2490.519580986083,0.07468321125439864
389.9,189.0,0.0,145.9,22.0,944.7,755.8,56,79.4,0.37419851243908697,0.25202971152185183,0.3264812575574365,0.0,2.346164459161148,0.8000423414840689,578.9,0.3264812575574365,0.03800310934531007,746.8,4.04305126783455,1576.3856893286911,2340.522378949421,0.062336511418228546
362.6,189.0,0.0,164.9,11.6,944.7,755.8,56,77.3,0.4547710976282405,0.2989485134155185,0.3426395939086294,0.0,2.3733426378227493,0.8000423414840689,551.6,0.3426395939086294,0.021029731689630165,728.1,4.04305126783455,1466.010389716808,2230.147079337538,0.07394131155196423
337.9,189.0,0.0,174.9,9.5,944.7,755.8,56,59.89,0.5176087599881622,0.33194154488517746,0.35870184095653823,0.0,2.4230550014249075,0.8000423414840689,526.9,0.35870184095653823,0.01802998671474663,711.3,4.04305126783455,1366.1470234012945,2130.2837130220246,0.08210174021932813
374.0,189.2,0.0,170.1,10.1,926.1,756.7,91,64.9,0.4548128342245989,0.3020241477272727,0.33593749999999994,0.0,2.2948315832537842,0.8170823885109599,563.2,0.33593749999999994,0.017933238636363633,743.4000000000001,4.5217885770490405,1691.148927816341,2546.67132659402,0.06679307149835306
313.3,262.2,0.0,175.5,8.6,1046.9,611.8,91,66.6,0.5601659751037344,0.3049522154648132,0.4556038227628149,0.0,2.2086551264980026,0.5843920145190562,575.5,0.4556038227628149,0.014943527367506515,759.6,4.5217885770490405,1416.6763611894644,2602.2893260917226,0.06744061785918963
425.0,106.3,0.0,153.5,16.5,852.1,887.1,91,65.2,0.3611764705882353,0.2889139845661585,0.2000752870318088,0.0,2.5397196261682247,1.0410749911982162,531.3,0.2000752870318088,0.031055900621118016,701.3,4.5217885770490405,1921.7601452458423,2402.426270986155,0.06389374019665164
425.0,106.3,0.0,151.4,18.6,936.0,803.7,91,66.7,0.3562352941176471,0.284961415396198,0.2000752870318088,0.0,2.548264244909917,0.8586538461538462,531.3,0.2000752870318088,0.035008469791078495,701.3,4.5217885770490405,1921.7601452458423,2402.426270986155,0.0630196238812577
375.0,93.8,0.0,126.6,23.4,852.1,992.6,91,62.5,0.3376,0.27005119453924914,0.2000853242320819,0.0,3.0982532751091707,1.1648867503814107,468.8,0.2000853242320819,0.04991467576791808,618.8,4.5217885770490405,1695.6707163933902,2119.81448492059,0.05972220725000968
475.0,118.8,0.0,181.1,8.9,852.1,781.5,91,74.19,0.3812631578947368,0.30498484338160997,0.20006736274840015,0.0,2.1081429861917664,0.9171458748973125,593.8,0.20006736274840015,0.014988211519029978,783.8,4.5217885770490405,2147.8495740982944,2685.03805705172,0.0674478335695752
469.0,117.2,0.0,137.8,32.2,852.1,840.5,91,70.7,0.293816631130064,0.23507335380416242,0.19993176390310474,0.0,2.337845303867403,0.9863865743457341,586.2,0.19993176390310474,0.05493005800068236,756.2,4.5217885770490405,2120.718842636,2650.6724638661476,0.05198680783027087
425.0,106.3,0.0,153.5,16.5,852.1,887.1,91,65.2,0.3611764705882353,0.2889139845661585,0.2000752870318088,0.0,2.5397196261682247,1.0410749911982162,531.3,0.2000752870318088,0.031055900621118016,701.3,4.5217885770490405,1921.7601452458423,2402.426270986155,0.06389374019665164
388.6,97.1,0.0,157.9,12.1,852.1,925.7,91,57.6,0.40633041688111166,0.32509779699402924,0.19991764463660694,0.0,2.762274704785581,1.0863748386339631,485.70000000000005,0.19991764463660694,0.02491249742639489,655.7,4.5217885770490405,1757.1670410412573,2196.232711872719,0.07189584197812958
531.3,0.0,0.0,141.8,28.2,852.1,893.7,91,59.2,0.26689252776209305,0.26689252776209305,0.0,0.0,2.5936710741346016,1.0488205609670227,531.3,0.0,0.05307735742518351,701.3,4.5217885770490405,2402.426270986155,2402.426270986155,0.059023663582314034
425.0,106.3,0.0,153.5,16.5,852.1,887.1,91,65.2,0.3611764705882353,0.2889139845661585,0.2000752870318088,0.0,2.5397196261682247,1.0410749911982162,531.3,0.2000752870318088,0.031055900621118016,701.3,4.5217885770490405,1921.7601452458423,2402.426270986155,0.06389374019665164
318.8,212.5,0.0,155.7,14.3,852.1,880.4,91,68.1,0.4883939774153073,0.2930547713156409,0.39996235648409567,0.0,2.521834061135371,1.0332120643117004,531.3,0.39996235648409567,0.026915113871635615,701.3,4.5217885770490405,1441.5461983632342,2402.426270986155,0.0648094810984929
401.8,94.7,0.0,147.4,11.4,946.8,852.1,91,75.5,0.3668491786958686,0.29687814702920445,0.19073514602215508,0.0,2.793756794533313,0.8999788762146177,496.5,0.19073514602215508,0.022960725075528703,655.3,4.5217885770490405,1816.8546502583044,2245.0680285048484,0.06565502609654293
362.6,189.0,0.0,164.9,11.6,944.7,755.8,91,79.3,0.4547710976282405,0.2989485134155185,0.3426395939086294,0.0,2.3733426378227493,0.8000423414840689,551.6,0.3426395939086294,0.021029731689630165,728.1,4.5217885770490405,1639.6005380379822,2494.2185791002507,0.06611289057893435
379.5,151.2,0.0,153.9,15.9,1134.3,605.0,91,56.5,0.40553359683794465,0.2899943470887507,0.2849067269643866,0.0,2.5406076541045866,0.533368597372829,530.7,0.2849067269643866,0.029960429621254944,700.5,4.5217885770490405,1716.0187649901109,2399.713197839926,0.06413266391105875
362.6,189.0,0.0,164.9,11.6,944.7,755.8,91,79.3,0.4547710976282405,0.2989485134155185,0.3426395939086294,0.0,2.3733426378227493,0.8000423414840689,551.6,0.3426395939086294,0.021029731689630165,728.1,4.5217885770490405,1639.6005380379822,2494.2185791002507,0.06611289057893435
286.3,200.9,0.0,144.7,11.2,1004.6,803.7,91,76.8,0.505413901501921,0.2970032840722495,0.41235632183908044,0.0,2.861686975787308,0.8000199084212622,487.20000000000005,0.41235632183908044,0.022988505747126433,643.1000000000001,4.5217885770490405,1294.5880696091403,2203.015394738293,0.06568270033228234
362.6,189.0,0.0,164.9,11.6,944.7,755.8,91,79.3,0.4547710976282405,0.2989485134155185,0.3426395939086294,0.0,2.3733426378227493,0.8000423414840689,551.6,0.3426395939086294,0.021029731689630165,728.1,4.5217885770490405,1639.6005380379822,2494.2185791002507,0.06611289057893435
439.0,177.0,0.0,186.0,11.1,884.9,707.9,91,73.3,0.42369020501138954,0.30194805194805197,0.28733766233766234,0.0,1.9860349127182044,0.7999773985761103,616.0,0.28733766233766234,0.01801948051948052,813.1,4.5217885770490405,1985.0651853245288,2785.421763462209,0.06677624280812924
389.9,189.0,0.0,145.9,22.0,944.7,755.8,91,82.6,0.37419851243908697,0.25202971152185183,0.3264812575574365,0.0,2.346164459161148,0.8000423414840689,578.9,0.3264812575574365,0.03800310934531007,746.8,4.5217885770490405,1763.0453661914207,2617.6634072536895,0.05573673054973496
362.6,189.0,0.0,164.9,11.6,944.7,755.8,91,79.3,0.4547710976282405,0.2989485134155185,0.3426395939086294,0.0,2.3733426378227493,0.8000423414840689,551.6,0.3426395939086294,0.021029731689630165,728.1,4.5217885770490405,1639.6005380379822,2494.2185791002507,0.06611289057893435
337.9,189.0,0.0,174.9,9.5,944.7,755.8,91,67.8,0.5176087599881622,0.33194154488517746,0.35870184095653823,0.0,2.4230550014249075,0.8000423414840689,526.9,0.35870184095653823,0.01802998671474663,711.3,4.5217885770490405,1527.9123601848707,2382.5304012471393,0.07340934659572373
222.4,0.0,96.7,189.3,4.5,967.1,870.3,3,11.58,0.8511690647482014,0.5932309620808524,0.0,0.30303979943591347,3.614083398898505,0.8999069382690518,319.1,0.30303979943591347,0.014102162331557505,512.9000000000001,1.3862943611198906,308.3118659130637,442.3665306333571,0.4279256835479172
222.4,0.0,96.7,189.3,4.5,967.1,870.3,14,24.45,0.8511690647482014,0.5932309620808524,0.0,0.30303979943591347,3.614083398898505,0.8999069382690518,319.1,0.30303979943591347,0.014102162331557505,512.9000000000001,2.70805020110221,602.2703647251316,864.1388191717153,0.2190620254526301
222.4,0.0,96.7,189.3,4.5,967.1,870.3,28,24.89,0.8511690647482014,0.5932309620808524,0.0,0.30303979943591347,3.614083398898505,0.8999069382690518,319.1,0.30303979943591347,0.014102162331557505,512.9000000000001,3.367295829986474,748.8865925889919,1074.504099348684,0.17617429297361
222.4,0.0,96.7,189.3,4.5,967.1,870.3,56,29.45,0.8511690647482014,0.5932309620808524,0.0,0.30303979943591347,3.614083398898505,0.8999069382690518,319.1,0.30303979943591347,0.014102162331557505,512.9000000000001,4.04305126783455,899.174601966404,1290.1376595660051,0.1467285282282818
222.4,0.0,96.7,189.3,4.5,967.1,870.3,100,40.71,0.8511690647482014,0.5932309620808524,0.0,0.30303979943591347,3.614083398898505,0.8999069382690518,319.1,0.30303979943591347,0.014102162331557505,512.9000000000001,4.61512051684126,1026.4028029454962,1472.684956924046,0.12854073039177732
233.8,0.0,94.6,197.9,4.6,947.0,852.2,3,10.38,0.8464499572284003,0.6026187576126676,0.0,0.28806333739342266,3.4185825574767246,0.8998944033790919,328.4,0.28806333739342266,0.014007308160779537,530.9,1.3862943611198906,324.11562162983046,455.25906819177203,0.4346975465772319
233.8,0.0,94.6,197.9,4.6,947.0,852.2,14,22.14,0.8464499572284003,0.6026187576126676,0.0,0.28806333739342266,3.4185825574767246,0.8998944033790919,328.4,0.28806333739342266,0.014007308160779537,530.9,2.70805020110221,633.1421370176968,889.3236860419657,0.2225286508231621
233.8,0.0,94.6,197.9,4.6,947.0,852.2,28,22.84,0.8464499572284003,0.6026187576126676,0.0,0.28806333739342266,3.4185825574767246,0.8998944033790919,328.4,0.28806333739342266,0.014007308160779537,530.9,3.367295829986474,787.2737650508377,1105.819950567558,0.1789622260824907
233.8,0.0,94.6,197.9,4.6,947.0,852.2,56,27.66,0.8464499572284003,0.6026187576126676,0.0,0.28806333739342266,3.4185825574767246,0.8998944033790919,328.4,0.28806333739342266,0.014007308160779537,530.9,4.04305126783455,945.2653864197179,1327.7380363568661,0.14905048630150786
233.8,0.0,94.6,197.9,4.6,947.0,852.2,100,34.56,0.8464499572284003,0.6026187576126676,0.0,0.28806333739342266,3.4185825574767246,0.8998944033790919,328.4,0.28806333739342266,0.014007308160779537,530.9,4.61512051684126,1079.0151768374865,1515.6055777306697,0.13057486915317212
194.7,0.0,100.5,165.6,7.5,1006.4,905.9,3,12.45,0.8505392912172574,0.5609756097560976,0.0,0.3404471544715447,4.149956597222222,0.9001391096979332,295.2,0.3404471544715447,0.02540650406504065,468.29999999999995,1.3862943611198906,269.9115121100427,409.23409540259166,0.4046583651273922
194.7,0.0,100.5,165.6,7.5,1006.4,905.9,14,24.99,0.8505392912172574,0.5609756097560976,0.0,0.3404471544715447,4.149956597222222,0.9001391096979332,295.2,0.3404471544715447,0.02540650406504065,468.29999999999995,2.70805020110221,527.2573741546003,799.4164193653723,0.20715111172155287
194.7,0.0,100.5,165.6,7.5,1006.4,905.9,28,25.72,0.8505392912172574,0.5609756097560976,0.0,0.3404471544715447,4.149956597222222,0.9001391096979332,295.2,0.3404471544715447,0.02540650406504065,468.29999999999995,3.367295829986474,655.6124980983665,994.0257290120071,0.16659528538018323
194.7,0.0,100.5,165.6,7.5,1006.4,905.9,56,33.96,0.8505392912172574,0.5609756097560976,0.0,0.3404471544715447,4.149956597222222,0.9001391096979332,295.2,0.3404471544715447,0.02540650406504065,468.29999999999995,4.04305126783455,787.1820818473869,1193.5087342647591,0.1387505556061264
194.7,0.0,100.5,165.6,7.5,1006.4,905.9,100,37.34,0.8505392912172574,0.5609756097560976,0.0,0.3404471544715447,4.149956597222222,0.9001391096979332,295.2,0.3404471544715447,0.02540650406504065,468.29999999999995,4.61512051684126,898.5639646289932,1362.3835765715398,0.1215516707979812
190.7,0.0,125.4,162.1,7.8,1090.0,804.0,3,15.04,0.8500262191924489,0.51281240113888,0.0,0.39670990192976907,3.9606859054788788,0.7376146788990826,316.1,0.39670990192976907,0.024675735526732044,486.00000000000006,1.3862943611198906,264.3663346655631,438.20764754999743,0.36991595401471206
190.7,0.0,125.4,162.1,7.8,1090.0,804.0,14,21.06,0.8500262191924489,0.51281240113888,0.0,0.39670990192976907,3.9606859054788788,0.7376146788990826,316.1,0.39670990192976907,0.024675735526732044,486.00000000000006,2.70805020110221,516.4251733501915,856.0146685684086,0.18936591387048846
190.7,0.0,125.4,162.1,7.8,1090.0,804.0,28,26.4,0.8500262191924489,0.51281240113888,0.0,0.39670990192976907,3.9606859054788788,0.7376146788990826,316.1,0.39670990192976907,0.024675735526732044,486.00000000000006,3.367295829986474,642.1433147784206,1064.4022118587245,0.1522920548210164
190.7,0.0,125.4,162.1,7.8,1090.0,804.0,56,35.34,0.8500262191924489,0.51281240113888,0.0,0.39670990192976907,3.9606859054788788,0.7376146788990826,316.1,0.39670990192976907,0.024675735526732044,486.00000000000006,4.04305126783455,771.0098767760487,1278.0085057625015,0.1268379664682168
190.7,0.0,125.4,162.1,7.8,1090.0,804.0,100,40.57,0.8500262191924489,0.51281240113888,0.0,0.39670990192976907,3.9606859054788788,0.7376146788990826,316.1,0.39670990192976907,0.024675735526732044,486.00000000000006,4.61512051684126,880.1034825616282,1458.8395953735223,0.11111571177124227
212.1,0.0,121.6,180.3,5.7,1057.6,779.3,3,12.47,0.8500707213578501,0.5403056637698532,0.0,0.3643991609229847,3.573735408560311,0.736857034795764,333.7,0.3643991609229847,0.017081210668264908,519.7,1.3862943611198906,294.03303399352876,462.6064283057075,0.3897481508424935
212.1,0.0,121.6,180.3,5.7,1057.6,779.3,14,20.92,0.8500707213578501,0.5403056637698532,0.0,0.3643991609229847,3.573735408560311,0.736857034795764,333.7,0.3643991609229847,0.017081210668264908,519.7,2.70805020110221,574.3774476537787,903.6763521078075,0.1995183337258453
212.1,0.0,121.6,180.3,5.7,1057.6,779.3,28,24.9,0.8500707213578501,0.5403056637698532,0.0,0.3643991609229847,3.573735408560311,0.736857034795764,333.7,0.3643991609229847,0.017081210668264908,519.7,3.367295829986474,714.2034455401312,1123.6666184664864,0.16045684461647777
212.1,0.0,121.6,180.3,5.7,1057.6,779.3,56,34.2,0.8500707213578501,0.5403056637698532,0.0,0.3643991609229847,3.573735408560311,0.736857034795764,333.7,0.3643991609229847,0.017081210668264908,519.7,4.04305126783455,857.5311739077081,1349.1662080763895,0.13363809360232026
212.1,0.0,121.6,180.3,5.7,1057.6,779.3,100,39.61,0.8500707213578501,0.5403056637698532,0.0,0.3643991609229847,3.573735408560311,0.736857034795764,333.7,0.3643991609229847,0.017081210668264908,519.7,4.61512051684126,978.8670616220312,1540.0657164699282,0.11707292622114583
230.0,0.0,118.3,195.5,4.6,1029.4,758.6,3,10.03,0.85,0.5612977318403675,0.0,0.33964972724662645,3.2879735196763518,0.7369341363901302,348.3,0.33964972724662645,0.013207005455067469,548.4,1.3862943611198906,318.84770305757485,482.8463259780579,0.4048907270941607
230.0,0.0,118.3,195.5,4.6,1029.4,758.6,14,20.08,0.85,0.5612977318403675,0.0,0.33964972724662645,3.2879735196763518,0.7369341363901302,348.3,0.33964972724662645,0.013207005455067469,548.4,2.70805020110221,622.8515462535083,943.2138850438998,0.20727006154166283
230.0,0.0,118.3,195.5,4.6,1029.4,758.6,28,24.48,0.85,0.5612977318403675,0.0,0.33964972724662645,3.2879735196763518,0.7369341363901302,348.3,0.33964972724662645,0.013207005455067469,548.4,3.367295829986474,774.4780408968891,1172.829137584289,0.16669094732987036
230.0,0.0,118.3,195.5,4.6,1029.4,758.6,56,31.54,0.85,0.5612977318403675,0.0,0.33964972724662645,3.2879735196763518,0.7369341363901302,348.3,0.33964972724662645,0.013207005455067469,548.4,4.04305126783455,929.9017916019466,1408.1947565867738,0.138830228621117
230.0,0.0,118.3,195.5,4.6,1029.4,758.6,100,35.34,0.85,0.5612977318403675,0.0,0.33964972724662645,3.2879735196763518,0.7369341363901302,348.3,0.33964972724662645,0.013207005455067469,548.4,4.61512051684126,1061.4777188734897,1607.4464760158107,0.12162146791012472
190.3,0.0,125.2,161.9,9.9,1088.1,802.6,3,9.45,0.8507619548081976,0.5131537242472266,0.0,0.39683042789223455,3.9604105571847503,0.7376160279386087,315.5,0.39683042789223455,0.03137876386687797,487.29999999999995,1.3862943611198906,263.81181692111517,437.3758709333255,0.3701621665925882
190.3,0.0,125.2,161.9,9.9,1088.1,802.6,14,22.72,0.8507619548081976,0.5131537242472266,0.0,0.39683042789223455,3.9604105571847503,0.7376160279386087,315.5,0.39683042789223455,0.03137876386687797,487.29999999999995,2.70805020110221,515.3419532697507,854.3898384477473,0.1894919540407215
190.3,0.0,125.2,161.9,9.9,1088.1,802.6,28,28.47,0.8507619548081976,0.5131537242472266,0.0,0.39683042789223455,3.9604105571847503,0.7376160279386087,315.5,0.39683042789223455,0.03137876386687797,487.29999999999995,3.367295829986474,640.7963964464261,1062.3818343607327,0.15239341897955186
190.3,0.0,125.2,161.9,9.9,1088.1,802.6,56,38.56,0.8507619548081976,0.5131537242472266,0.0,0.39683042789223455,3.9604105571847503,0.7376160279386087,315.5,0.39683042789223455,0.03137876386687797,487.29999999999995,4.04305126783455,769.392656268915,1275.5826750018007,0.12692238862508184
190.3,0.0,125.2,161.9,9.9,1088.1,802.6,100,40.39,0.8507619548081976,0.5131537242472266,0.0,0.39683042789223455,3.9604105571847503,0.7376160279386087,315.5,0.39683042789223455,0.03137876386687797,487.29999999999995,4.61512051684126,878.2574343548918,1456.0705230634173,0.11118966934333621
166.1,0.0,163.3,176.5,4.5,1058.6,780.1,3,10.76,1.062612883804937,0.5358227079538556,0.0,0.4957498482088647,3.634512749555248,0.7369166824107313,329.4,0.4957498482088647,0.013661202185792351,510.4,1.3862943611198906,230.26349338201382,456.6453625528919,0.3865143817803614
166.1,0.0,163.3,176.5,4.5,1058.6,780.1,14,25.48,1.062612883804937,0.5358227079538556,0.0,0.4957498482088647,3.634512749555248,0.7369166824107313,329.4,0.4957498482088647,0.013661202185792351,510.4,2.70805020110221,449.8071384030771,892.0317362430679,0.19786291544217646
166.1,0.0,163.3,176.5,4.5,1058.6,780.1,28,21.54,1.062612883804937,0.5358227079538556,0.0,0.4957498482088647,3.634512749555248,0.7369166824107313,329.4,0.4957498482088647,0.013661202185792351,510.4,3.367295829986474,559.3078373607533,1109.1872463975444,0.1591255223797809
166.1,0.0,163.3,176.5,4.5,1058.6,780.1,56,28.63,1.062612883804937,0.5358227079538556,0.0,0.4957498482088647,3.634512749555248,0.7369166824107313,329.4,0.4957498482088647,0.013661202185792351,510.4,4.04305126783455,671.5508155873188,1331.7810876247008,0.1325292885145236
166.1,0.0,163.3,176.5,4.5,1058.6,780.1,100,33.54,1.062612883804937,0.5358227079538556,0.0,0.4957498482088647,3.634512749555248,0.7369166824107313,329.4,0.4957498482088647,0.013661202185792351,510.4,4.61512051684126,766.5715178473332,1520.2206982475109,0.11610156354499497
168.0,42.1,163.8,121.8,5.7,1058.7,780.1,3,7.75,0.725,0.32575554961219577,0.1125969510564322,0.4380850494784702,3.709501714746823,0.7368470766033814,373.9,0.5506820005349025,0.015244717838994386,501.4,1.3862943611198906,232.89745266814163,518.335461622727,0.23498295798378677
168.0,42.1,163.8,121.8,5.7,1058.7,780.1,14,17.82,0.725,0.32575554961219577,0.1125969510564322,0.4380850494784702,3.709501714746823,0.7368470766033814,373.9,0.5506820005349025,0.015244717838994386,501.4,2.70805020110221,454.9524337851713,1012.5399701921162,0.12029154757899585
168.0,42.1,163.8,121.8,5.7,1058.7,780.1,28,24.24,0.725,0.32575554961219577,0.1125969510564322,0.4380850494784702,3.709501714746823,0.7368470766033814,373.9,0.5506820005349025,0.015244717838994386,501.4,3.367295829986474,565.7056994377276,1259.0319108319427,0.09674099516629173
168.0,42.1,163.8,121.8,5.7,1058.7,780.1,56,32.85,0.725,0.32575554961219577,0.1125969510564322,0.4380850494784702,3.709501714746823,0.7368470766033814,373.9,0.5506820005349025,0.015244717838994386,501.4,4.04305126783455,679.2326129962045,1511.6968690433382,0.08057170884866612
168.0,42.1,163.8,121.8,5.7,1058.7,780.1,100,39.23,0.725,0.32575554961219577,0.1125969510564322,0.4380850494784702,3.709501714746823,0.7368470766033814,373.9,0.5506820005349025,0.015244717838994386,501.4,4.61512051684126,775.3402468293316,1725.5935612469468,0.070584408017833
213.7,98.1,24.5,181.7,6.9,1065.8,785.4,3,18.0,0.8502573701450632,0.5402914064823076,0.29170383586083853,0.07285162057686591,3.5737451737451735,0.7369112403828111,336.29999999999995,0.3645554564377045,0.02051739518287244,524.9,1.3862943611198906,296.2511049713206,466.2107936446191,0.38973786638347413
213.7,98.1,24.5,181.7,6.9,1065.8,785.4,14,30.39,0.8502573701450632,0.5402914064823076,0.29170383586083853,0.07285162057686591,3.5737451737451735,0.7369112403828111,336.29999999999995,0.3645554564377045,0.02051739518287244,524.9,2.70805020110221,578.7103279755422,910.7172826306731,0.19951306894621165
213.7,98.1,24.5,181.7,6.9,1065.8,785.4,28,45.71,0.8502573701450632,0.5402914064823076,0.29170383586083853,0.07285162057686591,3.5737451737451735,0.7369112403828111,336.29999999999995,0.3645554564377045,0.02051739518287244,524.9,3.367295829986474,719.5911188681094,1132.4215876244511,0.16045261056985238
213.7,98.1,24.5,181.7,6.9,1065.8,785.4,56,50.77,0.8502573701450632,0.5402914064823076,0.29170383586083853,0.07285162057686591,3.5737451737451735,0.7369112403828111,336.29999999999995,0.3645554564377045,0.02051739518287244,524.9,4.04305126783455,864.0000559362434,1359.678141372759,0.13363456723408965
213.7,98.1,24.5,181.7,6.9,1065.8,785.4,100,53.9,0.8502573701450632,0.5402914064823076,0.29170383586083853,0.07285162057686591,3.5737451737451735,0.7369112403828111,336.29999999999995,0.3645554564377045,0.02051739518287244,524.9,4.61512051684126,986.2512544489772,1552.0650298137155,0.11706983696540622
213.8,98.1,24.5,181.7,6.7,1066.0,785.5,3,13.18,0.8498596819457436,0.5401307966706302,0.2916171224732461,0.07282996432818074,3.5736344335070456,0.7368667917448405,336.4,0.3644470868014269,0.01991676575505351,524.8,1.3862943611198906,296.3897344074326,466.3494230807312,0.3896220108940617
213.8,98.1,24.5,181.7,6.7,1066.0,785.5,14,17.84,0.8498596819457436,0.5401307966706302,0.2916171224732461,0.07282996432818074,3.5736344335070456,0.7368667917448405,336.4,0.3644470868014269,0.01991676575505351,524.8,2.70805020110221,578.9811329956525,910.9880876507834,0.19945376066174486
213.8,98.1,24.5,181.7,6.7,1066.0,785.5,28,40.23,0.8498596819457436,0.5401307966706302,0.2916171224732461,0.07282996432818074,3.5736344335070456,0.7368667917448405,336.4,0.3644470868014269,0.01991676575505351,524.8,3.367295829986474,719.9278484511082,1132.7583172074499,0.16040491359881495
213.8,98.1,24.5,181.7,6.7,1066.0,785.5,56,47.13,0.8498596819457436,0.5401307966706302,0.2916171224732461,0.07282996432818074,3.5736344335070456,0.7368667917448405,336.4,0.3644470868014269,0.01991676575505351,524.8,4.04305126783455,864.4043610630268,1360.0824464995426,0.13359484233300933
213.8,98.1,24.5,181.7,6.7,1066.0,785.5,100,49.97,0.8498596819457436,0.5401307966706302,0.2916171224732461,0.07282996432818074,3.5736344335070456,0.7368667917448405,336.4,0.3644470868014269,0.01991676575505351,524.8,4.61512051684126,986.7127665006614,1552.5265418653996,0.11703503618152826
229.7,0.0,118.2,195.2,6.1,1028.1,757.6,3,13.36,0.8498040922942969,0.5610807703363035,0.0,0.3397528025294625,3.2879764315963915,0.7368932983172845,347.9,0.3397528025294625,0.017533774073009486,549.1999999999999,1.3862943611198906,318.43181474923887,482.2918082336099,0.4047342224511723
229.7,0.0,118.2,195.2,6.1,1028.1,757.6,14,22.32,0.8498040922942969,0.5610807703363035,0.0,0.3397528025294625,3.2879764315963915,0.7368932983172845,347.9,0.3397528025294625,0.017533774073009486,549.1999999999999,2.70805020110221,622.0391311931776,942.1306649634588,0.20718994430307708
229.7,0.0,118.2,195.2,6.1,1028.1,757.6,28,24.54,0.8498040922942969,0.5610807703363035,0.0,0.3397528025294625,3.2879764315963915,0.7368932983172845,347.9,0.3397528025294625,0.017533774073009486,549.1999999999999,3.367295829986474,773.467852147893,1171.4822192522943,0.16662651535982134
229.7,0.0,118.2,195.2,6.1,1028.1,757.6,56,31.35,0.8498040922942969,0.5610807703363035,0.0,0.3397528025294625,3.2879764315963915,0.7368932983172845,347.9,0.3397528025294625,0.017533774073009486,549.1999999999999,4.04305126783455,928.6888762215962,1406.57753607964,0.1387765658081346
229.7,0.0,118.2,195.2,6.1,1028.1,757.6,100,40.86,0.8498040922942969,0.5610807703363035,0.0,0.3397528025294625,3.2879764315963915,0.7368932983172845,347.9,0.3397528025294625,0.017533774073009486,549.1999999999999,4.61512051684126,1060.0931827184372,1605.600427809074,0.12157445689421036
238.1,0.0,94.1,186.7,7.0,949.9,847.0,3,19.93,0.7841243175136497,0.5620108368452739,0.0,0.28326309452137266,3.4629022933127773,0.8916728076639646,332.2,0.28326309452137266,0.02107164358819988,525.9,1.3862943611198906,330.07668738264596,460.52698676402764,0.40540512362126646
238.1,0.0,94.1,186.7,7.0,949.9,847.0,14,25.69,0.7841243175136497,0.5620108368452739,0.0,0.28326309452137266,3.4629022933127773,0.8916728076639646,332.2,0.28326309452137266,0.02107164358819988,525.9,2.70805020110221,644.7867528824362,899.6142768061542,0.20753338937975688
238.1,0.0,94.1,186.7,7.0,949.9,847.0,28,30.23,0.7841243175136497,0.5620108368452739,0.0,0.28326309452137266,3.4629022933127773,0.8916728076639646,332.2,0.28326309452137266,0.02107164358819988,525.9,3.367295829986474,801.7531371197795,1118.6156747215066,0.1669027211213371
238.1,0.0,94.1,186.7,7.0,949.9,847.0,56,39.59,0.7841243175136497,0.5620108368452739,0.0,0.28326309452137266,3.4629022933127773,0.8916728076639646,332.2,0.28326309452137266,0.02107164358819988,525.9,4.04305126783455,962.6505068714064,1343.1016311746375,0.13900660654899033
238.1,0.0,94.1,186.7,7.0,949.9,847.0,100,44.3,0.7841243175136497,0.5620108368452739,0.0,0.28326309452137266,3.4629022933127773,0.8916728076639646,332.2,0.28326309452137266,0.02107164358819988,525.9,4.61512051684126,1098.8601950599038,1533.1430356946664,0.12177598283607392
250.0,0.0,95.7,187.4,5.5,956.9,861.2,3,13.82,0.7496,0.5420885160543825,0.0,0.27682962105872144,3.4104295629337833,0.8999895495872088,345.7,0.27682962105872144,0.015909748336708128,538.6,1.3862943611198906,346.5735902799726,479.24196063914616,0.39103420691725743
250.0,0.0,95.7,187.4,5.5,956.9,861.2,14,24.92,0.7496,0.5420885160543825,0.0,0.27682962105872144,3.4104295629337833,0.8999895495872088,345.7,0.27682962105872144,0.015909748336708128,538.6,2.70805020110221,677.0125502755525,936.172954521034,0.2001766864712278
250.0,0.0,95.7,187.4,5.5,956.9,861.2,28,29.22,0.7496,0.5420885160543825,0.0,0.27682962105872144,3.4104295629337833,0.8999895495872088,345.7,0.27682962105872144,0.015909748336708128,538.6,3.367295829986474,841.8239574966185,1164.0741684263241,0.16098630575519107
250.0,0.0,95.7,187.4,5.5,956.9,861.2,56,38.33,0.7496,0.5420885160543825,0.0,0.27682962105872144,3.4104295629337833,0.8999895495872088,345.7,0.27682962105872144,0.015909748336708128,538.6,4.04305126783455,1010.7628169586376,1397.682823290404,0.13407906062609093
250.0,0.0,95.7,187.4,5.5,956.9,861.2,100,42.35,0.7496,0.5420885160543825,0.0,0.27682962105872144,3.4104295629337833,0.8999895495872088,345.7,0.27682962105872144,0.015909748336708128,538.6,4.61512051684126,1153.780129210315,1595.4471626720235,0.11745923298778894
212.5,0.0,100.4,159.3,8.7,1007.8,903.6,3,13.54,0.7496470588235294,0.5091083413231065,0.0,0.32086928731224035,4.047861075815333,0.8966064695376067,312.9,0.32086928731224035,0.027804410354745925,480.9,1.3862943611198906,294.58755173797675,433.7715055944137,0.3672440396510257
212.5,0.0,100.4,159.3,8.7,1007.8,903.6,14,26.31,0.7496470588235294,0.5091083413231065,0.0,0.32086928731224035,4.047861075815333,0.8966064695376067,312.9,0.32086928731224035,0.027804410354745925,480.9,2.70805020110221,575.4606677342197,847.3489079248815,0.1879981180245082
212.5,0.0,100.4,159.3,8.7,1007.8,903.6,28,31.64,0.7496470588235294,0.5091083413231065,0.0,0.32086928731224035,4.047861075815333,0.8966064695376067,312.9,0.32086928731224035,0.027804410354745925,480.9,3.367295829986474,715.5503638721258,1053.6268652027677,0.15119204460427565
212.5,0.0,100.4,159.3,8.7,1007.8,903.6,56,42.55,0.7496470588235294,0.5091083413231065,0.0,0.32086928731224035,4.047861075815333,0.8966064695376067,312.9,0.32086928731224035,0.027804410354745925,480.9,4.04305126783455,859.148394414842,1265.0707417054307,0.12592181191800317
212.5,0.0,100.4,159.3,8.7,1007.8,903.6,100,42.92,0.7496470588235294,0.5091083413231065,0.0,0.32086928731224035,4.047861075815333,0.8966064695376067,312.9,0.32086928731224035,0.027804410354745925,480.9,4.61512051684126,980.7131098287676,1444.0712097196301,0.11031311955241355
212.6,0.0,100.4,159.4,10.4,1003.8,903.8,3,13.33,0.7497648165569144,0.5092651757188499,0.0,0.32076677316293933,4.038103302286198,0.9003785614664276,313.0,0.32076677316293933,0.033226837060702875,482.79999999999995,1.3862943611198906,294.7261811740887,433.91013503052574,0.3673571717535156
212.6,0.0,100.4,159.4,10.4,1003.8,903.8,14,25.37,0.7497648165569144,0.5092651757188499,0.0,0.32076677316293933,4.038103302286198,0.9003785614664276,313.0,0.32076677316293933,0.033226837060702875,482.79999999999995,2.70805020110221,575.7314727543298,847.6197129449918,0.1880560321635
212.6,0.0,100.4,159.4,10.4,1003.8,903.8,28,37.4,0.7497648165569144,0.5092651757188499,0.0,0.32076677316293933,4.038103302286198,0.9003785614664276,313.0,0.32076677316293933,0.033226837060702875,482.79999999999995,3.367295829986474,715.8870934551244,1053.9635947857664,0.15123862037416996
212.6,0.0,100.4,159.4,10.4,1003.8,903.8,56,44.4,0.7497648165569144,0.5092651757188499,0.0,0.32076677316293933,4.038103302286198,0.9003785614664276,313.0,0.32076677316293933,0.033226837060702875,482.79999999999995,4.04305126783455,859.5526995416253,1265.4750468322143,0.1259606030154575
212.6,0.0,100.4,159.4,10.4,1003.8,903.8,100,47.74,0.7497648165569144,0.5092651757188499,0.0,0.32076677316293933,4.038103302286198,0.9003785614664276,313.0,0.32076677316293933,0.033226837060702875,482.79999999999995,4.61512051684126,981.1746218804518,1444.5327217713143,0.11034710228269569
212.0,0.0,124.8,159.0,7.8,1085.4,799.5,3,19.52,0.75,0.4720902612826603,0.0,0.3705463182897862,3.801734570391287,0.7365948037589828,336.8,0.3705463182897862,0.023159144893111636,503.6,1.3862943611198906,293.8944045574168,466.9039408251792,0.3405411394022345
212.0,0.0,124.8,159.0,7.8,1085.4,799.5,14,31.35,0.75,0.4720902612826603,0.0,0.3705463182897862,3.801734570391287,0.7365948037589828,336.8,0.3705463182897862,0.023159144893111636,503.6,2.70805020110221,574.1066426336686,912.0713077312244,0.17432847481575994
212.0,0.0,124.8,159.0,7.8,1085.4,799.5,28,38.5,0.75,0.4720902612826603,0.0,0.3705463182897862,3.801734570391287,0.7365948037589828,336.8,0.3705463182897862,0.023159144893111636,503.6,3.367295829986474,713.8667159571326,1134.1052355394445,0.14019862973683445
212.0,0.0,124.8,159.0,7.8,1085.4,799.5,56,45.08,0.75,0.4720902612826603,0.0,0.3705463182897862,3.801734570391287,0.7365948037589828,336.8,0.3705463182897862,0.023159144893111636,503.6,4.04305126783455,857.1268687809246,1361.6996670066765,0.11676583600076654
212.0,0.0,124.8,159.0,7.8,1085.4,799.5,100,47.82,0.75,0.4720902612826603,0.0,0.3705463182897862,3.801734570391287,0.7365948037589828,336.8,0.3705463182897862,0.023159144893111636,503.6,4.61512051684126,978.405549570347,1554.3725900721363,0.10229207656873376
231.8,0.0,121.6,174.0,6.7,1056.4,778.5,3,15.44,0.7506471095772217,0.49235993208828527,0.0,0.34408602150537637,3.479142965491089,0.7369367663763725,353.4,0.34408602150537637,0.0189586870401811,534.1,1.3862943611198906,321.34303290759067,489.9164272197693,0.35516261617809797
231.8,0.0,121.6,174.0,6.7,1056.4,778.5,14,26.77,0.7506471095772217,0.49235993208828527,0.0,0.34408602150537637,3.479142965491089,0.7369367663763725,353.4,0.34408602150537637,0.0189586870401811,534.1,2.70805020110221,627.7260366154924,957.024941069521,0.18181344344646516
231.8,0.0,121.6,174.0,6.7,1056.4,778.5,28,33.73,0.7506471095772217,0.49235993208828527,0.0,0.34408602150537637,3.479142965491089,0.7369367663763725,353.4,0.34408602150537637,0.0189586870401811,534.1,3.367295829986474,780.5391733908648,1190.00234631722,0.14621819909724504
231.8,0.0,121.6,174.0,6.7,1056.4,778.5,56,42.7,0.7506471095772217,0.49235993208828527,0.0,0.34408602150537637,3.479142965491089,0.7369367663763725,353.4,0.34408602150537637,0.0189586870401811,534.1,4.04305126783455,937.1792838840488,1428.81431805273,0.12177929476318321
231.8,0.0,121.6,174.0,6.7,1056.4,778.5,100,45.84,0.7506471095772217,0.49235993208828527,0.0,0.34408602150537637,3.479142965491089,0.7369367663763725,353.4,0.34408602150537637,0.0189586870401811,534.1,4.61512051684126,1069.784935803804,1630.983590651701,0.1066840898935555
251.4,0.0,118.3,188.5,5.8,1028.4,757.7,3,17.22,0.7498011137629276,0.5098728698945091,0.0,0.31998918041655394,3.1997491938373344,0.7367755737067289,369.7,0.31998918041655394,0.015688395996754124,564.0,1.3862943611198906,348.5144023855405,512.5130253060236,0.367795530440316
251.4,0.0,118.3,188.5,5.8,1028.4,757.7,14,29.93,0.7498011137629276,0.5098728698945091,0.0,0.31998918041655394,3.1997491938373344,0.7367755737067289,369.7,0.31998918041655394,0.015688395996754124,564.0,2.70805020110221,680.8038205570956,1001.166159347487,0.18828043501076328
251.4,0.0,118.3,188.5,5.8,1028.4,757.7,28,29.65,0.7498011137629276,0.5098728698945091,0.0,0.31998918041655394,3.1997491938373344,0.7367755737067289,369.7,0.31998918041655394,0.015688395996754124,564.0,3.367295829986474,846.5381716585996,1244.8892683459994,0.15141908986848868
251.4,0.0,118.3,188.5,5.8,1028.4,757.7,56,36.97,0.7498011137629276,0.5098728698945091,0.0,0.31998918041655394,3.1997491938373344,0.7367755737067289,369.7,0.31998918041655394,0.015688395996754124,564.0,4.04305126783455,1016.4230887336059,1494.7160537184332,0.12611090884523854
251.4,0.0,118.3,188.5,5.8,1028.4,757.7,100,43.58,0.7498011137629276,0.5098728698945091,0.0,0.31998918041655394,3.1997491938373344,0.7367755737067289,369.7,0.31998918041655394,0.015688395996754124,564.0,4.61512051684126,1160.2412979338926,1706.2100550762136,0.11047877688868737
251.4,0.0,118.3,188.5,6.4,1028.4,757.7,3,13.12,0.7498011137629276,0.5098728698945091,0.0,0.31998918041655394,3.1997491938373344,0.7367755737067289,369.7,0.31998918041655394,0.017311333513659724,564.6,1.3862943611198906,348.5144023855405,512.5130253060236,0.367795530440316
251.4,0.0,118.3,188.5,6.4,1028.4,757.7,14,24.43,0.7498011137629276,0.5098728698945091,0.0,0.31998918041655394,3.1997491938373344,0.7367755737067289,369.7,0.31998918041655394,0.017311333513659724,564.6,2.70805020110221,680.8038205570956,1001.166159347487,0.18828043501076328
251.4,0.0,118.3,188.5,6.4,1028.4,757.7,28,32.66,0.7498011137629276,0.5098728698945091,0.0,0.31998918041655394,3.1997491938373344,0.7367755737067289,369.7,0.31998918041655394,0.017311333513659724,564.6,3.367295829986474,846.5381716585996,1244.8892683459994,0.15141908986848868
251.4,0.0,118.3,188.5,6.4,1028.4,757.7,56,36.64,0.7498011137629276,0.5098728698945091,0.0,0.31998918041655394,3.1997491938373344,0.7367755737067289,369.7,0.31998918041655394,0.017311333513659724,564.6,4.04305126783455,1016.4230887336059,1494.7160537184332,0.12611090884523854
251.4,0.0,118.3,188.5,6.4,1028.4,757.7,100,44.21,0.7498011137629276,0.5098728698945091,0.0,0.31998918041655394,3.1997491938373344,0.7367755737067289,369.7,0.31998918041655394,0.017311333513659724,564.6,4.61512051684126,1160.2412979338926,1706.2100550762136,0.11047877688868737
181.4,0.0,167.0,169.6,7.6,1055.6,777.8,3,13.62,0.9349503858875413,0.486796785304248,0.0,0.4793340987370838,3.539382239382239,0.7368321333838576,348.4,0.4793340987370838,0.021814006888633754,525.6,1.3862943611198906,251.47379710714816,482.98495541416986,0.35114965403956405
181.4,0.0,167.0,169.6,7.6,1055.6,777.8,14,21.6,0.9349503858875413,0.486796785304248,0.0,0.4793340987370838,3.539382239382239,0.7368321333838576,348.4,0.4793340987370838,0.021814006888633754,525.6,2.70805020110221,491.2403064799409,943.4846900640099,0.17975914372123372
181.4,0.0,167.0,169.6,7.6,1055.6,777.8,28,27.77,0.9349503858875413,0.486796785304248,0.0,0.4793340987370838,3.539382239382239,0.7368321333838576,348.4,0.4793340987370838,0.021814006888633754,525.6,3.367295829986474,610.8274635595465,1173.1658671672876,0.1445660880072433
181.4,0.0,167.0,169.6,7.6,1055.6,777.8,56,35.57,0.9349503858875413,0.486796785304248,0.0,0.4793340987370838,3.539382239382239,0.7368321333838576,348.4,0.4793340987370838,0.021814006888633754,525.6,4.04305126783455,733.4094999851875,1408.5990617135571,0.12040331745903765
181.4,0.0,167.0,169.6,7.6,1055.6,777.8,100,45.37,0.9349503858875413,0.486796785304248,0.0,0.4793340987370838,3.539382239382239,0.7368321333838576,348.4,0.4793340987370838,0.021814006888633754,525.6,4.61512051684126,837.1828617550045,1607.9079880674947,0.10547867244806594
182.0,45.2,122.0,170.2,8.2,1059.4,780.7,3,7.32,0.9351648351648351,0.48739977090492553,0.12943871706758306,0.3493699885452463,3.542741624951868,0.7369265622050217,349.2,0.4788087056128293,0.023482245131729668,527.6,1.3862943611198906,252.3055737238201,484.0939909030658,0.3515846162074765
182.0,45.2,122.0,170.2,8.2,1059.4,780.7,14,21.5,0.9351648351648351,0.48739977090492553,0.12943871706758306,0.3493699885452463,3.542741624951868,0.7369265622050217,349.2,0.4788087056128293,0.023482245131729668,527.6,2.70805020110221,492.8651366006022,945.6511302248917,0.17998180783596543
182.0,45.2,122.0,170.2,8.2,1059.4,780.7,28,31.27,0.9351648351648351,0.48739977090492553,0.12943871706758306,0.3493699885452463,3.542741624951868,0.7369265622050217,349.2,0.4788087056128293,0.023482245131729668,527.6,3.367295829986474,612.8478410575383,1175.8597038312766,0.1447451591762531
182.0,45.2,122.0,170.2,8.2,1059.4,780.7,56,43.5,0.9351648351648351,0.48739977090492553,0.12943871706758306,0.3493699885452463,3.542741624951868,0.7369265622050217,349.2,0.4788087056128293,0.023482245131729668,527.6,4.04305126783455,735.8353307458882,1411.833502727825,0.12055245867954967
182.0,45.2,122.0,170.2,8.2,1059.4,780.7,100,48.67,0.9351648351648351,0.48739977090492553,0.12943871706758306,0.3493699885452463,3.542741624951868,0.7369265622050217,349.2,0.4788087056128293,0.023482245131729668,527.6,4.61512051684126,839.9519340651093,1611.6000844809678,0.10560932680443152
168.9,42.2,124.3,158.3,10.8,1080.8,796.2,3,7.4,0.9372409709887508,0.4719737626714371,0.12581991651759092,0.3706022659511031,3.8019039902774963,0.7366765358993339,335.40000000000003,0.4964221824686941,0.032200357781753126,504.50000000000006,1.3862943611198906,234.14511759314954,464.96312871961135,0.3404571034178934
168.9,42.2,124.3,158.3,10.8,1080.8,796.2,14,23.51,0.9372409709887508,0.4719737626714371,0.12581991651759092,0.3706022659511031,3.8019039902774963,0.7366765358993339,335.40000000000003,0.4964221824686941,0.032200357781753126,504.50000000000006,2.70805020110221,457.3896789661633,908.2800374496813,0.17428545544663016
168.9,42.2,124.3,158.3,10.8,1080.8,796.2,28,31.12,0.9372409709887508,0.4719737626714371,0.12581991651759092,0.3706022659511031,3.8019039902774963,0.7366765358993339,335.40000000000003,0.4964221824686941,0.032200357781753126,504.50000000000006,3.367295829986474,568.7362656847155,1129.3910213774636,0.14016403265445582
168.9,42.2,124.3,158.3,10.8,1080.8,796.2,56,39.15,0.9372409709887508,0.4719737626714371,0.12581991651759092,0.3706022659511031,3.8019039902774963,0.7366765358993339,335.40000000000003,0.4964221824686941,0.032200357781753126,504.50000000000006,4.04305126783455,682.8713591372556,1356.0393952317083,0.11673702147344406
168.9,42.2,124.3,158.3,10.8,1080.8,796.2,100,48.15,0.9372409709887508,0.4719737626714371,0.12581991651759092,0.3706022659511031,3.8019039902774963,0.7366765358993339,335.40000000000003,0.4964221824686941,0.032200357781753126,504.50000000000006,4.61512051684126,779.4938552944888,1547.9114213485586,0.10226683375854104
290.4,0.0,96.2,168.1,9.4,961.2,865.0,3,22.5,0.5788567493112948,0.4348163476461459,0.0,0.24883600620796692,3.2922300342527495,0.8999167707032875,386.59999999999997,0.24883600620796692,0.024314536989136062,564.0999999999999,1.3862943611198906,402.5798824692162,535.9414000089497,0.3136536942232731
290.4,0.0,96.2,168.1,9.4,961.2,865.0,14,34.67,0.5788567493112948,0.4348163476461459,0.0,0.24883600620796692,3.2922300342527495,0.8999167707032875,386.59999999999997,0.24883600620796692,0.024314536989136062,564.0999999999999,2.70805020110221,786.4177784000817,1046.9322077461143,0.16056436009538164
290.4,0.0,96.2,168.1,9.4,961.2,865.0,28,34.74,0.5788567493112948,0.4348163476461459,0.0,0.24883600620796692,3.2922300342527495,0.8999167707032875,386.59999999999997,0.24883600620796692,0.024314536989136062,564.0999999999999,3.367295829986474,977.862709028072,1301.7965678727708,0.12912923889074887
290.4,0.0,96.2,168.1,9.4,961.2,865.0,56,45.08,0.5788567493112948,0.4348163476461459,0.0,0.24883600620796692,3.2922300342527495,0.8999167707032875,386.59999999999997,0.24883600620796692,0.024314536989136062,564.0999999999999,4.04305126783455,1174.1020881791533,1563.043620144837,0.10754658272711753
290.4,0.0,96.2,168.1,9.4,961.2,865.0,100,48.97,0.5788567493112948,0.4348163476461459,0.0,0.24883600620796692,3.2922300342527495,0.8999167707032875,386.59999999999997,0.24883600620796692,0.024314536989136062,564.0999999999999,4.61512051684126,1340.2309980907016,1784.2055918108308,0.0942155998005765
277.1,0.0,97.4,160.6,11.8,973.9,875.6,3,23.14,0.5795741609527246,0.4288384512683578,0.0,0.2600801068090788,3.4563632965800783,0.8990656124858816,374.5,0.2600801068090788,0.0315086782376502,546.9,1.3862943611198906,384.1421674663217,519.167238239399,0.3093415534936816
277.1,0.0,97.4,160.6,11.8,973.9,875.6,14,41.89,0.5795741609527246,0.4288384512683578,0.0,0.2600801068090788,3.4563632965800783,0.8990656124858816,374.5,0.2600801068090788,0.0315086782376502,546.9,2.70805020110221,750.4007107254224,1014.1648003127776,0.15835690604768524
277.1,0.0,97.4,160.6,11.8,973.9,875.6,28,48.28,0.5795741609527246,0.4288384512683578,0.0,0.2600801068090788,3.4563632965800783,0.8990656124858816,374.5,0.2600801068090788,0.0315086782376502,546.9,3.367295829986474,933.0776744892521,1261.0522883299345,0.1273539578701288
277.1,0.0,97.4,160.6,11.8,973.9,875.6,56,51.04,0.5795741609527246,0.4288384512683578,0.0,0.2600801068090788,3.4563632965800783,0.8990656124858816,374.5,0.2600801068090788,0.0315086782376502,546.9,4.04305126783455,1120.329506316954,1514.122699804039,0.10606802210995528
277.1,0.0,97.4,160.6,11.8,973.9,875.6,100,55.64,0.5795741609527246,0.4288384512683578,0.0,0.2600801068090788,3.4563632965800783,0.8990656124858816,374.5,0.2600801068090788,0.0315086782376502,546.9,4.61512051684126,1278.849895216713,1728.3626335570518,0.09292031480076471
295.7,0.0,95.6,171.5,8.9,955.1,859.2,3,22.95,0.579979709164694,0.4382826475849732,0.0,0.24431382570917456,3.223702914001422,0.8995916657941577,391.29999999999995,0.24431382570917456,0.022744697163301818,571.6999999999999,1.3862943611198906,409.9272425831516,542.4569835062131,0.31615410108926306
295.7,0.0,95.6,171.5,8.9,955.1,859.2,14,35.23,0.579979709164694,0.4382826475849732,0.0,0.24431382570917456,3.223702914001422,0.8995916657941577,391.29999999999995,0.24431382570917456,0.022744697163301818,571.6999999999999,2.70805020110221,800.7704444659234,1059.6600436912947,0.161844358500661
295.7,0.0,95.6,171.5,8.9,955.1,859.2,28,39.94,0.579979709164694,0.4382826475849732,0.0,0.24431382570917456,3.223702914001422,0.8995916657941577,391.29999999999995,0.24431382570917456,0.022744697163301818,571.6999999999999,3.367295829986474,995.7093769270003,1317.6228582737072,0.13015864055720155
295.7,0.0,95.6,171.5,8.9,955.1,859.2,56,48.72,0.579979709164694,0.4382826475849732,0.0,0.24431382570917456,3.223702914001422,0.8995916657941577,391.29999999999995,0.24431382570917456,0.022744697163301818,571.6999999999999,4.04305126783455,1195.5302598986764,1582.0459611036592,0.10840393023750017
295.7,0.0,95.6,171.5,8.9,955.1,859.2,100,52.04,0.579979709164694,0.4382826475849732,0.0,0.24431382570917456,3.223702914001422,0.8995916657941577,391.29999999999995,0.24431382570917456,0.022744697163301818,571.6999999999999,4.61512051684126,1364.6911368299604,1805.8966582399846,0.09496667443149422
251.8,0.0,99.9,146.1,12.4,1006.0,899.8,3,21.02,0.58022239872915,0.41541086152971274,0.0,0.28404890531703153,3.8284451586982717,0.8944333996023857,351.70000000000005,0.28404890531703153,0.0352573215808928,510.20000000000005,1.3862943611198906,349.06892012998844,487.5597268058656,0.29965559493016425
251.8,0.0,99.9,146.1,12.4,1006.0,899.8,14,33.36,0.58022239872915,0.41541086152971274,0.0,0.28404890531703153,3.8284451586982717,0.8944333996023857,351.70000000000005,0.28404890531703153,0.0352573215808928,510.20000000000005,2.70805020110221,681.8870406375365,952.4212557276473,0.15339850840306998
251.8,0.0,99.9,146.1,12.4,1006.0,899.8,28,33.94,0.58022239872915,0.41541086152971274,0.0,0.28404890531703153,3.8284451586982717,0.8944333996023857,351.70000000000005,0.28404890531703153,0.0352573215808928,510.20000000000005,3.367295829986474,847.8850899905942,1184.2779434062431,0.12336631009084265
251.8,0.0,99.9,146.1,12.4,1006.0,899.8,56,44.14,0.58022239872915,0.41541086152971274,0.0,0.28404890531703153,3.8284451586982717,0.8944333996023857,351.70000000000005,0.28404890531703153,0.0352573215808928,510.20000000000005,4.04305126783455,1018.0403092407398,1421.9411308974115,0.10274686963151124
251.8,0.0,99.9,146.1,12.4,1006.0,899.8,100,45.37,0.58022239872915,0.41541086152971274,0.0,0.28404890531703153,3.8284451586982717,0.8944333996023857,351.70000000000005,0.28404890531703153,0.0352573215808928,510.20000000000005,4.61512051684126,1162.0873461406293,1623.1378857730713,0.09001083720648613
249.1,0.0,98.8,158.1,12.8,987.8,889.0,3,15.36,0.6346848655158571,0.45444093130209834,0.0,0.28398965219890776,3.709090909090909,0.8999797529864345,347.9,0.28398965219890776,0.03679218166139696,518.8,1.3862943611198906,345.32592535496474,482.2918082336099,0.3278098389832497
249.1,0.0,98.8,158.1,12.8,987.8,889.0,14,28.68,0.6346848655158571,0.45444093130209834,0.0,0.28398965219890776,3.709090909090909,0.8999797529864345,347.9,0.28398965219890776,0.03679218166139696,518.8,2.70805020110221,674.5753050945605,942.1306649634588,0.1678111177987525
249.1,0.0,98.8,158.1,12.8,987.8,889.0,28,30.85,0.6346848655158571,0.45444093130209834,0.0,0.28398965219890776,3.709090909090909,0.8999797529864345,347.9,0.28398965219890776,0.03679218166139696,518.8,3.367295829986474,838.7933912496306,1171.4822192522943,0.13495723400813397
249.1,0.0,98.8,158.1,12.8,987.8,889.0,56,42.03,0.6346848655158571,0.45444093130209834,0.0,0.28398965219890776,3.709090909090909,0.8999797529864345,347.9,0.28398965219890776,0.03679218166139696,518.8,4.04305126783455,1007.1240708175865,1406.57753607964,0.11240048695833034
249.1,0.0,98.8,158.1,12.8,987.8,889.0,100,51.06,0.6346848655158571,0.45444093130209834,0.0,0.28398965219890776,3.709090909090909,0.8999797529864345,347.9,0.28398965219890776,0.03679218166139696,518.8,4.61512051684126,1149.6265207451577,1605.600427809074,0.09846783624474723
252.3,0.0,98.8,146.3,14.2,987.8,889.0,3,21.78,0.5798652397938961,0.4166904015949872,0.0,0.28140131016804326,3.7732207478890225,0.8999797529864345,351.1,0.28140131016804326,0.040444317858160064,511.6,1.3862943611198906,349.7620673105484,486.7279501891936,0.30057858798355935
252.3,0.0,98.8,146.3,14.2,987.8,889.0,14,42.29,0.5798652397938961,0.4166904015949872,0.0,0.28140131016804326,3.7732207478890225,0.8999797529864345,351.1,0.28140131016804326,0.040444317858160064,511.6,2.70805020110221,683.2410657380876,950.796425606986,0.15387100336079038
252.3,0.0,98.8,146.3,14.2,987.8,889.0,28,50.6,0.5798652397938961,0.4166904015949872,0.0,0.28140131016804326,3.7732207478890225,0.8999797529864345,351.1,0.28140131016804326,0.040444317858160064,511.6,3.367295829986474,849.5687379055875,1182.257565908251,0.12374630048369138
252.3,0.0,98.8,146.3,14.2,987.8,889.0,56,55.83,0.5798652397938961,0.4166904015949872,0.0,0.28140131016804326,3.7732207478890225,0.8999797529864345,351.1,0.28140131016804326,0.040444317858160064,511.6,4.04305126783455,1020.061834874657,1419.5153001367107,0.10306334844429656
252.3,0.0,98.8,146.3,14.2,987.8,889.0,100,60.95,0.5798652397938961,0.4166904015949872,0.0,0.28140131016804326,3.7732207478890225,0.8999797529864345,351.1,0.28140131016804326,0.040444317858160064,511.6,4.61512051684126,1164.39490639905,1620.3688134629663,0.09028808675188917
246.8,0.0,125.1,143.3,12.0,1086.8,800.9,3,23.52,0.5806320907617504,0.38531863404140904,0.0,0.33638074751277225,3.664013975155279,0.7369341185130659,371.9,0.33638074751277225,0.032266738370529714,527.2,1.3862943611198906,342.137448324389,515.5628729004873,0.27794864124682506
246.8,0.0,125.1,143.3,12.0,1086.8,800.9,14,42.22,0.5806320907617504,0.38531863404140904,0.0,0.33638074751277225,3.664013975155279,0.7369341185130659,371.9,0.33638074751277225,0.032266738370529714,527.2,2.70805020110221,668.3467896320254,1007.1238697899119,0.1422863704242187
246.8,0.0,125.1,143.3,12.0,1086.8,800.9,28,52.5,0.5806320907617504,0.38531863404140904,0.0,0.33638074751277225,3.664013975155279,0.7369341185130659,371.9,0.33638074751277225,0.032266738370529714,527.2,3.367295829986474,831.0486108406618,1252.2973191719695,0.1144296947746812
246.8,0.0,125.1,143.3,12.0,1086.8,800.9,56,60.32,0.5806320907617504,0.38531863404140904,0.0,0.33638074751277225,3.664013975155279,0.7369341185130659,371.9,0.33638074751277225,0.032266738370529714,527.2,4.04305126783455,997.825052901567,1503.610766507669,0.0953039198654003
246.8,0.0,125.1,143.3,12.0,1086.8,800.9,100,66.42,0.5806320907617504,0.38531863404140904,0.0,0.33638074751277225,3.664013975155279,0.7369341185130659,371.9,0.33638074751277225,0.032266738370529714,527.2,4.61512051684126,1139.011743556423,1716.3633202132644,0.08349048148045629
275.1,0.0,121.4,159.5,9.9,1053.6,777.5,3,23.8,0.5797891675754271,0.40226986128625475,0.0,0.30617906683480456,3.293345323741007,0.7379460895975704,396.5,0.30617906683480456,0.02496847414880202,565.9,1.3862943611198906,381.36957874408193,549.6657141840366,0.2901763669883855
275.1,0.0,121.4,159.5,9.9,1053.6,777.5,14,38.77,0.5797891675754271,0.40226986128625475,0.0,0.30617906683480456,3.293345323741007,0.7379460895975704,396.5,0.30617906683480456,0.02496847414880202,565.9,2.70805020110221,744.984610323218,1073.7419047370263,0.14854593948167058
275.1,0.0,121.4,159.5,9.9,1053.6,777.5,28,51.33,0.5797891675754271,0.40226986128625475,0.0,0.30617906683480456,3.293345323741007,0.7379460895975704,396.5,0.30617906683480456,0.02496847414880202,565.9,3.367295829986474,926.3430828292791,1335.132796589637,0.11946377199887145
275.1,0.0,121.4,159.5,9.9,1053.6,777.5,56,56.85,0.5797891675754271,0.40226986128625475,0.0,0.30617906683480456,3.293345323741007,0.7379460895975704,396.5,0.30617906683480456,0.02496847414880202,565.9,4.04305126783455,1112.2434037812848,1603.0698276963992,0.0994966016104242
275.1,0.0,121.4,159.5,9.9,1053.6,777.5,100,58.61,0.5797891675754271,0.40226986128625475,0.0,0.30617906683480456,3.293345323741007,0.7379460895975704,396.5,0.30617906683480456,0.02496847414880202,565.9,4.61512051684126,1269.6196541830307,1829.8952849275595,0.08716345755615966
297.2,0.0,117.5,174.8,9.5,1022.8,753.5,3,21.91,0.588156123822342,0.42150952495780086,0.0,0.28333735230286955,3.01323155216285,0.7367031677747361,414.7,0.28333735230286955,0.022908126356402218,599.0,1.3862943611198906,412.00668412483145,574.8962715564186,0.304054850672041
297.2,0.0,117.5,174.8,9.5,1022.8,753.5,14,36.99,0.588156123822342,0.42150952495780086,0.0,0.28333735230286955,3.01323155216285,0.7367031677747361,414.7,0.28333735230286955,0.022908126356402218,599.0,2.70805020110221,804.8325197675769,1123.0284183970864,0.15565055802371805
297.2,0.0,117.5,174.8,9.5,1022.8,753.5,28,47.4,0.588156123822342,0.42150952495780086,0.0,0.28333735230286955,3.01323155216285,0.7367031677747361,414.7,0.28333735230286955,0.022908126356402218,599.0,3.367295829986474,1000.76032067198,1396.4175806953908,0.1251774558101401
297.2,0.0,117.5,174.8,9.5,1022.8,753.5,56,51.96,0.588156123822342,0.42150952495780086,0.0,0.28333735230286955,3.01323155216285,0.7367031677747361,414.7,0.28333735230286955,0.022908126356402218,599.0,4.04305126783455,1201.5948368004283,1676.653360770988,0.10425530052295391
297.2,0.0,117.5,174.8,9.5,1022.8,753.5,100,56.74,0.588156123822342,0.42150952495780086,0.0,0.28333735230286955,3.01323155216285,0.7367031677747361,414.7,0.28333735230286955,0.022908126356402218,599.0,4.61512051684126,1371.6138176052223,1913.8904783340704,0.09133228989788025
213.7,0.0,174.7,154.8,10.2,1053.5,776.4,3,17.57,0.724379971923257,0.3985581874356334,0.0,0.44979402677651903,3.368740795287187,0.7369719981015662,388.4,0.44979402677651903,0.026261585993820804,553.4000000000001,1.3862943611198906,296.2511049713206,538.4367298589655,0.28749896025954114
213.7,0.0,174.7,154.8,10.2,1053.5,776.4,14,33.73,0.724379971923257,0.3985581874356334,0.0,0.44979402677651903,3.368740795287187,0.7369719981015662,388.4,0.44979402677651903,0.026261585993820804,553.4000000000001,2.70805020110221,578.7103279755422,1051.8066981080983,0.1471753320058156
213.7,0.0,174.7,154.8,10.2,1053.5,776.4,28,40.15,0.724379971923257,0.3985581874356334,0.0,0.44979402677651903,3.368740795287187,0.7369719981015662,388.4,0.44979402677651903,0.026261585993820804,553.4000000000001,3.367295829986474,719.5911188681094,1307.8577003667465,0.11836150061018974
213.7,0.0,174.7,154.8,10.2,1053.5,776.4,56,46.64,0.724379971923257,0.3985581874356334,0.0,0.44979402677651903,3.368740795287187,0.7369719981015662,388.4,0.44979402677651903,0.026261585993820804,553.4000000000001,4.04305126783455,864.0000559362434,1570.3211124269392,0.09857856382046334
213.7,0.0,174.7,154.8,10.2,1053.5,776.4,100,50.08,0.724379971923257,0.3985581874356334,0.0,0.44979402677651903,3.368740795287187,0.7369719981015662,388.4,0.44979402677651903,0.026261585993820804,553.4000000000001,4.61512051684126,986.2512544489772,1792.5128087411451,0.08635921553537669
213.5,0.0,174.2,154.6,11.7,1052.3,775.5,3,17.37,0.7241217798594848,0.39876192932679905,0.0,0.449316481815837,3.3704591554490135,0.7369571414995724,387.7,0.449316481815837,0.030177972659272634,554.0,1.3862943611198906,295.97384609909665,537.4663238061815,0.28764592896754415
213.5,0.0,174.2,154.6,11.7,1052.3,775.5,14,33.7,0.7241217798594848,0.39876192932679905,0.0,0.449316481815837,3.3704591554490135,0.7369571414995724,387.7,0.449316481815837,0.030177972659272634,554.0,2.70805020110221,578.1687179353219,1049.9110629673269,0.14725056764623418
213.5,0.0,174.2,154.6,11.7,1052.3,775.5,28,45.94,0.7241217798594848,0.39876192932679905,0.0,0.449316481815837,3.3704591554490135,0.7369571414995724,387.7,0.449316481815837,0.030177972659272634,554.0,3.367295829986474,718.9176597021122,1305.500593285756,0.11842200669621618
213.5,0.0,174.2,154.6,11.7,1052.3,775.5,56,51.43,0.7241217798594848,0.39876192932679905,0.0,0.449316481815837,3.3704591554490135,0.7369571414995724,387.7,0.449316481815837,0.030177972659272634,554.0,4.04305126783455,863.1914456826764,1567.490976539455,0.09862895692153197
213.5,0.0,174.2,154.6,11.7,1052.3,775.5,100,59.3,0.7241217798594848,0.39876192932679905,0.0,0.449316481815837,3.3704591554490135,0.7369571414995724,387.7,0.449316481815837,0.030177972659272634,554.0,4.61512051684126,985.328230345609,1789.2822243793564,0.08640336213792416
277.2,97.8,24.5,160.7,11.2,1061.7,782.5,3,30.45,0.5797258297258298,0.402252816020025,0.24480600750938672,0.06132665832290363,3.292038557657979,0.7370255251012526,399.5,0.3061326658322904,0.02803504380475594,571.4000000000001,1.3862943611198906,384.2807969024337,553.8245972673963,0.29016407142785533
277.2,97.8,24.5,160.7,11.2,1061.7,782.5,14,47.71,0.5797258297258298,0.402252816020025,0.24480600750938672,0.06132665832290363,3.292038557657979,0.7370255251012526,399.5,0.3061326658322904,0.02803504380475594,571.4000000000001,2.70805020110221,750.6715157455326,1081.8660553403329,0.14853964518689614
277.2,97.8,24.5,160.7,11.2,1061.7,782.5,28,63.14,0.5797258297258298,0.402252816020025,0.24480600750938672,0.06132665832290363,3.292038557657979,0.7370255251012526,399.5,0.3061326658322904,0.02803504380475594,571.4000000000001,3.367295829986474,933.4144040722506,1345.2346840795965,0.11945870999449454
277.2,97.8,24.5,160.7,11.2,1061.7,782.5,56,66.82,0.5797258297258298,0.402252816020025,0.24480600750938672,0.06132665832290363,3.292038557657979,0.7370255251012526,399.5,0.3061326658322904,0.02803504380475594,571.4000000000001,4.04305126783455,1120.7338114437373,1615.1989814999029,0.09949238566926973
277.2,97.8,24.5,160.7,11.2,1061.7,782.5,100,66.95,0.5797258297258298,0.402252816020025,0.24480600750938672,0.06132665832290363,3.292038557657979,0.7370255251012526,399.5,0.3061326658322904,0.02803504380475594,571.4000000000001,4.61512051684126,1279.311407268397,1843.7406464780831,0.0871597642038046
218.2,54.6,123.8,140.8,11.9,1075.7,792.7,3,27.42,0.6452795600366636,0.35501765002521435,0.13767019667170952,0.31215330307614725,3.47673985857834,0.7369154968857489,396.6,0.4498234997478568,0.030005042864346947,549.3000000000001,1.3862943611198906,302.4894295963601,549.8043436201486,0.25609110155971515
218.2,54.6,123.8,140.8,11.9,1075.7,792.7,14,35.96,0.6452795600366636,0.35501765002521435,0.13767019667170952,0.31215330307614725,3.47673985857834,0.7369154968857489,396.6,0.4498234997478568,0.030005042864346947,549.3000000000001,2.70805020110221,590.8965538805022,1074.0127097571365,0.1310971450531891
218.2,54.6,123.8,140.8,11.9,1075.7,792.7,28,55.51,0.6452795600366636,0.35501765002521435,0.13767019667170952,0.31215330307614725,3.47673985857834,0.7369154968857489,396.6,0.4498234997478568,0.030005042864346947,549.3000000000001,3.367295829986474,734.7439501030486,1335.4695261726358,0.10543108415474158
218.2,54.6,123.8,140.8,11.9,1075.7,792.7,56,61.99,0.6452795600366636,0.35501765002521435,0.13767019667170952,0.31215330307614725,3.47673985857834,0.7369154968857489,396.6,0.4498234997478568,0.030005042864346947,549.3000000000001,4.04305126783455,882.1937866414988,1603.4741328231828,0.08780933668826837
218.2,54.6,123.8,140.8,11.9,1075.7,792.7,100,63.53,0.6452795600366636,0.35501765002521435,0.13767019667170952,0.31215330307614725,3.47673985857834,0.7369154968857489,396.6,0.4498234997478568,0.030005042864346947,549.3000000000001,4.61512051684126,1007.0192967747628,1830.3567969792437,0.07692489258508034
214.9,53.8,121.9,155.6,9.6,1014.3,780.6,3,18.02,0.7240577012563982,0.39836149513568864,0.13773681515616998,0.31208397337429594,3.286158916147931,0.769594794439515,390.6,0.4498207885304659,0.024577572964669735,555.8000000000001,1.3862943611198906,297.9146582046645,541.4865774534293,0.2873570767566855
214.9,53.8,121.9,155.6,9.6,1014.3,780.6,14,38.6,0.7240577012563982,0.39836149513568864,0.13773681515616998,0.31208397337429594,3.286158916147931,0.769594794439515,390.6,0.4498207885304659,0.024577572964669735,555.8000000000001,2.70805020110221,581.959988216865,1057.7644085505233,0.1471026995635275
214.9,53.8,121.9,155.6,9.6,1014.3,780.6,28,52.2,0.7240577012563982,0.39836149513568864,0.13773681515616998,0.31208397337429594,3.286158916147931,0.769594794439515,390.6,0.4498207885304659,0.024577572964669735,555.8000000000001,3.367295829986474,723.6318738640933,1315.2657511927168,0.11830308807090727
214.9,53.8,121.9,155.6,9.6,1014.3,780.6,56,53.96,0.7240577012563982,0.39836149513568864,0.13773681515616998,0.31208397337429594,3.286158916147931,0.769594794439515,390.6,0.4498207885304659,0.024577572964669735,555.8000000000001,4.04305126783455,868.8517174576449,1579.2158252161755,0.09852991435081411
214.9,53.8,121.9,155.6,9.6,1014.3,780.6,100,56.63,0.7240577012563982,0.39836149513568864,0.13773681515616998,0.31208397337429594,3.286158916147931,0.769594794439515,390.6,0.4498207885304659,0.024577572964669735,555.8000000000001,4.61512051684126,991.7893990691867,1802.6660738781961,0.08631659643166596
218.9,0.0,124.1,158.5,11.3,1078.7,794.9,3,15.34,0.7240749200548195,0.4620991253644315,0.0,0.3618075801749271,3.7359920239282154,0.7369055344396032,343.0,0.3618075801749271,0.032944606413994174,512.8,1.3862943611198906,303.45983564914405,475.49896586412245,0.3333340582811964
218.9,0.0,124.1,158.5,11.3,1078.7,794.9,14,26.05,0.7240749200548195,0.4620991253644315,0.0,0.3618075801749271,3.7359920239282154,0.7369055344396032,343.0,0.3618075801749271,0.032944606413994174,512.8,2.70805020110221,592.7921890212738,928.8612189780581,0.17063905431898987
218.9,0.0,124.1,158.5,11.3,1078.7,794.9,28,30.22,0.7240749200548195,0.4620991253644315,0.0,0.3618075801749271,3.7359920239282154,0.7369055344396032,343.0,0.3618075801749271,0.032944606413994174,512.8,3.367295829986474,737.1010571840392,1154.9824696853607,0.13723152009673223
218.9,0.0,124.1,158.5,11.3,1078.7,794.9,56,37.27,0.7240749200548195,0.4620991253644315,0.0,0.3618075801749271,3.7359920239282154,0.7369055344396032,343.0,0.3618075801749271,0.032944606413994174,512.8,4.04305126783455,885.0239225289831,1386.7665848672507,0.1142946489550529
218.9,0.0,124.1,158.5,11.3,1078.7,794.9,100,46.23,0.7240749200548195,0.4620991253644315,0.0,0.3618075801749271,3.7359920239282154,0.7369055344396032,343.0,0.3618075801749271,0.032944606413994174,512.8,4.61512051684126,1010.2498811365517,1582.9863372765521,0.10012720657633169
376.0,0.0,0.0,214.6,0.0,1003.5,762.4,3,16.28,0.5707446808510638,0.5707446808510638,0.0,0.0,2.990010159160176,0.7597409068261086,376.0,0.0,0.0,590.6,1.3862943611198906,521.2466797810789,521.2466797810789,0.4117052603387919
376.0,0.0,0.0,214.6,0.0,1003.5,762.4,14,25.62,0.5707446808510638,0.5707446808510638,0.0,0.0,2.990010159160176,0.7597409068261086,376.0,0.0,0.0,590.6,2.70805020110221,1018.226875614431,1018.226875614431,0.21075853048025608
376.0,0.0,0.0,214.6,0.0,1003.5,762.4,28,31.97,0.5707446808510638,0.5707446808510638,0.0,0.0,2.990010159160176,0.7597409068261086,376.0,0.0,0.0,590.6,3.367295829986474,1266.1032320749143,1266.1032320749143,0.1694964474960777
376.0,0.0,0.0,214.6,0.0,1003.5,762.4,56,36.3,0.5707446808510638,0.5707446808510638,0.0,0.0,2.990010159160176,0.7597409068261086,376.0,0.0,0.0,590.6,4.04305126783455,1520.187276705791,1520.187276705791,0.14116681759436442
376.0,0.0,0.0,214.6,0.0,1003.5,762.4,100,43.06,0.5707446808510638,0.5707446808510638,0.0,0.0,2.990010159160176,0.7597409068261086,376.0,0.0,0.0,590.6,4.61512051684126,1735.2853143323136,1735.2853143323136,0.12366842399203481
500.0,0.0,0.0,140.0,4.0,966.0,853.0,28,67.57,0.28,0.28,0.0,0.0,2.8421875,0.8830227743271222,500.0,0.0,0.008,644.0,3.367295829986474,1683.647914993237,1683.647914993237,0.08315277722454363
475.0,0.0,59.0,142.0,1.9,1098.0,641.0,28,57.23,0.29894736842105263,0.26591760299625467,0.0,0.1104868913857678,2.5724852071005917,0.5837887067395264,534.0,0.1104868913857678,0.0035580524344569287,677.9,3.367295829986474,1599.4655192435753,1798.1359732127771,0.07897066857868643
315.0,137.0,0.0,145.0,5.9,1130.0,745.0,28,81.75,0.4603174603174603,0.32079646017699115,0.3030973451327434,0.0,3.14070351758794,0.6592920353982301,452.0,0.3030973451327434,0.013053097345132745,602.9,3.367295829986474,1060.6981864457393,1522.0177151538862,0.09526827352685545
505.0,0.0,60.0,195.0,0.0,1030.0,630.0,28,64.02,0.38613861386138615,0.34513274336283184,0.0,0.10619469026548672,2.1842105263157894,0.6116504854368932,565.0,0.10619469026548672,0.0,760.0,3.367295829986474,1700.4843941431695,1902.5221439423578,0.1024955218633755
451.0,0.0,0.0,165.0,11.3,1030.0,745.0,28,78.8,0.36585365853658536,0.36585365853658536,0.0,0.0,2.8814935064935066,0.7233009708737864,451.0,0.0,0.025055432372505546,627.3,3.367295829986474,1518.6504193238998,1518.6504193238998,0.10864909916098905
516.0,0.0,0.0,162.0,8.2,801.0,802.0,28,41.37,0.313953488372093,0.313953488372093,0.0,0.0,2.364306784660767,1.0012484394506866,516.0,0.0,0.015891472868217054,686.2,3.367295829986474,1737.5246482730206,1737.5246482730206,0.09323608741954642
520.0,0.0,0.0,170.0,5.2,855.0,855.0,28,60.28,0.3269230769230769,0.3269230769230769,0.0,0.0,2.4782608695652173,1.0,520.0,0.0,0.01,695.2,3.367295829986474,1750.9938315929664,1750.9938315929664,0.09708772066052483
528.0,0.0,0.0,185.0,6.9,920.0,720.0,28,56.83,0.3503787878787879,0.3503787878787879,0.0,0.0,2.300140252454418,0.782608695652174,528.0,0.0,0.013068181818181819,719.9,3.367295829986474,1777.9321982328584,1777.9321982328584,0.10405346175960885
520.0,0.0,0.0,175.0,5.2,870.0,805.0,28,51.02,0.33653846153846156,0.33653846153846156,0.0,0.0,2.4100719424460433,0.9252873563218391,520.0,0.0,0.01,700.2,3.367295829986474,1750.9938315929664,1750.9938315929664,0.09994324185642263
385.0,0.0,136.0,158.0,20.0,903.0,768.0,28,55.55,0.4103896103896104,0.30326295585412666,0.0,0.26103646833013433,2.4609720176730487,0.8504983388704319,521.0,0.26103646833013433,0.03838771593090211,699.0,3.367295829986474,1296.4088945447925,1754.3611274229531,0.09006127503069572
500.1,0.0,0.0,200.0,3.0,1124.4,613.2,28,44.13,0.3999200159968006,0.3999200159968006,0.0,0.0,2.4819311526924728,0.5453575240128068,500.1,0.0,0.005998800239952009,703.1,3.367295829986474,1683.9846445762357,1683.9846445762357,0.1187659285636353
450.1,50.0,0.0,200.0,3.0,1124.4,613.2,28,39.38,0.44434570095534326,0.3999200159968006,0.09998000399920015,0.0,2.4819311526924728,0.5453575240128068,500.1,0.09998000399920015,0.005998800239952009,703.1,3.367295829986474,1515.619853076912,1683.9846445762357,0.1187659285636353
397.0,17.2,158.0,167.0,20.8,967.0,633.0,28,55.65,0.42065491183879095,0.2918559944075498,0.030059419783292553,0.27612722824187347,2.1645021645021645,0.6546018614270941,572.2,0.306186648025166,0.03635092624956309,760.0,3.367295829986474,1336.8164445046302,1926.7666739182607,0.08667370173078084
333.0,17.5,163.0,167.0,17.9,996.0,652.0,28,47.28,0.5015015015015015,0.3252190847127556,0.034079844206426485,0.317429406037001,2.4217487141807497,0.6546184738955824,513.5,0.35150925024342744,0.034858812074001946,698.4,3.367295829986474,1121.3095113854959,1729.1064086980546,0.09658167892960624
334.0,17.6,158.0,189.0,15.3,967.0,633.0,28,44.33,0.5658682634730539,0.37087912087912084,0.03453689167974883,0.31004709576138145,2.290294875465216,0.6546018614270941,509.6,0.3445839874411303,0.030023547880690737,713.9,3.367295829986474,1124.6768072154823,1715.9739549611072,0.11014153184177186
405.0,0.0,0.0,175.0,0.0,1120.0,695.0,28,52.3,0.43209876543209874,0.43209876543209874,0.0,0.0,3.1293103448275863,0.6205357142857143,405.0,0.0,0.0,580.0,3.367295829986474,1363.7548111445221,1363.7548111445221,0.128322187074913
200.0,200.0,0.0,190.0,0.0,1145.0,660.0,28,49.25,0.95,0.475,0.5,0.0,3.059322033898305,0.5764192139737991,400.0,0.5,0.0,590.0,3.367295829986474,673.4591659972948,1346.9183319945896,0.14106274707735078
516.0,0.0,0.0,162.0,8.3,801.0,802.0,28,41.37,0.313953488372093,0.313953488372093,0.0,0.0,2.364306784660767,1.0012484394506866,516.0,0.0,0.01608527131782946,686.3,3.367295829986474,1737.5246482730206,1737.5246482730206,0.09323608741954642
145.0,116.0,119.0,184.0,5.7,833.0,880.0,28,29.16,1.2689655172413794,0.4842105263157895,0.30526315789473685,0.3131578947368421,3.0372340425531914,1.056422569027611,380.0,0.618421052631579,0.015000000000000001,569.7,3.367295829986474,488.25789534803874,1279.5724153948602,0.14379803580184236
160.0,128.0,122.0,182.0,6.4,824.0,879.0,28,39.4,1.1375,0.44390243902439025,0.3121951219512195,0.2975609756097561,2.876689189189189,1.066747572815534,410.0,0.6097560975609756,0.015609756097560977,598.4,3.367295829986474,538.7673327978358,1380.5912902944544,0.1318275736486667
234.0,156.0,0.0,189.0,5.9,981.0,760.0,28,39.3,0.8076923076923077,0.4846153846153846,0.4,0.0,3.006908462867012,0.7747196738022426,390.0,0.4,0.01512820512820513,584.9,3.367295829986474,787.9472242168349,1313.245373694725,0.14391826827324858
250.0,180.0,95.0,159.0,9.5,860.0,800.0,28,67.87,0.636,0.3028571428571429,0.34285714285714286,0.18095238095238095,2.426900584795322,0.9302325581395349,525.0,0.5238095238095238,0.018095238095238095,693.5,3.367295829986474,841.8239574966185,1767.830310742899,0.08994075903879209
475.0,0.0,0.0,162.0,9.5,1044.0,662.0,28,58.52,0.3410526315789474,0.3410526315789474,0.0,0.0,2.6781789638932496,0.6340996168582376,475.0,0.0,0.02,646.5,3.367295829986474,1599.4655192435753,1599.4655192435753,0.10128383391260201
285.0,190.0,0.0,163.0,7.6,1031.0,685.0,28,53.58,0.5719298245614035,0.3431578947368421,0.4,0.0,2.689655172413793,0.6644034917555771,475.0,0.4,0.016,645.6,3.367295829986474,959.6793115461452,1599.4655192435753,0.10190904276391437
356.0,119.0,0.0,160.0,9.0,1061.0,657.0,28,59.0,0.449438202247191,0.3368421052631579,0.2505263157894737,0.0,2.705511811023622,0.6192271442035815,475.0,0.2505263157894737,0.018947368421052633,644.0,3.367295829986474,1198.757315475185,1599.4655192435753,0.10003341620997729
275.0,180.0,120.0,162.0,10.4,830.0,765.0,28,76.24,0.5890909090909091,0.2817391304347826,0.3130434782608696,0.20869565217391303,2.1641791044776117,0.9216867469879518,575.0,0.5217391304347826,0.018086956521739132,747.4,3.367295829986474,926.0063532462804,1936.1951022422227,0.0836692541017147
500.0,0.0,0.0,151.0,9.0,1033.0,655.0,28,69.84,0.302,0.302,0.0,0.0,2.5929339477726576,0.6340755082284608,500.0,0.0,0.018,660.0,3.367295829986474,1683.647914993237,1683.647914993237,0.08968620972075776
165.0,0.0,143.6,163.8,0.0,1005.6,900.9,3,14.4,0.9927272727272728,0.5307841866493843,0.0,0.4653272845106934,4.035774767146486,0.8958830548926013,308.6,0.4653272845106934,0.0,472.40000000000003,1.3862943611198906,228.73856958478194,427.8104398415983,0.38287985693067433
165.0,128.5,132.1,175.1,8.1,1005.8,746.6,3,19.42,1.0612121212121213,0.41141917293233077,0.3019266917293233,0.3103853383458646,2.917263192941568,0.7422946907933984,425.6,0.612312030075188,0.019031954887218042,608.8000000000001,1.3862943611198906,228.73856958478194,590.0068800926255,0.29677620025805623
178.0,129.8,118.6,179.9,3.6,1007.3,746.8,3,20.73,1.0106741573033708,0.42190431519699817,0.30440900562851786,0.2781425891181989,2.893122216724394,0.7413878685595156,426.4,0.5825515947467167,0.008442776735459663,609.9,1.3862943611198906,246.7603962793405,591.1159155815213,0.3043396316321817
167.4,129.9,128.6,175.5,7.8,1006.3,746.6,3,14.94,1.0483870967741935,0.41206856069499886,0.30500117398450344,0.30194881427565157,2.9146990355836384,0.7419258670376628,425.9,0.606949988260155,0.01831415825311106,609.1999999999999,1.3862943611198906,232.0656760514697,590.4227684009613,0.29724463451046385
172.4,13.6,172.4,156.8,4.1,1006.3,856.4,3,21.29,0.9095127610208817,0.43750000000000006,0.037946428571428575,0.48102678571428575,3.615489130434782,0.8510384577163868,358.4,0.5189732142857143,0.011439732142857142,519.3000000000001,1.3862943611198906,238.99714785706914,496.84789902536875,0.3155895401944608
173.5,50.1,173.5,164.8,6.5,1006.2,793.5,3,23.08,0.94985590778098,0.41500881390078065,0.12616469403173003,0.43691765298413493,3.2028830752802984,0.7886106141920095,397.1,0.563082347015865,0.016368672878368167,568.4000000000001,1.3862943611198906,240.52207165430102,550.4974908007085,0.2993655788699335
167.0,75.4,167.0,164.0,7.9,1007.3,770.1,3,15.52,0.9820359281437125,0.4005862237420616,0.18417195896433808,0.407914020517831,3.0997558423439138,0.7645190112181078,409.4,0.5920859794821691,0.01929653150952614,581.3,1.3862943611198906,231.51115830702173,567.5489114424831,0.2889618792205545
173.8,93.4,159.9,172.3,9.7,1007.2,746.6,3,15.82,0.9913693901035673,0.403418403184266,0.218684148911262,0.3743853898384453,2.9259259259259256,0.7412629070691025,427.1,0.5930695387497074,0.022711308826972604,609.1000000000001,1.3862943611198906,240.937959962637,592.0863216343052,0.29100486483864246
190.3,0.0,125.2,166.6,9.9,1079.0,798.9,3,12.55,0.8754598003152916,0.5280507131537242,0.0,0.39683042789223455,3.8952499481435385,0.7404077849860983,315.5,0.39683042789223455,0.03137876386687797,492.0,1.3862943611198906,263.81181692111517,437.3758709333255,0.38090807260237924
250.0,0.0,95.7,191.8,5.3,948.9,857.2,3,8.49,0.7672,0.5548163147237489,0.0,0.27682962105872144,3.3601860465116276,0.9033617873327011,345.7,0.27682962105872144,0.015331212033555105,542.8,1.3862943611198906,346.5735902799726,479.24196063914616,0.4002153729281215
213.5,0.0,174.2,159.2,11.7,1043.6,771.9,3,15.61,0.7456674473067915,0.41062677327830793,0.0,0.449316481815837,3.3196196745291644,0.7396512073591415,387.7,0.449316481815837,0.030177972659272634,558.6,1.3862943611198906,295.97384609909665,537.4663238061815,0.29620460473242577
194.7,0.0,100.5,170.2,7.5,998.0,901.8,3,12.18,0.8741653826399589,0.5765582655826558,0.0,0.3404471544715447,4.0820799312419425,0.9036072144288577,295.2,0.3404471544715447,0.02540650406504065,472.9,1.3862943611198906,269.9115121100427,409.23409540259166,0.4158988752698197
251.4,0.0,118.3,192.9,5.8,1043.6,754.3,3,11.98,0.7673031026252983,0.5217744116851502,0.0,0.31998918041655394,3.1956985424813364,0.7227865082407052,369.7,0.31998918041655394,0.015688395996754124,568.4,1.3862943611198906,348.5144023855405,512.5130253060236,0.3763806781004613
165.0,0.0,143.6,163.8,0.0,1005.6,900.9,14,16.88,0.9927272727272728,0.5307841866493843,0.0,0.4653272845106934,4.035774767146486,0.8958830548926013,308.6,0.4653272845106934,0.0,472.40000000000003,2.70805020110221,446.82828318186466,835.704292060142,0.1960023438388803
165.0,128.5,132.1,175.1,8.1,1005.8,746.6,14,33.09,1.0612121212121213,0.41141917293233077,0.3019266917293233,0.3103853383458646,2.917263192941568,0.7422946907933984,425.6,0.612312030075188,0.019031954887218042,608.8000000000001,2.70805020110221,446.82828318186466,1152.5461655891006,0.15192450005722866
178.0,129.8,118.6,179.9,3.6,1007.3,746.8,14,34.24,1.0106741573033708,0.42190431519699817,0.30440900562851786,0.2781425891181989,2.893122216724394,0.7413878685595156,426.4,0.5825515947467167,0.008442776735459663,609.9,2.70805020110221,482.0329357961934,1154.7126057499822,0.15579634196784015
167.4,129.9,128.6,175.5,7.8,1006.3,746.6,14,31.81,1.0483870967741935,0.41206856069499886,0.30500117398450344,0.30194881427565157,2.9146990355836384,0.7419258670376628,425.9,0.606949988260155,0.01831415825311106,609.1999999999999,2.70805020110221,453.32760366451,1153.3585806494311,0.15216429906922768
172.4,13.6,172.4,156.8,4.1,1006.3,856.4,14,29.75,0.9095127610208817,0.43750000000000006,0.037946428571428575,0.48102678571428575,3.615489130434782,0.8510384577163868,358.4,0.5189732142857143,0.011439732142857142,519.3000000000001,2.70805020110221,466.867854670021,970.565192075032,0.1615553507176241
173.5,50.1,173.5,164.8,6.5,1006.2,793.5,14,33.01,0.94985590778098,0.41500881390078065,0.12616469403173003,0.43691765298413493,3.2028830752802984,0.7886106141920095,397.1,0.563082347015865,0.016368672878368167,568.4000000000001,2.70805020110221,469.84670989123344,1075.3667348576878,0.1532500445271904
167.0,75.4,167.0,164.0,7.9,1007.3,770.1,14,32.9,0.9820359281437125,0.4005862237420616,0.18417195896433808,0.407914020517831,3.0997558423439138,0.7645190112181078,409.4,0.5920859794821691,0.01929653150952614,581.3,2.70805020110221,452.24438358406906,1108.6757523312447,0.1479242237012512
173.8,93.4,159.9,172.3,9.7,1007.2,746.6,14,29.55,0.9913693901035673,0.403418403184266,0.218684148911262,0.3743853898384453,2.9259259259259256,0.7412629070691025,427.1,0.5930695387497074,0.022711308826972604,609.1000000000001,2.70805020110221,470.65912495156414,1156.608240890754,0.1489700608282925
190.3,0.0,125.2,166.6,9.9,1079.0,798.9,14,19.42,0.8754598003152916,0.5280507131537242,0.0,0.39683042789223455,3.8952499481435385,0.7404077849860983,315.5,0.39683042789223455,0.03137876386687797,492.0,2.70805020110221,515.3419532697507,854.3898384477473,0.19499295579483755
250.0,0.0,95.7,191.8,5.3,948.9,857.2,14,24.66,0.7672,0.5548163147237489,0.0,0.27682962105872144,3.3601860465116276,0.9033617873327011,345.7,0.27682962105872144,0.015331212033555105,542.8,2.70805020110221,677.0125502755525,936.172954521034,0.20487667270641136
213.5,0.0,174.2,159.2,11.7,1043.6,771.9,14,29.59,0.7456674473067915,0.41062677327830793,0.0,0.449316481815837,3.3196196745291644,0.7396512073591415,387.7,0.449316481815837,0.030177972659272634,558.6,2.70805020110221,578.1687179353219,1049.9110629673269,0.15163189113376765
194.7,0.0,100.5,170.2,7.5,998.0,901.8,14,24.28,0.8741653826399589,0.5765582655826558,0.0,0.3404471544715447,4.0820799312419425,0.9036072144288577,295.2,0.3404471544715447,0.02540650406504065,472.9,2.70805020110221,527.2573741546003,799.4164193653723,0.21290530926937373
251.4,0.0,118.3,192.9,5.8,1043.6,754.3,14,20.73,0.7673031026252983,0.5217744116851502,0.0,0.31998918041655394,3.1956985424813364,0.7227865082407052,369.7,0.31998918041655394,0.015688395996754124,568.4,2.70805020110221,680.8038205570956,1001.166159347487,0.19267530988634607
165.0,0.0,143.6,163.8,0.0,1005.6,900.9,28,26.2,0.9927272727272728,0.5307841866493843,0.0,0.4653272845106934,4.035774767146486,0.8958830548926013,308.6,0.4653272845106934,0.0,472.40000000000003,3.367295829986474,555.6038119477682,1039.147493133826,0.15762921152416726
165.0,128.5,132.1,175.1,8.1,1005.8,746.6,28,46.39,1.0612121212121213,0.41141917293233077,0.3019266917293233,0.3103853383458646,2.917263192941568,0.7422946907933984,425.6,0.612312030075188,0.019031954887218042,608.8000000000001,3.367295829986474,555.6038119477682,1433.1211052422434,0.12218088154552889
178.0,129.8,118.6,179.9,3.6,1007.3,746.8,28,39.16,1.0106741573033708,0.42190431519699817,0.30440900562851786,0.2781425891181989,2.893122216724394,0.7413878685595156,426.4,0.5825515947467167,0.008442776735459663,609.9,3.367295829986474,599.3786577375924,1435.8149419062324,0.12529469832732007
167.4,129.9,128.6,175.5,7.8,1006.3,746.6,28,41.2,1.0483870967741935,0.41206856069499886,0.30500117398450344,0.30194881427565157,2.9146990355836384,0.7419258670376628,425.9,0.606949988260155,0.01831415825311106,609.1999999999999,3.367295829986474,563.6853219397358,1434.1312939912393,0.12237373295967705
172.4,13.6,172.4,156.8,4.1,1006.3,856.4,28,33.69,0.9095127610208817,0.43750000000000006,0.037946428571428575,0.48102678571428575,3.615489130434782,0.8510384577163868,358.4,0.5189732142857143,0.011439732142857142,519.3000000000001,3.367295829986474,580.5218010896682,1206.8388254671522,0.12992621441334942
173.5,50.1,173.5,164.8,6.5,1006.2,793.5,28,38.2,0.94985590778098,0.41500881390078065,0.12616469403173003,0.43691765298413493,3.2028830752802984,0.7886106141920095,397.1,0.563082347015865,0.016368672878368167,568.4000000000001,3.367295829986474,584.2258265026533,1337.153174087629,0.12324691231612034
167.0,75.4,167.0,164.0,7.9,1007.3,770.1,28,41.41,0.9820359281437125,0.4005862237420616,0.18417195896433808,0.407914020517831,3.0997558423439138,0.7645190112181078,409.4,0.5920859794821691,0.01929653150952614,581.3,3.367295829986474,562.3384036077412,1378.5709127964624,0.11896377507873156
173.8,93.4,159.9,172.3,9.7,1007.2,746.6,28,37.81,0.9913693901035673,0.403418403184266,0.218684148911262,0.3743853898384453,2.9259259259259256,0.7412629070691025,427.1,0.5930695387497074,0.022711308826972604,609.1000000000001,3.367295829986474,585.2360152516493,1438.1720489872232,0.11980485931522282
190.3,0.0,125.2,166.6,9.9,1079.0,798.9,28,24.85,0.8754598003152916,0.5280507131537242,0.0,0.39683042789223455,3.8952499481435385,0.7404077849860983,315.5,0.39683042789223455,0.03137876386687797,492.0,3.367295829986474,640.7963964464261,1062.3818343607327,0.15681744040761791
250.0,0.0,95.7,191.8,5.3,948.9,857.2,28,27.22,0.7672,0.5548163147237489,0.0,0.27682962105872144,3.3601860465116276,0.9033617873327011,345.7,0.27682962105872144,0.015331212033555105,542.8,3.367295829986474,841.8239574966185,1164.0741684263241,0.16476613363845063
213.5,0.0,174.2,159.2,11.7,1043.6,771.9,28,44.64,0.7456674473067915,0.41062677327830793,0.0,0.449316481815837,3.3196196745291644,0.7396512073591415,387.7,0.449316481815837,0.030177972659272634,558.6,3.367295829986474,718.9176597021122,1305.500593285756,0.12194555928872972
194.7,0.0,100.5,170.2,7.5,998.0,901.8,28,37.27,0.8741653826399589,0.5765582655826558,0.0,0.3404471544715447,4.0820799312419425,0.9036072144288577,295.2,0.3404471544715447,0.02540650406504065,472.9,3.367295829986474,655.6124980983665,994.0257290120071,0.1712229321962994
251.4,0.0,118.3,192.9,5.8,1043.6,754.3,28,33.27,0.7673031026252983,0.5217744116851502,0.0,0.31998918041655394,3.1956985424813364,0.7227865082407052,369.7,0.31998918041655394,0.015688395996754124,568.4,3.367295829986474,846.5381716585996,1244.8892683459994,0.15495354077258072
165.0,0.0,143.6,163.8,0.0,1005.6,900.9,56,36.56,0.9927272727272728,0.5307841866493843,0.0,0.4653272845106934,4.035774767146486,0.8958830548926013,308.6,0.4653272845106934,0.0,472.40000000000003,4.04305126783455,667.1034591927008,1247.6856212537423,0.13128307099941158
165.0,128.5,132.1,175.1,8.1,1005.8,746.6,56,53.72,1.0612121212121213,0.41141917293233077,0.3019266917293233,0.3103853383458646,2.917263192941568,0.7422946907933984,425.6,0.612312030075188,0.019031954887218042,608.8000000000001,4.04305126783455,667.1034591927008,1720.7226195903847,0.10175957356897085
178.0,129.8,118.6,179.9,3.6,1007.3,746.8,56,48.59,1.0106741573033708,0.42190431519699817,0.30440900562851786,0.2781425891181989,2.893122216724394,0.7413878685595156,426.4,0.5825515947467167,0.008442776735459663,609.9,4.04305126783455,719.66312567455,1723.957060604652,0.1043529471301929
167.4,129.9,128.6,175.5,7.8,1006.3,746.6,56,51.72,1.0483870967741935,0.41206856069499886,0.30500117398450344,0.30194881427565157,2.9146990355836384,0.7419258670376628,425.9,0.606949988260155,0.01831415825311106,609.1999999999999,4.04305126783455,676.8067822355038,1721.9355349707348,0.10192019180496366
172.4,13.6,172.4,156.8,4.1,1006.3,856.4,56,35.85,0.9095127610208817,0.43750000000000006,0.037946428571428575,0.48102678571428575,3.615489130434782,0.8510384577163868,358.4,0.5189732142857143,0.011439732142857142,519.3000000000001,4.04305126783455,697.0220385746765,1449.0295743919028,0.1082103517906475
173.5,50.1,173.5,164.8,6.5,1006.2,793.5,56,53.77,0.94985590778098,0.41500881390078065,0.12616469403173003,0.43691765298413493,3.2028830752802984,0.7886106141920095,397.1,0.563082347015865,0.016368672878368167,568.4000000000001,4.04305126783455,701.4693949692945,1605.4956584571,0.10264742799639504
167.0,75.4,167.0,164.0,7.9,1007.3,770.1,56,53.46,0.9820359281437125,0.4005862237420616,0.18417195896433808,0.407914020517831,3.0997558423439138,0.7645190112181078,409.4,0.5920859794821691,0.01929653150952614,581.3,4.04305126783455,675.1895617283699,1655.225189051465,0.09908017415683544
173.8,93.4,159.9,172.3,9.7,1007.2,746.6,56,48.99,0.9913693901035673,0.403418403184266,0.218684148911262,0.3743853898384453,2.9259259259259256,0.7412629070691025,427.1,0.5930695387497074,0.022711308826972604,609.1000000000001,4.04305126783455,702.6823103496449,1726.7871964921364,0.09978067960546443
190.3,0.0,125.2,166.6,9.9,1079.0,798.9,56,31.72,0.8754598003152916,0.5280507131537242,0.0,0.39683042789223455,3.8952499481435385,0.7404077849860983,315.5,0.39683042789223455,0.03137876386687797,492.0,4.04305126783455,769.392656268915,1275.5826750018007,0.13060697927695264
250.0,0.0,95.7,191.8,5.3,948.9,857.2,56,39.64,0.7672,0.5548163147237489,0.0,0.27682962105872144,3.3601860465116276,0.9033617873327011,345.7,0.27682962105872144,0.015331212033555105,542.8,4.04305126783455,1010.7628169586376,1397.682823290404,0.13722712821816563
213.5,0.0,174.2,159.2,11.7,1043.6,771.9,56,51.26,0.7456674473067915,0.41062677327830793,0.0,0.449316481815837,3.3196196745291644,0.7396512073591415,387.7,0.449316481815837,0.030177972659272634,558.6,4.04305126783455,863.1914456826764,1567.490976539455,0.10156358306538091
194.7,0.0,100.5,170.2,7.5,998.0,901.8,56,43.39,0.8741653826399589,0.5765582655826558,0.0,0.3404471544715447,4.0820799312419425,0.9036072144288577,295.2,0.3404471544715447,0.02540650406504065,472.9,4.04305126783455,787.1820818473869,1193.5087342647591,0.14260473770629656
251.4,0.0,118.3,192.9,5.8,1043.6,754.3,56,39.27,0.7673031026252983,0.5217744116851502,0.0,0.31998918041655394,3.1956985424813364,0.7227865082407052,369.7,0.31998918041655394,0.015688395996754124,568.4,4.04305126783455,1016.4230887336059,1494.7160537184332,0.12905461175727595
165.0,0.0,143.6,163.8,0.0,1005.6,900.9,100,37.96,0.9927272727272728,0.5307841866493843,0.0,0.4653272845106934,4.035774767146486,0.8958830548926013,308.6,0.4653272845106934,0.0,472.40000000000003,4.61512051684126,761.4948852788078,1424.2261914972128,0.11500982145806898
165.0,128.5,132.1,175.1,8.1,1005.8,746.6,100,55.02,1.0612121212121213,0.41141917293233077,0.3019266917293233,0.3103853383458646,2.917263192941568,0.7422946907933984,425.6,0.612312030075188,0.019031954887218042,608.8000000000001,4.61512051684126,761.4948852788078,1964.1952919676403,0.0891459218520949
178.0,129.8,118.6,179.9,3.6,1007.3,746.8,100,49.99,1.0106741573033708,0.42190431519699817,0.30440900562851786,0.2781425891181989,2.893122216724394,0.7413878685595156,426.4,0.5825515947467167,0.008442776735459663,609.9,4.61512051684126,821.4914519977442,1967.887388381113,0.09141783267791312
167.4,129.9,128.6,175.5,7.8,1006.3,746.6,100,53.66,1.0483870967741935,0.41206856069499886,0.30500117398450344,0.30194881427565157,2.9146990355836384,0.7419258670376628,425.9,0.606949988260155,0.01831415825311106,609.1999999999999,4.61512051684126,772.5711745192269,1965.5798281226923,0.08928663058555016
172.4,13.6,172.4,156.8,4.1,1006.3,856.4,100,37.68,0.9095127610208817,0.43750000000000006,0.037946428571428575,0.48102678571428575,3.615489130434782,0.8510384577163868,358.4,0.5189732142857143,0.011439732142857142,519.3000000000001,4.61512051684126,795.6467771034332,1654.0591932359073,0.09479709108429511
173.5,50.1,173.5,164.8,6.5,1006.2,793.5,100,56.06,0.94985590778098,0.41500881390078065,0.12616469403173003,0.43691765298413493,3.2028830752802984,0.7886106141920095,397.1,0.563082347015865,0.016368672878368167,568.4000000000001,4.61512051684126,800.7234096719585,1832.6643572376643,0.08992372190202876
167.0,75.4,167.0,164.0,7.9,1007.3,770.1,100,56.81,0.9820359281437125,0.4005862237420616,0.18417195896433808,0.407914020517831,3.0997558423439138,0.7645190112181078,409.4,0.5920859794821691,0.01929653150952614,581.3,4.61512051684126,770.7251263124904,1889.4303395948116,0.08679864854672008
173.8,93.4,159.9,172.3,9.7,1007.2,746.6,100,50.94,0.9913693901035673,0.403418403184266,0.218684148911262,0.3743853898384453,2.9259259259259256,0.7412629070691025,427.1,0.5930695387497074,0.022711308826972604,609.1000000000001,4.61512051684126,802.107945827011,1971.117972742902,0.08741232254111943
190.3,0.0,125.2,166.6,9.9,1079.0,798.9,100,33.56,0.8754598003152916,0.5280507131537242,0.0,0.39683042789223455,3.8952499481435385,0.7404077849860983,315.5,0.39683042789223455,0.03137876386687797,492.0,4.61512051684126,878.2574343548918,1456.0705230634173,0.1144175349759099
250.0,0.0,95.7,191.8,5.3,948.9,857.2,100,41.16,0.7672,0.5548163147237489,0.0,0.27682962105872144,3.3601860465116276,0.9033617873327011,345.7,0.27682962105872144,0.015331212033555105,542.8,4.61512051684126,1153.780129210315,1595.4471626720235,0.1202170805072461
213.5,0.0,174.2,159.2,11.7,1043.6,771.9,100,52.96,0.7456674473067915,0.41062677327830793,0.0,0.449316481815837,3.3196196745291644,0.7396512073591415,387.7,0.449316481815837,0.030177972659272634,558.6,4.61512051684126,985.328230345609,1789.2822243793564,0.08897422543568903
194.7,0.0,100.5,170.2,7.5,998.0,901.8,100,44.28,0.8741653826399589,0.5765582655826558,0.0,0.3404471544715447,4.0820799312419425,0.9036072144288577,295.2,0.3404471544715447,0.02540650406504065,472.9,4.61512051684126,898.5639646289932,1362.3835765715398,0.1249281060979251
251.4,0.0,118.3,192.9,5.8,1043.6,754.3,100,40.15,0.7673031026252983,0.5217744116851502,0.0,0.31998918041655394,3.1956985424813364,0.7227865082407052,369.7,0.31998918041655394,0.015688395996754124,568.4,4.61512051684126,1160.2412979338926,1706.2100550762136,0.11305759183993525
446.0,24.0,79.0,162.0,11.6,967.0,712.0,28,57.03,0.3632286995515695,0.29508196721311475,0.04371584699453552,0.14389799635701275,2.361462728551336,0.7362978283350569,549.0,0.18761384335154827,0.021129326047358832,722.6,3.367295829986474,1501.8139401739675,1848.6454106625742,0.08763173243804363
446.0,24.0,79.0,162.0,11.6,967.0,712.0,28,44.42,0.3632286995515695,0.29508196721311475,0.04371584699453552,0.14389799635701275,2.361462728551336,0.7362978283350569,549.0,0.18761384335154827,0.021129326047358832,722.6,3.367295829986474,1501.8139401739675,1848.6454106625742,0.08763173243804363
446.0,24.0,79.0,162.0,11.6,967.0,712.0,28,51.02,0.3632286995515695,0.29508196721311475,0.04371584699453552,0.14389799635701275,2.361462728551336,0.7362978283350569,549.0,0.18761384335154827,0.021129326047358832,722.6,3.367295829986474,1501.8139401739675,1848.6454106625742,0.08763173243804363
446.0,24.0,79.0,162.0,10.3,967.0,712.0,28,53.39,0.3632286995515695,0.29508196721311475,0.04371584699453552,0.14389799635701275,2.361462728551336,0.7362978283350569,549.0,0.18761384335154827,0.01876138433515483,721.3,3.367295829986474,1501.8139401739675,1848.6454106625742,0.08763173243804363
446.0,24.0,79.0,162.0,11.6,967.0,712.0,3,35.36,0.3632286995515695,0.29508196721311475,0.04371584699453552,0.14389799635701275,2.361462728551336,0.7362978283350569,549.0,0.18761384335154827,0.021129326047358832,722.6,1.3862943611198906,618.2872850594712,761.07560425482,0.21285664537706017
446.0,24.0,79.0,162.0,11.6,967.0,712.0,3,25.02,0.3632286995515695,0.29508196721311475,0.04371584699453552,0.14389799635701275,2.361462728551336,0.7362978283350569,549.0,0.18761384335154827,0.021129326047358832,722.6,1.3862943611198906,618.2872850594712,761.07560425482,0.21285664537706017
446.0,24.0,79.0,162.0,11.6,967.0,712.0,3,23.35,0.3632286995515695,0.29508196721311475,0.04371584699453552,0.14389799635701275,2.361462728551336,0.7362978283350569,549.0,0.18761384335154827,0.021129326047358832,722.6,1.3862943611198906,618.2872850594712,761.07560425482,0.21285664537706017
446.0,24.0,79.0,162.0,11.6,967.0,712.0,7,52.01,0.3632286995515695,0.29508196721311475,0.04371584699453552,0.14389799635701275,2.361462728551336,0.7362978283350569,549.0,0.18761384335154827,0.021129326047358832,722.6,2.0794415416798357,927.4309275892067,1141.6134063822299,0.14190443025137345
446.0,24.0,79.0,162.0,11.6,967.0,712.0,7,38.02,0.3632286995515695,0.29508196721311475,0.04371584699453552,0.14389799635701275,2.361462728551336,0.7362978283350569,549.0,0.18761384335154827,0.021129326047358832,722.6,2.0794415416798357,927.4309275892067,1141.6134063822299,0.14190443025137345
446.0,24.0,79.0,162.0,11.6,967.0,712.0,7,39.3,0.3632286995515695,0.29508196721311475,0.04371584699453552,0.14389799635701275,2.361462728551336,0.7362978283350569,549.0,0.18761384335154827,0.021129326047358832,722.6,2.0794415416798357,927.4309275892067,1141.6134063822299,0.14190443025137345
446.0,24.0,79.0,162.0,11.6,967.0,712.0,56,61.07,0.3632286995515695,0.29508196721311475,0.04371584699453552,0.14389799635701275,2.361462728551336,0.7362978283350569,549.0,0.18761384335154827,0.021129326047358832,722.6,4.04305126783455,1803.2008654542094,2219.635146041168,0.07298496795247418
446.0,24.0,79.0,162.0,11.6,967.0,712.0,56,56.14,0.3632286995515695,0.29508196721311475,0.04371584699453552,0.14389799635701275,2.361462728551336,0.7362978283350569,549.0,0.18761384335154827,0.021129326047358832,722.6,4.04305126783455,1803.2008654542094,2219.635146041168,0.07298496795247418
446.0,24.0,79.0,162.0,11.6,967.0,712.0,56,55.25,0.3632286995515695,0.29508196721311475,0.04371584699453552,0.14389799635701275,2.361462728551336,0.7362978283350569,549.0,0.18761384335154827,0.021129326047358832,722.6,4.04305126783455,1803.2008654542094,2219.635146041168,0.07298496795247418
446.0,24.0,79.0,162.0,10.3,967.0,712.0,56,54.77,0.3632286995515695,0.29508196721311475,0.04371584699453552,0.14389799635701275,2.361462728551336,0.7362978283350569,549.0,0.18761384335154827,0.01876138433515483,721.3,4.04305126783455,1803.2008654542094,2219.635146041168,0.07298496795247418
387.0,20.0,94.0,157.0,14.3,938.0,845.0,28,50.24,0.40568475452196384,0.313373253493014,0.03992015968063872,0.18762475049900199,2.709726443768997,0.9008528784648188,501.0,0.2275449101796407,0.028542914171656688,672.3,3.367295829986474,1303.1434862047654,1687.0152108232235,0.09306377262798224
387.0,20.0,94.0,157.0,13.9,938.0,845.0,28,46.68,0.40568475452196384,0.313373253493014,0.03992015968063872,0.18762475049900199,2.709726443768997,0.9008528784648188,501.0,0.2275449101796407,0.027744510978043913,671.9,3.367295829986474,1303.1434862047654,1687.0152108232235,0.09306377262798224
387.0,20.0,94.0,157.0,11.6,938.0,845.0,28,46.68,0.40568475452196384,0.313373253493014,0.03992015968063872,0.18762475049900199,2.709726443768997,0.9008528784648188,501.0,0.2275449101796407,0.023153692614770457,669.6,3.367295829986474,1303.1434862047654,1687.0152108232235,0.09306377262798224
387.0,20.0,94.0,157.0,14.3,938.0,845.0,3,22.75,0.40568475452196384,0.313373253493014,0.03992015968063872,0.18762475049900199,2.709726443768997,0.9008528784648188,501.0,0.2275449101796407,0.028542914171656688,672.3,1.3862943611198906,536.4959177533976,694.5334749210651,0.22605101938080566
387.0,20.0,94.0,157.0,13.9,938.0,845.0,3,25.51,0.40568475452196384,0.313373253493014,0.03992015968063872,0.18762475049900199,2.709726443768997,0.9008528784648188,501.0,0.2275449101796407,0.027744510978043913,671.9,1.3862943611198906,536.4959177533976,694.5334749210651,0.22605101938080566
387.0,20.0,94.0,157.0,11.6,938.0,845.0,3,34.77,0.40568475452196384,0.313373253493014,0.03992015968063872,0.18762475049900199,2.709726443768997,0.9008528784648188,501.0,0.2275449101796407,0.023153692614770457,669.6,1.3862943611198906,536.4959177533976,694.5334749210651,0.22605101938080566
387.0,20.0,94.0,157.0,14.3,938.0,845.0,7,36.84,0.40568475452196384,0.313373253493014,0.03992015968063872,0.18762475049900199,2.709726443768997,0.9008528784648188,501.0,0.2275449101796407,0.028542914171656688,672.3,2.0794415416798357,804.7438766300965,1041.8002123815977,0.1507006795872038
387.0,20.0,94.0,157.0,13.9,938.0,845.0,7,45.9,0.40568475452196384,0.313373253493014,0.03992015968063872,0.18762475049900199,2.709726443768997,0.9008528784648188,501.0,0.2275449101796407,0.027744510978043913,671.9,2.0794415416798357,804.7438766300965,1041.8002123815977,0.1507006795872038
387.0,20.0,94.0,157.0,11.6,938.0,845.0,7,41.67,0.40568475452196384,0.313373253493014,0.03992015968063872,0.18762475049900199,2.709726443768997,0.9008528784648188,501.0,0.2275449101796407,0.023153692614770457,669.6,2.0794415416798357,804.7438766300965,1041.8002123815977,0.1507006795872038
387.0,20.0,94.0,157.0,14.3,938.0,845.0,56,56.34,0.40568475452196384,0.313373253493014,0.03992015968063872,0.18762475049900199,2.709726443768997,0.9008528784648188,501.0,0.2275449101796407,0.028542914171656688,672.3,4.04305126783455,1564.660840651971,2025.5686851851096,0.0775090971480201
387.0,20.0,94.0,157.0,13.9,938.0,845.0,56,47.97,0.40568475452196384,0.313373253493014,0.03992015968063872,0.18762475049900199,2.709726443768997,0.9008528784648188,501.0,0.2275449101796407,0.027744510978043913,671.9,4.04305126783455,1564.660840651971,2025.5686851851096,0.0775090971480201
387.0,20.0,94.0,157.0,11.6,938.0,845.0,56,61.46,0.40568475452196384,0.313373253493014,0.03992015968063872,0.18762475049900199,2.709726443768997,0.9008528784648188,501.0,0.2275449101796407,0.023153692614770457,669.6,4.04305126783455,1564.660840651971,2025.5686851851096,0.0775090971480201
355.0,19.0,97.0,145.0,13.1,967.0,871.0,28,44.03,0.4084507042253521,0.3078556263269639,0.040339702760084924,0.2059447983014862,2.9837662337662336,0.9007238883143743,471.0,0.24628450106157113,0.02781316348195329,629.1,3.367295829986474,1195.3900196451982,1585.9963359236294,0.09142517969031562
355.0,19.0,97.0,145.0,12.3,967.0,871.0,28,55.45,0.4084507042253521,0.3078556263269639,0.040339702760084924,0.2059447983014862,2.9837662337662336,0.9007238883143743,471.0,0.24628450106157113,0.026114649681528664,628.3,3.367295829986474,1195.3900196451982,1585.9963359236294,0.09142517969031562
491.0,26.0,123.0,210.0,3.9,882.0,699.0,28,55.55,0.42769857433808556,0.328125,0.040625,0.1921875,1.86,0.7925170068027211,640.0,0.2328125,0.00609375,853.9,3.367295829986474,1653.3422525233589,2155.0693311913433,0.09744466081001206
491.0,26.0,123.0,201.0,3.9,822.0,699.0,28,57.92,0.4093686354378819,0.3140625,0.040625,0.1921875,1.8085612366230677,0.8503649635036497,640.0,0.2328125,0.00609375,844.9,3.367295829986474,1653.3422525233589,2155.0693311913433,0.09326846106101155
491.0,26.0,123.0,210.0,3.9,882.0,699.0,3,25.61,0.42769857433808556,0.328125,0.040625,0.1921875,1.86,0.7925170068027211,640.0,0.2328125,0.00609375,853.9,1.3862943611198906,680.6705313098663,887.22839111673,0.23669215514584557
491.0,26.0,123.0,210.0,3.9,882.0,699.0,7,33.49,0.42769857433808556,0.328125,0.040625,0.1921875,1.86,0.7925170068027211,640.0,0.2328125,0.00609375,853.9,2.0794415416798357,1021.0057969647994,1330.842586675095,0.1577947700972304
491.0,26.0,123.0,210.0,3.9,882.0,699.0,56,59.59,0.42769857433808556,0.328125,0.040625,0.1921875,1.86,0.7925170068027211,640.0,0.2328125,0.00609375,853.9,4.04305126783455,1985.1381725067642,2587.552811414112,0.0811577638429856
491.0,26.0,123.0,201.0,3.9,822.0,699.0,3,29.55,0.4093686354378819,0.3140625,0.040625,0.1921875,1.8085612366230677,0.8503649635036497,640.0,0.2328125,0.00609375,844.9,1.3862943611198906,680.6705313098663,887.22839111673,0.22654820563959505
491.0,26.0,123.0,201.0,3.9,822.0,699.0,7,37.92,0.4093686354378819,0.3140625,0.040625,0.1921875,1.8085612366230677,0.8503649635036497,640.0,0.2328125,0.00609375,844.9,2.0794415416798357,1021.0057969647994,1330.842586675095,0.15103213709306337
491.0,26.0,123.0,201.0,3.9,822.0,699.0,56,61.86,0.4093686354378819,0.3140625,0.040625,0.1921875,1.8085612366230677,0.8503649635036497,640.0,0.2328125,0.00609375,844.9,4.04305126783455,1985.1381725067642,2587.552811414112,0.07767957396400052
424.0,22.0,132.0,178.0,8.5,822.0,750.0,28,62.05,0.419811320754717,0.3079584775086505,0.03806228373702422,0.22837370242214533,2.0793650793650795,0.9124087591240876,578.0,0.2664359861591695,0.014705882352941176,764.5,3.367295829986474,1427.733431914265,1946.296989732182,0.09145572383816587
424.0,22.0,132.0,178.0,8.5,882.0,750.0,3,32.01,0.419811320754717,0.3079584775086505,0.03806228373702422,0.22837370242214533,2.1587301587301586,0.8503401360544217,578.0,0.2664359861591695,0.014705882352941176,764.5,1.3862943611198906,587.7888091148336,801.2781407272968,0.22214508415072276
424.0,22.0,132.0,168.0,8.9,822.0,750.0,28,72.1,0.39622641509433965,0.2906574394463668,0.03806228373702422,0.22837370242214533,2.1072386058981234,0.9124087591240876,578.0,0.2664359861591695,0.015397923875432526,754.9,3.367295829986474,1427.733431914265,1946.296989732182,0.08631776182478577
424.0,22.0,132.0,178.0,8.5,822.0,750.0,7,39.0,0.419811320754717,0.3079584775086505,0.03806228373702422,0.22837370242214533,2.0793650793650795,0.9124087591240876,578.0,0.2664359861591695,0.014705882352941176,764.5,2.0794415416798357,881.6832136722503,1201.917211090945,0.1480967227671485
424.0,22.0,132.0,178.0,8.5,822.0,750.0,56,65.7,0.419811320754717,0.3079584775086505,0.03806228373702422,0.22837370242214533,2.0793650793650795,0.9124087591240876,578.0,0.2664359861591695,0.014705882352941176,764.5,4.04305126783455,1714.2537375618492,2336.88363280837,0.0761698175728532
424.0,22.0,132.0,168.0,8.9,822.0,750.0,3,32.11,0.39622641509433965,0.2906574394463668,0.03806228373702422,0.22837370242214533,2.1072386058981234,0.9124087591240876,578.0,0.2664359861591695,0.015397923875432526,754.9,1.3862943611198906,587.7888091148336,801.2781407272968,0.20966502324337877
424.0,22.0,132.0,168.0,8.9,822.0,750.0,7,40.29,0.39622641509433965,0.2906574394463668,0.03806228373702422,0.22837370242214533,2.1072386058981234,0.9124087591240876,578.0,0.2664359861591695,0.015397923875432526,754.9,2.0794415416798357,881.6832136722503,1201.917211090945,0.13977668216225253
424.0,22.0,132.0,168.0,8.9,822.0,750.0,56,74.36,0.39622641509433965,0.2906574394463668,0.03806228373702422,0.22837370242214533,2.1072386058981234,0.9124087591240876,578.0,0.2664359861591695,0.015397923875432526,754.9,4.04305126783455,1714.2537375618492,2336.88363280837,0.07189061433842324
202.0,11.0,141.0,206.0,1.7,942.0,801.0,28,21.97,1.0198019801980198,0.5819209039548022,0.031073446327683617,0.3983050847457627,3.1125,0.8503184713375797,354.0,0.4293785310734463,0.004802259887005649,561.7,3.367295829986474,680.1937576572677,1192.0227238152117,0.1728154974602097
202.0,11.0,141.0,206.0,1.7,942.0,801.0,3,9.85,1.0198019801980198,0.5819209039548022,0.031073446327683617,0.3983050847457627,3.1125,0.8503184713375797,354.0,0.4293785310734463,0.004802259887005649,561.7,1.3862943611198906,280.0314609462179,490.74820383644123,0.41976720116260796
202.0,11.0,141.0,206.0,1.7,942.0,801.0,7,15.07,1.0198019801980198,0.5819209039548022,0.031073446327683617,0.3983050847457627,3.1125,0.8503184713375797,354.0,0.4293785310734463,0.004802259887005649,561.7,2.0794415416798357,420.0471914193268,736.1223057546619,0.279844800775072
202.0,11.0,141.0,206.0,1.7,942.0,801.0,56,23.25,1.0198019801980198,0.5819209039548022,0.031073446327683617,0.3983050847457627,3.1125,0.8503184713375797,354.0,0.4293785310734463,0.004802259887005649,561.7,4.04305126783455,816.6963561025791,1431.2401488134308,0.14393112167149882
284.0,15.0,141.0,179.0,5.5,842.0,801.0,28,43.73,0.6302816901408451,0.4068181818181818,0.03409090909090909,0.32045454545454544,2.654281098546042,0.9513064133016627,440.0,0.35454545454545455,0.0125,624.5,3.367295829986474,956.3120157161586,1481.6101651940487,0.12081450587007556
284.0,15.0,141.0,179.0,5.5,842.0,801.0,3,13.4,0.6302816901408451,0.4068181818181818,0.03409090909090909,0.32045454545454544,2.654281098546042,0.9513064133016627,440.0,0.35454545454545455,0.0125,624.5,1.3862943611198906,393.7075985580489,609.9695188927518,0.2934572867262778
284.0,15.0,141.0,179.0,5.5,842.0,801.0,7,24.13,0.6302816901408451,0.4068181818181818,0.03409090909090909,0.32045454545454544,2.654281098546042,0.9513064133016627,440.0,0.35454545454545455,0.0125,624.5,2.0794415416798357,590.5613978370734,914.9542783391278,0.19563819115085188
284.0,15.0,141.0,179.0,5.5,842.0,801.0,56,44.52,0.6302816901408451,0.4068181818181818,0.03409090909090909,0.32045454545454544,2.654281098546042,0.9513064133016627,440.0,0.35454545454545455,0.0125,624.5,4.04305126783455,1148.2265600650123,1778.9425578472021,0.10062157387286182
359.0,19.0,141.0,154.0,10.9,942.0,801.0,28,62.94,0.42896935933147634,0.29672447013487474,0.036608863198458574,0.27167630057803466,2.5898959881129273,0.8503184713375797,519.0,0.30828516377649323,0.021001926782273604,683.9,3.367295829986474,1208.8592029651443,1747.62653576298,0.08811951343641423
359.0,19.0,141.0,154.0,10.9,942.0,801.0,28,59.49,0.42896935933147634,0.29672447013487474,0.036608863198458574,0.27167630057803466,2.5898959881129273,0.8503184713375797,519.0,0.30828516377649323,0.021001926782273604,683.9,3.367295829986474,1208.8592029651443,1747.62653576298,0.08811951343641423
359.0,19.0,141.0,154.0,10.9,942.0,801.0,3,25.12,0.42896935933147634,0.29672447013487474,0.036608863198458574,0.27167630057803466,2.5898959881129273,0.8503184713375797,519.0,0.30828516377649323,0.021001926782273604,683.9,1.3862943611198906,497.6796756420407,719.4867734212232,0.21404146078699457
359.0,19.0,141.0,154.0,10.9,942.0,801.0,3,23.64,0.42896935933147634,0.29672447013487474,0.036608863198458574,0.27167630057803466,2.5898959881129273,0.8503184713375797,519.0,0.30828516377649323,0.021001926782273604,683.9,1.3862943611198906,497.6796756420407,719.4867734212232,0.21404146078699457
359.0,19.0,141.0,154.0,10.9,942.0,801.0,7,35.75,0.42896935933147634,0.29672447013487474,0.036608863198458574,0.27167630057803466,2.5898959881129273,0.8503184713375797,519.0,0.30828516377649323,0.021001926782273604,683.9,2.0794415416798357,746.519513463061,1079.2301601318347,0.14269430719132972
359.0,19.0,141.0,154.0,10.9,942.0,801.0,7,38.61,0.42896935933147634,0.29672447013487474,0.036608863198458574,0.27167630057803466,2.5898959881129273,0.8503184713375797,519.0,0.30828516377649323,0.021001926782273604,683.9,2.0794415416798357,746.519513463061,1079.2301601318347,0.14269430719132972
359.0,19.0,141.0,154.0,10.9,942.0,801.0,56,68.75,0.42896935933147634,0.29672447013487474,0.036608863198458574,0.27167630057803466,2.5898959881129273,0.8503184713375797,519.0,0.30828516377649323,0.021001926782273604,683.9,4.04305126783455,1451.4554051526036,2098.3436080061315,0.07339122125300175
359.0,19.0,141.0,154.0,10.9,942.0,801.0,56,66.78,0.42896935933147634,0.29672447013487474,0.036608863198458574,0.27167630057803466,2.5898959881129273,0.8503184713375797,519.0,0.30828516377649323,0.021001926782273604,683.9,4.04305126783455,1451.4554051526036,2098.3436080061315,0.07339122125300175
436.0,0.0,0.0,218.0,0.0,838.4,719.7,28,23.85,0.5,0.5,0.0,0.0,2.382415902140673,0.8584208015267176,436.0,0.0,0.0,654.0,3.367295829986474,1468.1409818741026,1468.1409818741026,0.14848710218668504
289.0,0.0,0.0,192.0,0.0,913.2,895.3,90,32.07,0.6643598615916955,0.6643598615916955,0.0,0.0,3.75987525987526,0.9803985983355233,289.0,0.0,0.0,481.0,4.51085950651685,1303.6383973833695,1303.6383973833695,0.147280104962678
289.0,0.0,0.0,192.0,0.0,913.2,895.3,3,11.65,0.6643598615916955,0.6643598615916955,0.0,0.0,3.75987525987526,0.9803985983355233,289.0,0.0,0.0,481.0,1.3862943611198906,400.6390703636484,400.6390703636484,0.4792343388420086
393.0,0.0,0.0,192.0,0.0,940.6,785.6,3,19.2,0.48854961832061067,0.48854961832061067,0.0,0.0,2.950769230769231,0.8352115670848395,393.0,0.0,0.0,585.0,1.3862943611198906,544.813683920117,544.813683920117,0.35241405578967044
393.0,0.0,0.0,192.0,0.0,940.6,785.6,90,48.85,0.48854961832061067,0.48854961832061067,0.0,0.0,2.950769230769231,0.8352115670848395,393.0,0.0,0.0,585.0,4.51085950651685,1772.767786061122,1772.767786061122,0.10830521713540442
393.0,0.0,0.0,192.0,0.0,940.6,785.6,28,39.6,0.48854961832061067,0.48854961832061067,0.0,0.0,2.950769230769231,0.8352115670848395,393.0,0.0,0.0,585.0,3.367295829986474,1323.3472611846844,1323.3472611846844,0.14508663419767698
480.0,0.0,0.0,192.0,0.0,936.2,712.2,28,43.94,0.4,0.4,0.0,0.0,2.4529761904761904,0.760734885708182,480.0,0.0,0.0,672.0,3.367295829986474,1616.3019983935076,1616.3019983935076,0.11878968174934804
480.0,0.0,0.0,192.0,0.0,936.2,712.2,7,34.57,0.4,0.4,0.0,0.0,2.4529761904761904,0.760734885708182,480.0,0.0,0.0,672.0,2.0794415416798357,998.1319400063212,998.1319400063212,0.19235933878519515
480.0,0.0,0.0,192.0,0.0,936.2,712.2,90,54.32,0.4,0.4,0.0,0.0,2.4529761904761904,0.760734885708182,480.0,0.0,0.0,672.0,4.51085950651685,2165.212563128088,2165.212563128088,0.08867489652961238
480.0,0.0,0.0,192.0,0.0,936.2,712.2,3,24.4,0.4,0.4,0.0,0.0,2.4529761904761904,0.760734885708182,480.0,0.0,0.0,672.0,1.3862943611198906,665.4212933375475,665.4212933375475,0.2885390081777927
333.0,0.0,0.0,192.0,0.0,931.2,842.6,3,15.62,0.5765765765765766,0.5765765765765766,0.0,0.0,3.378666666666667,0.9048539518900344,333.0,0.0,0.0,525.0,1.3862943611198906,461.63602225292357,461.63602225292357,0.4159120838598814
255.0,0.0,0.0,192.0,0.0,889.8,945.0,90,21.86,0.7529411764705882,0.7529411764705882,0.0,0.0,4.1046979865771815,1.062036412677006,255.0,0.0,0.0,447.0,4.51085950651685,1150.2691741617966,1150.2691741617966,0.16691745229103505
255.0,0.0,0.0,192.0,0.0,889.8,945.0,7,10.22,0.7529411764705882,0.7529411764705882,0.0,0.0,4.1046979865771815,1.062036412677006,255.0,0.0,0.0,447.0,2.0794415416798357,530.2575931283582,530.2575931283582,0.3620881671250732
289.0,0.0,0.0,192.0,0.0,913.2,895.3,7,14.6,0.6643598615916955,0.6643598615916955,0.0,0.0,3.75987525987526,0.9803985983355233,289.0,0.0,0.0,481.0,2.0794415416798357,600.9586055454726,600.9586055454726,0.31948955922800576
255.0,0.0,0.0,192.0,0.0,889.8,945.0,28,18.75,0.7529411764705882,0.7529411764705882,0.0,0.0,4.1046979865771815,1.062036412677006,255.0,0.0,0.0,447.0,3.367295829986474,858.6604366465509,858.6604366465509,0.22360410682230217
333.0,0.0,0.0,192.0,0.0,931.2,842.6,28,31.97,0.5765765765765766,0.5765765765765766,0.0,0.0,3.378666666666667,0.9048539518900344,333.0,0.0,0.0,525.0,3.367295829986474,1121.3095113854959,1121.3095113854959,0.17122837008915032
333.0,0.0,0.0,192.0,0.0,931.2,842.6,7,23.4,0.5765765765765766,0.5765765765765766,0.0,0.0,3.378666666666667,0.9048539518900344,333.0,0.0,0.0,525.0,2.0794415416798357,692.4540333793854,692.4540333793854,0.27727472257325425
289.0,0.0,0.0,192.0,0.0,913.2,895.3,28,25.57,0.6643598615916955,0.6643598615916955,0.0,0.0,3.75987525987526,0.9803985983355233,289.0,0.0,0.0,481.0,3.367295829986474,973.148494866091,973.148494866091,0.19729774131379602
333.0,0.0,0.0,192.0,0.0,931.2,842.6,90,41.68,0.5765765765765766,0.5765765765765766,0.0,0.0,3.378666666666667,0.9048539518900344,333.0,0.0,0.0,525.0,4.51085950651685,1502.116215670111,1502.116215670111,0.12781967067331515
393.0,0.0,0.0,192.0,0.0,940.6,785.6,7,27.74,0.48854961832061067,0.48854961832061067,0.0,0.0,2.950769230769231,0.8352115670848395,393.0,0.0,0.0,585.0,2.0794415416798357,817.2205258801755,817.2205258801755,0.2349427038597803
255.0,0.0,0.0,192.0,0.0,889.8,945.0,3,8.2,0.7529411764705882,0.7529411764705882,0.0,0.0,4.1046979865771815,1.062036412677006,255.0,0.0,0.0,447.0,1.3862943611198906,353.5050620855721,353.5050620855721,0.5431322506876097
158.8,238.2,0.0,185.7,0.0,1040.6,734.3,7,9.62,1.1693954659949621,0.46775818639798483,0.6,0.0,3.0459927921743604,0.7056505862002691,397.0,0.6,0.0,582.7,2.0794415416798357,330.2153168187579,825.5382920468948,0.22494413861719606
239.6,359.4,0.0,185.7,0.0,941.6,664.3,7,25.42,0.7750417362270451,0.31001669449081803,0.6,0.0,2.046514591563655,0.705501274426508,599.0,0.6,0.0,784.7,2.0794415416798357,498.23419338648864,1245.5854834662216,0.14908651591156402
238.2,158.8,0.0,185.7,0.0,1040.6,734.3,7,15.69,0.7795969773299748,0.46775818639798483,0.4,0.0,3.0459927921743604,0.7056505862002691,397.0,0.4,0.0,582.7,2.0794415416798357,495.32297522813684,825.5382920468948,0.22494413861719606
181.9,272.8,0.0,185.7,0.0,1012.4,714.3,28,27.94,1.0208905992303463,0.40840114361117213,0.5999560149549152,0.0,2.69628357276702,0.7055511655472145,454.70000000000005,0.5999560149549152,0.0,640.4000000000001,3.367295829986474,612.5111114745397,1531.10941389485,0.1212846046891023
193.5,290.2,0.0,185.7,0.0,998.2,704.3,28,32.63,0.9596899224806201,0.3839156501964027,0.5999586520570601,0.0,2.5433223782491785,0.7055700260468843,483.7,0.5999586520570601,0.0,669.4,3.367295829986474,651.5717431023827,1628.7609929644575,0.11401304476356176
255.5,170.3,0.0,185.7,0.0,1026.6,724.3,7,17.24,0.7268101761252446,0.4361202442461249,0.3999530295913575,0.0,2.863286999182338,0.7055328268069355,425.8,0.3999530295913575,0.0,611.5,2.0794415416798357,531.297313899198,885.4262084472741,0.20972950453505598
272.8,181.9,0.0,185.7,0.0,1012.4,714.3,7,19.77,0.6807184750733137,0.40840114361117213,0.40004398504508465,0.0,2.69628357276702,0.7055511655472145,454.70000000000005,0.40004398504508465,0.0,640.4000000000001,2.0794415416798357,567.2716525702592,945.5220690018214,0.19639943486040648
239.6,359.4,0.0,185.7,0.0,941.6,664.3,28,39.44,0.7750417362270451,0.31001669449081803,0.6,0.0,2.046514591563655,0.705501274426508,599.0,0.6,0.0,784.7,3.367295829986474,806.8040808647592,2017.010202161898,0.09206696118887282
220.8,147.2,0.0,185.7,0.0,1055.0,744.3,28,25.75,0.8410326086956521,0.5046195652173913,0.39999999999999997,0.0,3.249593642766841,0.7054976303317535,368.0,0.39999999999999997,0.0,553.7,3.367295829986474,743.4989192610135,1239.1648654350224,0.1498589938916707
397.0,0.0,0.0,185.7,0.0,1040.6,734.3,28,33.08,0.46775818639798483,0.46775818639798483,0.0,0.0,3.0459927921743604,0.7056505862002691,397.0,0.0,0.0,582.7,3.367295829986474,1336.8164445046302,1336.8164445046302,0.1389121152446721
382.5,0.0,0.0,185.7,0.0,1047.8,739.3,7,24.07,0.48549019607843136,0.48549019607843136,0.0,0.0,3.1451953537486794,0.7055735827447986,382.5,0.0,0.0,568.2,2.0794415416798357,795.3863896925371,795.3863896925371,0.2334714327608545
210.7,316.1,0.0,185.7,0.0,977.0,689.3,7,21.82,0.8813478879924063,0.35250569476082005,0.6000379650721337,0.0,2.3386666666666667,0.7055271238485158,526.8,0.6000379650721337,0.0,712.5,2.0794415416798357,438.13833283194134,1095.4498041569375,0.16951940590551792
158.8,238.2,0.0,185.7,0.0,1040.6,734.3,28,21.07,1.1693954659949621,0.46775818639798483,0.6,0.0,3.0459927921743604,0.7056505862002691,397.0,0.6,0.0,582.7,3.367295829986474,534.7265778018522,1336.8164445046302,0.1389121152446721
295.8,0.0,0.0,185.7,0.0,1091.4,769.3,7,14.84,0.627789046653144,0.627789046653144,0.0,0.0,3.8643821391484945,0.7048744731537474,295.8,0.0,0.0,481.5,2.0794415416798357,615.0988080288954,615.0988080288954,0.301902714776967
255.5,170.3,0.0,185.7,0.0,1026.6,724.3,28,32.05,0.7268101761252446,0.4361202442461249,0.3999530295913575,0.0,2.863286999182338,0.7055328268069355,425.8,0.3999530295913575,0.0,611.5,3.367295829986474,860.3440845615442,1433.7945644082408,0.12951646254611276
203.5,135.7,0.0,185.7,0.0,1076.2,759.3,7,11.96,0.9125307125307125,0.5474646226415094,0.40005896226415094,0.0,3.4968565441036388,0.7055380040884593,339.2,0.40005896226415094,0.0,524.9,2.0794415416798357,423.1663537318466,705.3465709378003,0.2632748320490178
397.0,0.0,0.0,185.7,0.0,1040.6,734.3,7,25.45,0.46775818639798483,0.46775818639798483,0.0,0.0,3.0459927921743604,0.7056505862002691,397.0,0.0,0.0,582.7,2.0794415416798357,825.5382920468948,825.5382920468948,0.22494413861719606
381.4,0.0,0.0,185.7,0.0,1104.6,784.3,28,22.49,0.4868904037755637,0.4868904037755637,0.0,0.0,3.3308058543466763,0.7100307803729857,381.4,0.0,0.0,567.0999999999999,3.367295829986474,1284.2866295568413,1284.2866295568413,0.14459389027827693
295.8,0.0,0.0,185.7,0.0,1091.4,769.3,28,25.22,0.627789046653144,0.627789046653144,0.0,0.0,3.8643821391484945,0.7048744731537474,295.8,0.0,0.0,481.5,3.367295829986474,996.046106509999,996.046106509999,0.18643715264413394
228.0,342.1,0.0,185.7,0.0,955.8,674.3,28,39.7,0.8144736842105262,0.3257323276618137,0.6000701631292756,0.0,2.15678750992326,0.7054823184766688,570.1,0.6000701631292756,0.0,755.8,3.367295829986474,767.7434492369161,1919.695352675289,0.09673409884605301
220.8,147.2,0.0,185.7,0.0,1055.0,744.3,7,13.09,0.8410326086956521,0.5046195652173913,0.39999999999999997,0.0,3.249593642766841,0.7054976303317535,368.0,0.39999999999999997,0.0,553.7,2.0794415416798357,459.14069240290775,765.2344873381795,0.2426707147582251
316.1,210.7,0.0,185.7,0.0,977.0,689.3,28,38.7,0.5874723188864283,0.35250569476082005,0.39996203492786636,0.0,2.3386666666666667,0.7055271238485158,526.8,0.39996203492786636,0.0,712.5,3.367295829986474,1064.4022118587245,1773.8914432368745,0.10468509823867658
135.7,203.5,0.0,185.7,0.0,1076.2,759.3,7,7.51,1.3684598378776713,0.5474646226415094,0.5999410377358491,0.0,3.4968565441036388,0.7055380040884593,339.2,0.5999410377358491,0.0,524.9,2.0794415416798357,282.1802172059537,705.3465709378003,0.2632748320490178
238.1,0.0,0.0,185.7,0.0,1118.8,789.3,28,17.58,0.7799244015119697,0.7799244015119697,0.0,0.0,4.502359603586598,0.7054880228816589,238.1,0.0,0.0,423.79999999999995,3.367295829986474,801.7531371197795,801.7531371197795,0.23161742861039405
339.2,0.0,0.0,185.7,0.0,1069.2,754.3,7,21.18,0.5474646226415094,0.5474646226415094,0.0,0.0,3.4739950466755576,0.705480733258511,339.2,0.0,0.0,524.9,2.0794415416798357,705.3465709378003,705.3465709378003,0.2632748320490178
135.7,203.5,0.0,185.7,0.0,1076.2,759.3,28,18.2,1.3684598378776713,0.5474646226415094,0.5999410377358491,0.0,3.4968565441036388,0.7055380040884593,339.2,0.5999410377358491,0.0,524.9,3.367295829986474,456.9420441291645,1142.186745531412,0.16258287073152955
193.5,290.2,0.0,185.7,0.0,998.2,704.3,7,17.2,0.9596899224806201,0.3839156501964027,0.5999586520570601,0.0,2.5433223782491785,0.7055700260468843,483.7,0.5999586520570601,0.0,669.4,2.0794415416798357,402.3719383150482,1005.8258737105365,0.18462440155267074
203.5,135.7,0.0,185.7,0.0,1076.2,759.3,28,22.63,0.9125307125307125,0.5474646226415094,0.40005896226415094,0.0,3.4968565441036388,0.7055380040884593,339.2,0.40005896226415094,0.0,524.9,3.367295829986474,685.2447014022475,1142.186745531412,0.16258287073152955
290.2,193.5,0.0,185.7,0.0,998.2,704.3,7,21.86,0.6399035148173673,0.3839156501964027,0.40004134794293983,0.0,2.5433223782491785,0.7055700260468843,483.7,0.40004134794293983,0.0,669.4,2.0794415416798357,603.4539353954883,1005.8258737105365,0.18462440155267074
181.9,272.8,0.0,185.7,0.0,1012.4,714.3,7,12.37,1.0208905992303463,0.40840114361117213,0.5999560149549152,0.0,2.69628357276702,0.7055511655472145,454.70000000000005,0.5999560149549152,0.0,640.4000000000001,2.0794415416798357,378.25041643156214,945.5220690018214,0.19639943486040648
170.3,155.5,0.0,185.7,0.0,1026.6,724.3,28,25.73,1.0904286553141513,0.5699815837937384,0.4772866789441375,0.0,3.423069403714565,0.7055328268069355,325.8,0.4772866789441375,0.0,511.5,3.367295829986474,573.4504798466966,1097.0649814095932,0.16926982735461885
210.7,316.1,0.0,185.7,0.0,977.0,689.3,28,37.81,0.8813478879924063,0.35250569476082005,0.6000379650721337,0.0,2.3386666666666667,0.7055271238485158,526.8,0.6000379650721337,0.0,712.5,3.367295829986474,709.4892313781501,1773.8914432368745,0.10468509823867658
228.0,342.1,0.0,185.7,0.0,955.8,674.3,7,21.92,0.8144736842105262,0.3257323276618137,0.6000701631292756,0.0,2.15678750992326,0.7054823184766688,570.1,0.6000701631292756,0.0,755.8,2.0794415416798357,474.11267150300256,1185.4896229116744,0.15664413792497253
290.2,193.5,0.0,185.7,0.0,998.2,704.3,28,33.04,0.6399035148173673,0.3839156501964027,0.40004134794293983,0.0,2.5433223782491785,0.7055700260468843,483.7,0.40004134794293983,0.0,669.4,3.367295829986474,977.1892498620748,1628.7609929644575,0.11401304476356176
381.4,0.0,0.0,185.7,0.0,1104.6,784.3,7,14.54,0.4868904037755637,0.4868904037755637,0.0,0.0,3.3308058543466763,0.7100307803729857,381.4,0.0,0.0,567.0999999999999,2.0794415416798357,793.0990039966894,793.0990039966894,0.23414479032781027
238.2,158.8,0.0,185.7,0.0,1040.6,734.3,28,26.91,0.7795969773299748,0.46775818639798483,0.4,0.0,3.0459927921743604,0.7056505862002691,397.0,0.4,0.0,582.7,3.367295829986474,802.0898667027781,1336.8164445046302,0.1389121152446721
186.2,124.1,0.0,185.7,0.0,1083.4,764.3,7,8.0,0.9973147153598282,0.5984531098936513,0.3999355462455688,0.0,3.725201612903226,0.7054642791212847,310.29999999999995,0.3999355462455688,0.0,495.99999999999994,2.0794415416798357,387.19201506078537,645.2507103832529,0.28779511128271623
339.2,0.0,0.0,185.7,0.0,1069.2,754.3,28,31.9,0.5474646226415094,0.5474646226415094,0.0,0.0,3.4739950466755576,0.705480733258511,339.2,0.0,0.0,524.9,3.367295829986474,1142.186745531412,1142.186745531412,0.16258287073152955
238.1,0.0,0.0,185.7,0.0,1118.8,789.3,7,10.34,0.7799244015119697,0.7799244015119697,0.0,0.0,4.502359603586598,0.7054880228816589,238.1,0.0,0.0,423.79999999999995,2.0794415416798357,495.1150310739689,495.1150310739689,0.3750643554432039
252.5,0.0,0.0,185.7,0.0,1111.6,784.3,28,19.77,0.7354455445544554,0.7354455445544554,0.0,0.0,4.3265632131446825,0.7055595537963296,252.5,0.0,0.0,438.2,3.367295829986474,850.2421970715848,850.2421970715848,0.2184083554539993
382.5,0.0,0.0,185.7,0.0,1047.8,739.3,28,37.44,0.48549019607843136,0.48549019607843136,0.0,0.0,3.1451953537486794,0.7055735827447986,382.5,0.0,0.0,568.2,3.367295829986474,1287.9906549698264,1287.9906549698264,0.14417806471146358
252.5,0.0,0.0,185.7,0.0,1111.6,784.3,7,11.48,0.7354455445544554,0.7354455445544554,0.0,0.0,4.3265632131446825,0.7055595537963296,252.5,0.0,0.0,438.2,2.0794415416798357,525.0589892741585,525.0589892741585,0.35367454665753206
316.1,210.7,0.0,185.7,0.0,977.0,689.3,7,24.44,0.5874723188864283,0.35250569476082005,0.39996203492786636,0.0,2.3386666666666667,0.7055271238485158,526.8,0.39996203492786636,0.0,712.5,2.0794415416798357,657.3114713249961,1095.4498041569375,0.16951940590551792
186.2,124.1,0.0,185.7,0.0,1083.4,764.3,28,17.6,0.9973147153598282,0.5984531098936513,0.3999355462455688,0.0,3.725201612903226,0.7054642791212847,310.29999999999995,0.3999355462455688,0.0,495.99999999999994,3.367295829986474,626.9904835434814,1044.8718960448027,0.17772513616543612
170.3,155.5,0.0,185.7,0.0,1026.6,724.3,7,10.73,1.0904286553141513,0.5699815837937384,0.4772866789441375,0.0,3.423069403714565,0.7055328268069355,325.8,0.4772866789441375,0.0,511.5,2.0794415416798357,354.12889454807606,677.4820542792905,0.27410320144575456
272.8,181.9,0.0,185.7,0.0,1012.4,714.3,28,31.38,0.6807184750733137,0.40840114361117213,0.40004398504508465,0.0,2.69628357276702,0.7055511655472145,454.70000000000005,0.40004398504508465,0.0,640.4000000000001,3.367295829986474,918.5983024203102,1531.10941389485,0.1212846046891023
339.0,0.0,0.0,197.0,0.0,968.0,781.0,3,13.22,0.5811209439528023,0.5811209439528023,0.0,0.0,3.263059701492537,0.8068181818181818,339.0,0.0,0.0,536.0,1.3862943611198906,469.9537884196429,469.9537884196429,0.4191901519987106
339.0,0.0,0.0,197.0,0.0,968.0,781.0,7,20.97,0.5811209439528023,0.5811209439528023,0.0,0.0,3.263059701492537,0.8068181818181818,339.0,0.0,0.0,536.0,2.0794415416798357,704.9306826294643,704.9306826294643,0.27946010133247373
339.0,0.0,0.0,197.0,0.0,968.0,781.0,14,27.04,0.5811209439528023,0.5811209439528023,0.0,0.0,3.263059701492537,0.8068181818181818,339.0,0.0,0.0,536.0,2.70805020110221,918.0290181736492,918.0290181736492,0.21459016665063257
339.0,0.0,0.0,197.0,0.0,968.0,781.0,28,32.04,0.5811209439528023,0.5811209439528023,0.0,0.0,3.263059701492537,0.8068181818181818,339.0,0.0,0.0,536.0,3.367295829986474,1141.5132863654148,1141.5132863654148,0.17257792997508525
339.0,0.0,0.0,197.0,0.0,968.0,781.0,90,35.17,0.5811209439528023,0.5811209439528023,0.0,0.0,3.263059701492537,0.8068181818181818,339.0,0.0,0.0,536.0,4.51085950651685,1529.1813727092122,1529.1813727092122,0.12882709894051356
339.0,0.0,0.0,197.0,0.0,968.0,781.0,180,36.45,0.5811209439528023,0.5811209439528023,0.0,0.0,3.263059701492537,0.8068181818181818,339.0,0.0,0.0,536.0,5.198497031265826,1762.290493599115,1762.290493599115,0.11178633756212808
339.0,0.0,0.0,197.0,0.0,968.0,781.0,365,38.89,0.5811209439528023,0.5811209439528023,0.0,0.0,3.263059701492537,0.8068181818181818,339.0,0.0,0.0,536.0,5.902633333401366,2000.992700023063,2000.992700023063,0.0984511337786137
236.0,0.0,0.0,194.0,0.0,968.0,885.0,3,6.47,0.8220338983050848,0.8220338983050848,0.0,0.0,4.309302325581395,0.9142561983471075,236.0,0.0,0.0,430.0,1.3862943611198906,327.16546922429416,327.16546922429416,0.5929721142636841
236.0,0.0,0.0,194.0,0.0,968.0,885.0,14,12.84,0.8220338983050848,0.8220338983050848,0.0,0.0,4.309302325581395,0.9142561983471075,236.0,0.0,0.0,430.0,2.70805020110221,639.0998474601216,639.0998474601216,0.3035519422684656
236.0,0.0,0.0,194.0,0.0,968.0,885.0,28,18.42,0.8220338983050848,0.8220338983050848,0.0,0.0,4.309302325581395,0.9142561983471075,236.0,0.0,0.0,430.0,3.367295829986474,794.681815876808,794.681815876808,0.24412286291709237
236.0,0.0,0.0,194.0,0.0,968.0,885.0,90,21.95,0.8220338983050848,0.8220338983050848,0.0,0.0,4.309302325581395,0.9142561983471075,236.0,0.0,0.0,430.0,4.51085950651685,1064.5628435379765,1064.5628435379765,0.18223442719009325
236.0,0.0,0.0,193.0,0.0,968.0,885.0,180,24.1,0.8177966101694916,0.8177966101694916,0.0,0.0,4.31934731934732,0.9142561983471075,236.0,0.0,0.0,429.0,5.198497031265826,1226.845299378735,1226.845299378735,0.15731404774321076
236.0,0.0,0.0,193.0,0.0,968.0,885.0,365,25.08,0.8177966101694916,0.8177966101694916,0.0,0.0,4.31934731934732,0.9142561983471075,236.0,0.0,0.0,429.0,5.902633333401366,1393.0214666827223,1393.0214666827223,0.13854775724282367
277.0,0.0,0.0,191.0,0.0,968.0,856.0,14,21.26,0.6895306859205776,0.6895306859205776,0.0,0.0,3.8974358974358974,0.8842975206611571,277.0,0.0,0.0,468.0,2.70805020110221,750.1299057053122,750.1299057053122,0.2546225641016293
277.0,0.0,0.0,191.0,0.0,968.0,856.0,28,25.97,0.6895306859205776,0.6895306859205776,0.0,0.0,3.8974358974358974,0.8842975206611571,277.0,0.0,0.0,468.0,3.367295829986474,932.7409449062534,932.7409449062534,0.20477282684228768
277.0,0.0,0.0,191.0,0.0,968.0,856.0,3,11.36,0.6895306859205776,0.6895306859205776,0.0,0.0,3.8974358974358974,0.8842975206611571,277.0,0.0,0.0,468.0,1.3862943611198906,384.0035380302097,384.0035380302097,0.49739125055919137
277.0,0.0,0.0,191.0,0.0,968.0,856.0,90,31.25,0.6895306859205776,0.6895306859205776,0.0,0.0,3.8974358974358974,0.8842975206611571,277.0,0.0,0.0,468.0,4.51085950651685,1249.5080833051675,1249.5080833051675,0.15286015556999968
277.0,0.0,0.0,191.0,0.0,968.0,856.0,180,32.33,0.6895306859205776,0.6895306859205776,0.0,0.0,3.8974358974358974,0.8842975206611571,277.0,0.0,0.0,468.0,5.198497031265826,1439.983677660634,1439.983677660634,0.13264039236215125
277.0,0.0,0.0,191.0,0.0,968.0,856.0,360,33.7,0.6895306859205776,0.6895306859205776,0.0,0.0,3.8974358974358974,0.8842975206611571,277.0,0.0,0.0,468.0,5.8888779583328805,1631.219194458208,1631.219194458208,0.11709033381221254
254.0,0.0,0.0,198.0,0.0,968.0,863.0,3,9.31,0.7795275590551181,0.7795275590551181,0.0,0.0,4.050884955752212,0.8915289256198347,254.0,0.0,0.0,452.0,1.3862943611198906,352.1187677244522,352.1187677244522,0.5623102718425487
254.0,0.0,0.0,198.0,0.0,968.0,863.0,90,26.94,0.7795275590551181,0.7795275590551181,0.0,0.0,4.050884955752212,0.8915289256198347,254.0,0.0,0.0,452.0,4.51085950651685,1145.75831465528,1145.75831465528,0.17281131410298473
254.0,0.0,0.0,198.0,0.0,968.0,863.0,180,27.63,0.7795275590551181,0.7795275590551181,0.0,0.0,4.050884955752212,0.8915289256198347,254.0,0.0,0.0,452.0,5.198497031265826,1320.41824594152,1320.41824594152,0.14995248710670211
254.0,0.0,0.0,198.0,0.0,968.0,863.0,365,29.79,0.7795275590551181,0.7795275590551181,0.0,0.0,4.050884955752212,0.8915289256198347,254.0,0.0,0.0,452.0,5.902633333401366,1499.268866683947,1499.268866683947,0.1320643711077203
307.0,0.0,0.0,193.0,0.0,968.0,812.0,180,34.49,0.6286644951140065,0.6286644951140065,0.0,0.0,3.56,0.8388429752066116,307.0,0.0,0.0,500.0,5.198497031265826,1595.9385885986087,1595.9385885986087,0.12093197155504148
307.0,0.0,0.0,193.0,0.0,968.0,812.0,365,36.15,0.6286644951140065,0.6286644951140065,0.0,0.0,3.56,0.8388429752066116,307.0,0.0,0.0,500.0,5.902633333401366,1812.1084333542194,1812.1084333542194,0.10650576778275696
307.0,0.0,0.0,193.0,0.0,968.0,812.0,3,12.54,0.6286644951140065,0.6286644951140065,0.0,0.0,3.56,0.8388429752066116,307.0,0.0,0.0,500.0,1.3862943611198906,425.5923688638064,425.5923688638064,0.45348557474197054
307.0,0.0,0.0,193.0,0.0,968.0,812.0,28,27.53,0.6286644951140065,0.6286644951140065,0.0,0.0,3.56,0.8388429752066116,307.0,0.0,0.0,500.0,3.367295829986474,1033.7598198058477,1033.7598198058477,0.18669713825426848
307.0,0.0,0.0,193.0,0.0,968.0,812.0,90,32.92,0.6286644951140065,0.6286644951140065,0.0,0.0,3.56,0.8388429752066116,307.0,0.0,0.0,500.0,4.51085950651685,1384.833868500673,1384.833868500673,0.1393668976401888
236.0,0.0,0.0,193.0,0.0,968.0,885.0,7,9.99,0.8177966101694916,0.8177966101694916,0.0,0.0,4.31934731934732,0.9142561983471075,236.0,0.0,0.0,429.0,2.0794415416798357,490.74820383644123,490.74820383644123,0.39327703798244346
200.0,0.0,0.0,180.0,0.0,1125.0,845.0,7,7.84,0.9,0.9,0.0,0.0,5.184210526315789,0.7511111111111111,200.0,0.0,0.0,380.0,2.0794415416798357,415.88830833596717,415.88830833596717,0.4328085122666891
200.0,0.0,0.0,180.0,0.0,1125.0,845.0,28,12.25,0.9,0.9,0.0,0.0,5.184210526315789,0.7511111111111111,200.0,0.0,0.0,380.0,3.367295829986474,673.4591659972948,673.4591659972948,0.2672767839360331
225.0,0.0,0.0,181.0,0.0,1113.0,833.0,7,11.17,0.8044444444444444,0.8044444444444444,0.0,0.0,4.793103448275862,0.7484276729559748,225.0,0.0,0.0,406.0,2.0794415416798357,467.87434687796303,467.87434687796303,0.3868560035568924
225.0,0.0,0.0,181.0,0.0,1113.0,833.0,28,17.34,0.8044444444444444,0.8044444444444444,0.0,0.0,4.793103448275862,0.7484276729559748,225.0,0.0,0.0,406.0,3.367295829986474,757.6415617469567,757.6415617469567,0.23889924885146657
325.0,0.0,0.0,184.0,0.0,1063.0,783.0,7,17.54,0.5661538461538461,0.5661538461538461,0.0,0.0,3.62671905697446,0.7365945437441204,325.0,0.0,0.0,509.0,2.0794415416798357,675.8185010459466,675.8185010459466,0.27226244874212235
325.0,0.0,0.0,184.0,0.0,1063.0,783.0,28,30.57,0.5661538461538461,0.5661538461538461,0.0,0.0,3.62671905697446,0.7365945437441204,325.0,0.0,0.0,509.0,3.367295829986474,1094.3711447456042,1094.3711447456042,0.1681330880144618
275.0,0.0,0.0,183.0,0.0,1088.0,808.0,7,14.2,0.6654545454545454,0.6654545454545454,0.0,0.0,4.139737991266376,0.7426470588235294,275.0,0.0,0.0,458.0,2.0794415416798357,571.8464239619549,571.8464239619549,0.32001599088809735
275.0,0.0,0.0,183.0,0.0,1088.0,808.0,28,24.5,0.6654545454545454,0.6654545454545454,0.0,0.0,4.139737991266376,0.7426470588235294,275.0,0.0,0.0,458.0,3.367295829986474,926.0063532462804,926.0063532462804,0.19762283418300625
300.0,0.0,0.0,184.0,0.0,1075.0,795.0,7,15.58,0.6133333333333333,0.6133333333333333,0.0,0.0,3.8636363636363638,0.7395348837209302,300.0,0.0,0.0,484.0,2.0794415416798357,623.8324625039508,623.8324625039508,0.2949509861372992
300.0,0.0,0.0,184.0,0.0,1075.0,795.0,28,26.85,0.6133333333333333,0.6133333333333333,0.0,0.0,3.8636363636363638,0.7395348837209302,300.0,0.0,0.0,484.0,3.367295829986474,1010.1887489959422,1010.1887489959422,0.18214417868233362
375.0,0.0,0.0,186.0,0.0,1038.0,758.0,7,26.06,0.496,0.496,0.0,0.0,3.201426024955437,0.7302504816955684,375.0,0.0,0.0,561.0,2.0794415416798357,779.7905781299384,779.7905781299384,0.23852558009364197
375.0,0.0,0.0,186.0,0.0,1038.0,758.0,28,38.21,0.496,0.496,0.0,0.0,3.201426024955437,0.7302504816955684,375.0,0.0,0.0,561.0,3.367295829986474,1262.7359362449279,1262.7359362449279,0.14729920536919155
400.0,0.0,0.0,187.0,0.0,1025.0,745.0,28,43.7,0.4675,0.4675,0.0,0.0,3.0153321976149914,0.7268292682926829,400.0,0.0,0.0,587.0,3.367295829986474,1346.9183319945896,1346.9183319945896,0.13883544054455052
400.0,0.0,0.0,187.0,0.0,1025.0,745.0,7,30.14,0.4675,0.4675,0.0,0.0,3.0153321976149914,0.7268292682926829,400.0,0.0,0.0,587.0,2.0794415416798357,831.7766166719343,831.7766166719343,0.22481997720519684
250.0,0.0,0.0,182.0,0.0,1100.0,820.0,7,12.73,0.728,0.728,0.0,0.0,4.444444444444445,0.7454545454545455,250.0,0.0,0.0,432.0,2.0794415416798357,519.8603854199589,519.8603854199589,0.35009399658905516
250.0,0.0,0.0,182.0,0.0,1100.0,820.0,28,20.87,0.728,0.728,0.0,0.0,4.444444444444445,0.7454545454545455,250.0,0.0,0.0,432.0,3.367295829986474,841.8239574966185,841.8239574966185,0.2161972207838134
350.0,0.0,0.0,186.0,0.0,1050.0,770.0,7,20.28,0.5314285714285715,0.5314285714285715,0.0,0.0,3.3955223880597014,0.7333333333333333,350.0,0.0,0.0,536.0,2.0794415416798357,727.8045395879425,727.8045395879425,0.25556312152890215
350.0,0.0,0.0,186.0,0.0,1050.0,770.0,28,34.29,0.5314285714285715,0.5314285714285715,0.0,0.0,3.3955223880597014,0.7333333333333333,350.0,0.0,0.0,536.0,3.367295829986474,1178.553540495266,1178.553540495266,0.15782057718127668
203.5,305.3,0.0,203.5,0.0,963.4,630.0,7,19.54,1.0,0.3999606918238994,0.6000393081761006,0.0,2.2369788010669662,0.653933983807349,508.8,0.6000393081761006,0.0,712.3,2.0794415416798357,423.1663537318466,1058.0198564067005,0.19234043554828623
250.2,166.8,0.0,203.5,0.0,977.6,694.1,90,47.71,0.8133493205435652,0.4880095923261391,0.4,0.0,2.6941176470588237,0.7100040916530278,417.0,0.4,0.0,620.5,4.51085950651685,1128.6170485305158,1881.0284142175262,0.10818550026244676
157.0,236.0,0.0,192.0,0.0,935.4,781.2,90,43.38,1.2229299363057324,0.48854961832061067,0.6005089058524173,0.0,2.9343589743589744,0.8351507376523413,393.0,0.6005089058524173,0.0,585.0,4.51085950651685,708.2049425231454,1772.767786061122,0.10830521713540442
141.3,212.0,0.0,203.5,0.0,971.8,748.5,28,29.89,1.4401981599433828,0.5759977356354373,0.6000566091140673,0.0,3.0896192528735633,0.7702202099197366,353.3,0.6000566091140673,0.0,556.8,3.367295829986474,475.7989007770888,1189.6656167342214,0.17105646926119675
166.8,250.2,0.0,203.5,0.0,975.6,692.6,3,6.9,1.2200239808153477,0.4880095923261391,0.6,0.0,2.6884770346494764,0.7099220992209923,417.0,0.6,0.0,620.5,1.3862943611198906,231.23389943479776,578.0847485869944,0.35202450937758284
122.6,183.9,0.0,203.5,0.0,958.2,800.1,90,33.19,1.6598694942903753,0.6639477977161501,0.6,0.0,3.44764705882353,0.8350031308703819,306.5,0.6,0.0,510.0,4.51085950651685,553.0313754989658,1382.5784387474143,0.14718875565885906
183.9,122.6,0.0,203.5,0.0,959.2,800.0,3,4.9,1.10657966286025,0.6639477977161501,0.39999999999999997,0.0,3.4494117647058826,0.8340283569641367,306.5,0.39999999999999997,0.0,510.0,1.3862943611198906,254.9395330099479,424.8992216832465,0.4789370975871192
102.0,153.0,0.0,192.0,0.0,887.0,942.0,3,4.57,1.8823529411764706,0.7529411764705882,0.6,0.0,4.091722595078299,1.0620067643742954,255.0,0.6,0.0,447.0,1.3862943611198906,141.40202483422883,353.5050620855721,0.5431322506876097
102.0,153.0,0.0,192.0,0.0,887.0,942.0,90,25.46,1.8823529411764706,0.7529411764705882,0.6,0.0,4.091722595078299,1.0620067643742954,255.0,0.6,0.0,447.0,4.51085950651685,460.1076696647187,1150.2691741617966,0.16691745229103505
122.6,183.9,0.0,203.5,0.0,958.2,800.1,28,24.29,1.6598694942903753,0.6639477977161501,0.6,0.0,3.44764705882353,0.8350031308703819,306.5,0.6,0.0,510.0,3.367295829986474,412.8304687563417,1032.0761718908543,0.19717536897220495
166.8,250.2,0.0,203.5,0.0,975.6,692.6,28,33.95,1.2200239808153477,0.4880095923261391,0.6,0.0,2.6884770346494764,0.7099220992209923,417.0,0.6,0.0,620.5,3.367295829986474,561.664944441744,1404.1623611043597,0.14492626040762785
200.0,133.0,0.0,192.0,0.0,965.4,806.2,3,11.41,0.96,0.5765765765765766,0.3993993993993994,0.0,3.3744761904761904,0.8350942614460328,333.0,0.3993993993993994,0.0,525.0,1.3862943611198906,277.25887222397813,461.63602225292357,0.4159120838598814
108.3,162.4,0.0,203.5,0.0,938.2,849.0,28,20.59,1.8790397045244691,0.7517547100110824,0.5999261174732177,0.0,3.768873892872206,0.9049243231720315,270.7,0.5999261174732177,0.0,474.2,3.367295829986474,364.6781383875351,911.5269811773385,0.22325175688947474
305.3,203.5,0.0,203.5,0.0,965.4,631.0,7,25.89,0.6665574844415328,0.3999606918238994,0.3999606918238994,0.0,2.2411905096167346,0.6536150818313653,508.8,0.3999606918238994,0.0,712.3,2.0794415416798357,634.8535026748539,1058.0198564067005,0.19234043554828623
108.3,162.4,0.0,203.5,0.0,938.2,849.0,90,29.23,1.8790397045244691,0.7517547100110824,0.5999261174732177,0.0,3.768873892872206,0.9049243231720315,270.7,0.5999261174732177,0.0,474.2,4.51085950651685,488.5260845557748,1221.0896684141112,0.16665442781470372
116.0,173.0,0.0,192.0,0.0,909.8,891.9,90,31.02,1.6551724137931034,0.6643598615916955,0.5986159169550173,0.0,3.745738045738045,0.9803253462299407,289.0,0.5986159169550173,0.0,481.0,4.51085950651685,523.2597027559545,1303.6383973833695,0.147280104962678
141.3,212.0,0.0,203.5,0.0,971.8,748.5,7,10.39,1.4401981599433828,0.5759977356354373,0.6000566091140673,0.0,3.0896192528735633,0.7702202099197366,353.3,0.6000566091140673,0.0,556.8,2.0794415416798357,293.8250898393608,734.666696675486,0.27699635892150587
157.0,236.0,0.0,192.0,0.0,935.4,781.2,28,33.66,1.2229299363057324,0.48854961832061067,0.6005089058524173,0.0,2.9343589743589744,0.8351507376523413,393.0,0.6005089058524173,0.0,585.0,3.367295829986474,528.6654453078764,1323.3472611846844,0.14508663419767698
133.0,200.0,0.0,192.0,0.0,927.4,839.2,28,27.87,1.443609022556391,0.5765765765765766,0.6006006006006006,0.0,3.364952380952381,0.9048954065128316,333.0,0.6006006006006006,0.0,525.0,3.367295829986474,447.85034538820105,1121.3095113854959,0.17122837008915032
250.2,166.8,0.0,203.5,0.0,977.6,694.1,7,19.35,0.8133493205435652,0.4880095923261391,0.4,0.0,2.6941176470588237,0.7100040916530278,417.0,0.4,0.0,620.5,2.0794415416798357,520.2762737282949,867.1271228804915,0.2346830062517219
173.0,116.0,0.0,192.0,0.0,946.8,856.8,7,11.39,1.1098265895953756,0.6643598615916955,0.4013840830449827,0.0,3.7496881496881493,0.9049429657794676,289.0,0.4013840830449827,0.0,481.0,2.0794415416798357,359.74338671061156,600.9586055454726,0.31948955922800576
192.0,288.0,0.0,192.0,0.0,929.8,716.1,3,12.79,1.0,0.4,0.6,0.0,2.4492559523809527,0.7701656270165628,480.0,0.6,0.0,672.0,1.3862943611198906,266.168517335019,665.4212933375475,0.2885390081777927
192.0,288.0,0.0,192.0,0.0,929.8,716.1,28,39.32,1.0,0.4,0.6,0.0,2.4492559523809527,0.7701656270165628,480.0,0.6,0.0,672.0,3.367295829986474,646.520799357403,1616.3019983935076,0.11878968174934804
153.0,102.0,0.0,192.0,0.0,888.0,943.1,3,4.78,1.2549019607843137,0.7529411764705882,0.4,0.0,4.09642058165548,1.0620495495495497,255.0,0.4,0.0,447.0,1.3862943611198906,212.10303725134327,353.5050620855721,0.5431322506876097
288.0,192.0,0.0,192.0,0.0,932.0,717.8,3,16.11,0.6666666666666666,0.4,0.4,0.0,2.4550595238095236,0.7701716738197424,480.0,0.4,0.0,672.0,1.3862943611198906,399.2527760025285,665.4212933375475,0.2885390081777927
305.3,203.5,0.0,203.5,0.0,965.4,631.0,28,43.38,0.6665574844415328,0.3999606918238994,0.3999606918238994,0.0,2.2411905096167346,0.6536150818313653,508.8,0.3999606918238994,0.0,712.3,3.367295829986474,1028.0354168948707,1713.2801182971182,0.11877800823502518
236.0,157.0,0.0,192.0,0.0,972.6,749.1,7,20.42,0.8135593220338984,0.48854961832061067,0.3994910941475827,0.0,2.9430769230769234,0.770203578038248,393.0,0.3994910941475827,0.0,585.0,2.0794415416798357,490.74820383644123,817.2205258801755,0.2349427038597803
173.0,116.0,0.0,192.0,0.0,946.8,856.8,3,6.94,1.1098265895953756,0.6643598615916955,0.4013840830449827,0.0,3.7496881496881493,0.9049429657794676,289.0,0.4013840830449827,0.0,481.0,1.3862943611198906,239.82892447374107,400.6390703636484,0.4792343388420086
212.0,141.3,0.0,203.5,0.0,973.4,750.0,7,15.03,0.9599056603773585,0.5759977356354373,0.39994339088593267,0.0,3.095186781609196,0.7704951715635916,353.3,0.39994339088593267,0.0,556.8,2.0794415416798357,440.84160683612515,734.666696675486,0.27699635892150587
236.0,157.0,0.0,192.0,0.0,972.6,749.1,3,13.57,0.8135593220338984,0.48854961832061067,0.3994910941475827,0.0,2.9430769230769234,0.770203578038248,393.0,0.3994910941475827,0.0,585.0,1.3862943611198906,327.16546922429416,544.813683920117,0.35241405578967044
183.9,122.6,0.0,203.5,0.0,959.2,800.0,90,32.53,1.10657966286025,0.6639477977161501,0.39999999999999997,0.0,3.4494117647058826,0.8340283569641367,306.5,0.39999999999999997,0.0,510.0,4.51085950651685,829.5470632484487,1382.5784387474143,0.14718875565885906
166.8,250.2,0.0,203.5,0.0,975.6,692.6,7,15.75,1.2200239808153477,0.4880095923261391,0.6,0.0,2.6884770346494764,0.7099220992209923,417.0,0.6,0.0,620.5,2.0794415416798357,346.85084915219664,867.1271228804915,0.2346830062517219
102.0,153.0,0.0,192.0,0.0,887.0,942.0,7,7.68,1.8823529411764706,0.7529411764705882,0.6,0.0,4.091722595078299,1.0620067643742954,255.0,0.6,0.0,447.0,2.0794415416798357,212.10303725134324,530.2575931283582,0.3620881671250732
288.0,192.0,0.0,192.0,0.0,932.0,717.8,28,38.8,0.6666666666666666,0.4,0.4,0.0,2.4550595238095236,0.7701716738197424,480.0,0.4,0.0,672.0,3.367295829986474,969.7811990361046,1616.3019983935076,0.11878968174934804
212.0,141.3,0.0,203.5,0.0,973.4,750.0,28,33.0,0.9599056603773585,0.5759977356354373,0.39994339088593267,0.0,3.095186781609196,0.7704951715635916,353.3,0.39994339088593267,0.0,556.8,3.367295829986474,713.8667159571326,1189.6656167342214,0.17105646926119675
102.0,153.0,0.0,192.0,0.0,887.0,942.0,28,17.28,1.8823529411764706,0.7529411764705882,0.6,0.0,4.091722595078299,1.0620067643742954,255.0,0.6,0.0,447.0,3.367295829986474,343.4641746586204,858.6604366465509,0.22360410682230217
173.0,116.0,0.0,192.0,0.0,946.8,856.8,28,24.28,1.1098265895953756,0.6643598615916955,0.4013840830449827,0.0,3.7496881496881493,0.9049429657794676,289.0,0.4013840830449827,0.0,481.0,3.367295829986474,582.54217858766,973.148494866091,0.19729774131379602
183.9,122.6,0.0,203.5,0.0,959.2,800.0,28,24.05,1.10657966286025,0.6639477977161501,0.39999999999999997,0.0,3.4494117647058826,0.8340283569641367,306.5,0.39999999999999997,0.0,510.0,3.367295829986474,619.2457031345126,1032.0761718908543,0.19717536897220495
133.0,200.0,0.0,192.0,0.0,927.4,839.2,90,36.59,1.443609022556391,0.5765765765765766,0.6006006006006006,0.0,3.364952380952381,0.9048954065128316,333.0,0.6006006006006006,0.0,525.0,4.51085950651685,599.944314366741,1502.116215670111,0.12781967067331515
192.0,288.0,0.0,192.0,0.0,929.8,716.1,90,50.73,1.0,0.4,0.6,0.0,2.4492559523809527,0.7701656270165628,480.0,0.6,0.0,672.0,4.51085950651685,866.0850252512352,2165.212563128088,0.08867489652961238
133.0,200.0,0.0,192.0,0.0,927.4,839.2,7,13.66,1.443609022556391,0.5765765765765766,0.6006006006006006,0.0,3.364952380952381,0.9048954065128316,333.0,0.6006006006006006,0.0,525.0,2.0794415416798357,276.5657250434181,692.4540333793854,0.27727472257325425
305.3,203.5,0.0,203.5,0.0,965.4,631.0,3,14.14,0.6665574844415328,0.3999606918238994,0.3999606918238994,0.0,2.2411905096167346,0.6536150818313653,508.8,0.3999606918238994,0.0,712.3,1.3862943611198906,423.2356684499026,705.3465709378004,0.2885106533224293
236.0,157.0,0.0,192.0,0.0,972.6,749.1,90,47.78,0.8135593220338984,0.48854961832061067,0.3994910941475827,0.0,2.9430769230769234,0.770203578038248,393.0,0.3994910941475827,0.0,585.0,4.51085950651685,1064.5628435379765,1772.767786061122,0.10830521713540442
108.3,162.4,0.0,203.5,0.0,938.2,849.0,3,2.33,1.8790397045244691,0.7517547100110824,0.5999261174732177,0.0,3.768873892872206,0.9049243231720315,270.7,0.5999261174732177,0.0,474.2,1.3862943611198906,150.13567930928414,375.26988355515437,0.5422763960489547
157.0,236.0,0.0,192.0,0.0,935.4,781.2,7,16.89,1.2229299363057324,0.48854961832061067,0.6005089058524173,0.0,2.9343589743589744,0.8351507376523413,393.0,0.6005089058524173,0.0,585.0,2.0794415416798357,326.4723220437342,817.2205258801755,0.2349427038597803
288.0,192.0,0.0,192.0,0.0,932.0,717.8,7,23.52,0.6666666666666666,0.4,0.4,0.0,2.4550595238095236,0.7701716738197424,480.0,0.4,0.0,672.0,2.0794415416798357,598.8791640037927,998.1319400063212,0.19235933878519515
212.0,141.3,0.0,203.5,0.0,973.4,750.0,3,6.81,0.9599056603773585,0.5759977356354373,0.39994339088593267,0.0,3.095186781609196,0.7704951715635916,353.3,0.39994339088593267,0.0,556.8,1.3862943611198906,293.8944045574168,489.7777977836574,0.4154945383822588
212.0,141.3,0.0,203.5,0.0,973.4,750.0,90,39.7,0.9599056603773585,0.5759977356354373,0.39994339088593267,0.0,3.095186781609196,0.7704951715635916,353.3,0.39994339088593267,0.0,556.8,4.51085950651685,956.3022153815722,1593.686663652403,0.12769134902190857
153.0,102.0,0.0,192.0,0.0,888.0,943.1,28,17.96,1.2549019607843137,0.7529411764705882,0.4,0.0,4.09642058165548,1.0620495495495497,255.0,0.4,0.0,447.0,3.367295829986474,515.1962619879306,858.6604366465509,0.22360410682230217
236.0,157.0,0.0,192.0,0.0,972.6,749.1,28,32.88,0.8135593220338984,0.48854961832061067,0.3994910941475827,0.0,2.9430769230769234,0.770203578038248,393.0,0.3994910941475827,0.0,585.0,3.367295829986474,794.681815876808,1323.3472611846844,0.14508663419767698
116.0,173.0,0.0,192.0,0.0,909.8,891.9,28,22.35,1.6551724137931034,0.6643598615916955,0.5986159169550173,0.0,3.745738045738045,0.9803253462299407,289.0,0.5986159169550173,0.0,481.0,3.367295829986474,390.606316278431,973.148494866091,0.19729774131379602
183.9,122.6,0.0,203.5,0.0,959.2,800.0,7,10.79,1.10657966286025,0.6639477977161501,0.39999999999999997,0.0,3.4494117647058826,0.8340283569641367,306.5,0.39999999999999997,0.0,510.0,2.0794415416798357,382.4092995149218,637.3488325248696,0.3192913983914128
108.3,162.4,0.0,203.5,0.0,938.2,849.0,7,7.72,1.8790397045244691,0.7517547100110824,0.5999261174732177,0.0,3.768873892872206,0.9049243231720315,270.7,0.5999261174732177,0.0,474.2,2.0794415416798357,225.2035189639262,562.9048253327315,0.36151759736596983
203.5,305.3,0.0,203.5,0.0,963.4,630.0,28,41.68,1.0,0.3999606918238994,0.6000393081761006,0.0,2.2369788010669662,0.653933983807349,508.8,0.6000393081761006,0.0,712.3,3.367295829986474,685.2447014022475,1713.2801182971182,0.11877800823502518
203.5,305.3,0.0,203.5,0.0,963.4,630.0,3,9.56,1.0,0.3999606918238994,0.6000393081761006,0.0,2.2369788010669662,0.653933983807349,508.8,0.6000393081761006,0.0,712.3,1.3862943611198906,282.1109024878977,705.3465709378004,0.2885106533224293
133.0,200.0,0.0,192.0,0.0,927.4,839.2,3,6.88,1.443609022556391,0.5765765765765766,0.6006006006006006,0.0,3.364952380952381,0.9048954065128316,333.0,0.6006006006006006,0.0,525.0,1.3862943611198906,184.37715002894544,461.63602225292357,0.4159120838598814
288.0,192.0,0.0,192.0,0.0,932.0,717.8,90,50.53,0.6666666666666666,0.4,0.4,0.0,2.4550595238095236,0.7701716738197424,480.0,0.4,0.0,672.0,4.51085950651685,1299.1275378768528,2165.212563128088,0.08867489652961238
200.0,133.0,0.0,192.0,0.0,965.4,806.2,7,17.17,0.96,0.5765765765765766,0.3993993993993994,0.0,3.3744761904761904,0.8350942614460328,333.0,0.3993993993993994,0.0,525.0,2.0794415416798357,415.88830833596717,692.4540333793854,0.27727472257325425
200.0,133.0,0.0,192.0,0.0,965.4,806.2,28,30.44,0.96,0.5765765765765766,0.3993993993993994,0.0,3.3744761904761904,0.8350942614460328,333.0,0.3993993993993994,0.0,525.0,3.367295829986474,673.4591659972948,1121.3095113854959,0.17122837008915032
250.2,166.8,0.0,203.5,0.0,977.6,694.1,3,9.73,0.8133493205435652,0.4880095923261391,0.4,0.0,2.6941176470588237,0.7100040916530278,417.0,0.4,0.0,620.5,1.3862943611198906,346.8508491521966,578.0847485869944,0.35202450937758284
122.6,183.9,0.0,203.5,0.0,958.2,800.1,3,3.32,1.6598694942903753,0.6639477977161501,0.6,0.0,3.44764705882353,0.8350031308703819,306.5,0.6,0.0,510.0,1.3862943611198906,169.9596886732986,424.8992216832465,0.4789370975871192
153.0,102.0,0.0,192.0,0.0,888.0,943.1,90,26.32,1.2549019607843137,0.7529411764705882,0.4,0.0,4.09642058165548,1.0620495495495497,255.0,0.4,0.0,447.0,4.51085950651685,690.161504497078,1150.2691741617966,0.16691745229103505
200.0,133.0,0.0,192.0,0.0,965.4,806.2,90,43.25,0.96,0.5765765765765766,0.3993993993993994,0.0,3.3744761904761904,0.8350942614460328,333.0,0.3993993993993994,0.0,525.0,4.51085950651685,902.17190130337,1502.116215670111,0.12781967067331515
116.0,173.0,0.0,192.0,0.0,909.8,891.9,3,6.28,1.6551724137931034,0.6643598615916955,0.5986159169550173,0.0,3.745738045738045,0.9803253462299407,289.0,0.5986159169550173,0.0,481.0,1.3862943611198906,160.81014588990732,400.6390703636484,0.4792343388420086
173.0,116.0,0.0,192.0,0.0,946.8,856.8,90,32.1,1.1098265895953756,0.6643598615916955,0.4013840830449827,0.0,3.7496881496881493,0.9049429657794676,289.0,0.4013840830449827,0.0,481.0,4.51085950651685,780.378694627415,1303.6383973833695,0.147280104962678
250.2,166.8,0.0,203.5,0.0,977.6,694.1,28,36.96,0.8133493205435652,0.4880095923261391,0.4,0.0,2.6941176470588237,0.7100040916530278,417.0,0.4,0.0,620.5,3.367295829986474,842.4974166626158,1404.1623611043597,0.14492626040762785
305.3,203.5,0.0,203.5,0.0,965.4,631.0,90,54.6,0.6665574844415328,0.3999606918238994,0.3999606918238994,0.0,2.2411905096167346,0.6536150818313653,508.8,0.3999606918238994,0.0,712.3,4.51085950651685,1377.1654073395944,2295.125316915773,0.08866618240849115
192.0,288.0,0.0,192.0,0.0,929.8,716.1,7,21.48,1.0,0.4,0.6,0.0,2.4492559523809527,0.7701656270165628,480.0,0.6,0.0,672.0,2.0794415416798357,399.25277600252844,998.1319400063212,0.19235933878519515
157.0,236.0,0.0,192.0,0.0,935.4,781.2,3,9.69,1.2229299363057324,0.48854961832061067,0.6005089058524173,0.0,2.9343589743589744,0.8351507376523413,393.0,0.6005089058524173,0.0,585.0,1.3862943611198906,217.64821469582282,544.813683920117,0.35241405578967044
153.0,102.0,0.0,192.0,0.0,888.0,943.1,7,8.37,1.2549019607843137,0.7529411764705882,0.4,0.0,4.09642058165548,1.0620495495495497,255.0,0.4,0.0,447.0,2.0794415416798357,318.15455587701484,530.2575931283582,0.3620881671250732
141.3,212.0,0.0,203.5,0.0,971.8,748.5,90,39.66,1.4401981599433828,0.5759977356354373,0.6000566091140673,0.0,3.0896192528735633,0.7702202099197366,353.3,0.6000566091140673,0.0,556.8,4.51085950651685,637.384448270831,1593.686663652403,0.12769134902190857
116.0,173.0,0.0,192.0,0.0,909.8,891.9,7,10.09,1.6551724137931034,0.6643598615916955,0.5986159169550173,0.0,3.745738045738045,0.9803253462299407,289.0,0.5986159169550173,0.0,481.0,2.0794415416798357,241.21521883486093,600.9586055454726,0.31948955922800576
141.3,212.0,0.0,203.5,0.0,971.8,748.5,3,4.83,1.4401981599433828,0.5759977356354373,0.6000566091140673,0.0,3.0896192528735633,0.7702202099197366,353.3,0.6000566091140673,0.0,556.8,1.3862943611198906,195.88339322624054,489.7777977836574,0.4154945383822588
122.6,183.9,0.0,203.5,0.0,958.2,800.1,7,10.35,1.6598694942903753,0.6639477977161501,0.6,0.0,3.44764705882353,0.8350031308703819,306.5,0.6,0.0,510.0,2.0794415416798357,254.93953300994784,637.3488325248696,0.3192913983914128
166.8,250.2,0.0,203.5,0.0,975.6,692.6,90,43.57,1.2200239808153477,0.4880095923261391,0.6,0.0,2.6884770346494764,0.7099220992209923,417.0,0.6,0.0,620.5,4.51085950651685,752.4113656870106,1881.0284142175262,0.10818550026244676
203.5,305.3,0.0,203.5,0.0,963.4,630.0,90,51.86,1.0,0.3999606918238994,0.6000393081761006,0.0,2.2369788010669662,0.653933983807349,508.8,0.6000393081761006,0.0,712.3,4.51085950651685,917.9599095761789,2295.125316915773,0.08866618240849115
310.0,0.0,0.0,192.0,0.0,1012.0,830.0,3,11.85,0.6193548387096774,0.6193548387096774,0.0,0.0,3.6693227091633465,0.8201581027667985,310.0,0.0,0.0,502.0,1.3862943611198906,429.75125194716605,429.75125194716605,0.44677007717851774
310.0,0.0,0.0,192.0,0.0,1012.0,830.0,7,17.24,0.6193548387096774,0.6193548387096774,0.0,0.0,3.6693227091633465,0.8201581027667985,310.0,0.0,0.0,502.0,2.0794415416798357,644.626877920749,644.626877920749,0.29784671811901187
310.0,0.0,0.0,192.0,0.0,1012.0,830.0,28,27.83,0.6193548387096774,0.6193548387096774,0.0,0.0,3.6693227091633465,0.8201581027667985,310.0,0.0,0.0,502.0,3.367295829986474,1043.861707295807,1043.861707295807,0.1839324104506034
310.0,0.0,0.0,192.0,0.0,1012.0,830.0,90,35.76,0.6193548387096774,0.6193548387096774,0.0,0.0,3.6693227091633465,0.8201581027667985,310.0,0.0,0.0,502.0,4.51085950651685,1398.3664470202234,1398.3664470202234,0.13730306559423852
310.0,0.0,0.0,192.0,0.0,1012.0,830.0,120,38.7,0.6193548387096774,0.6193548387096774,0.0,0.0,3.6693227091633465,0.8201581027667985,310.0,0.0,0.0,502.0,4.795790545596741,1486.6950691349898,1486.6950691349898,0.12914551476363756
331.0,0.0,0.0,192.0,0.0,1025.0,821.0,3,14.31,0.5800604229607251,0.5800604229607251,0.0,0.0,3.529636711281071,0.8009756097560976,331.0,0.0,0.0,523.0,1.3862943611198906,458.8634335306838,458.8634335306838,0.4184251478106964
331.0,0.0,0.0,192.0,0.0,1025.0,821.0,7,17.44,0.5800604229607251,0.5800604229607251,0.0,0.0,3.529636711281071,0.8009756097560976,331.0,0.0,0.0,523.0,2.0794415416798357,688.2951502960257,688.2951502960257,0.27895009854046426
331.0,0.0,0.0,192.0,0.0,1025.0,821.0,28,31.74,0.5800604229607251,0.5800604229607251,0.0,0.0,3.529636711281071,0.8009756097560976,331.0,0.0,0.0,523.0,3.367295829986474,1114.574919725523,1114.574919725523,0.17226298259724188
331.0,0.0,0.0,192.0,0.0,1025.0,821.0,90,37.91,0.5800604229607251,0.5800604229607251,0.0,0.0,3.529636711281071,0.8009756097560976,331.0,0.0,0.0,523.0,4.51085950651685,1493.0944966570773,1493.0944966570773,0.12859199496741372
331.0,0.0,0.0,192.0,0.0,1025.0,821.0,120,39.38,0.5800604229607251,0.5800604229607251,0.0,0.0,3.529636711281071,0.8009756097560976,331.0,0.0,0.0,523.0,4.795790545596741,1587.4066705925213,1587.4066705925213,0.1209519926789355
349.0,0.0,0.0,192.0,0.0,1056.0,809.0,3,15.87,0.5501432664756447,0.5501432664756447,0.0,0.0,3.4473197781885396,0.7660984848484849,349.0,0.0,0.0,541.0,1.3862943611198906,483.8167320308418,483.8167320308418,0.39684448116143406
349.0,0.0,0.0,192.0,0.0,1056.0,809.0,7,9.01,0.5501432664756447,0.5501432664756447,0.0,0.0,3.4473197781885396,0.7660984848484849,349.0,0.0,0.0,541.0,2.0794415416798357,725.7250980462627,725.7250980462627,0.2645629874409561
349.0,0.0,0.0,192.0,0.0,1056.0,809.0,28,33.61,0.5501432664756447,0.5501432664756447,0.0,0.0,3.4473197781885396,0.7660984848484849,349.0,0.0,0.0,541.0,3.367295829986474,1175.1862446652794,1175.1862446652794,0.1633783588529715
349.0,0.0,0.0,192.0,0.0,1056.0,809.0,90,40.66,0.5501432664756447,0.5501432664756447,0.0,0.0,3.4473197781885396,0.7660984848484849,349.0,0.0,0.0,541.0,4.51085950651685,1574.2899677743806,1574.2899677743806,0.12195974307797691
349.0,0.0,0.0,192.0,0.0,1056.0,809.0,120,40.86,0.5501432664756447,0.5501432664756447,0.0,0.0,3.4473197781885396,0.7660984848484849,349.0,0.0,0.0,541.0,4.795790545596741,1673.7309004132628,1673.7309004132628,0.11471378102214225
238.0,0.0,0.0,186.0,0.0,1119.0,789.0,7,12.05,0.7815126050420168,0.7815126050420168,0.0,0.0,4.5,0.7050938337801609,238.0,0.0,0.0,424.0,2.0794415416798357,494.9070869198009,494.9070869198009,0.3758281198954443
238.0,0.0,0.0,186.0,0.0,1119.0,789.0,28,17.54,0.7815126050420168,0.7815126050420168,0.0,0.0,4.5,0.7050938337801609,238.0,0.0,0.0,424.0,3.367295829986474,801.4164075367809,801.4164075367809,0.23208908409011275
296.0,0.0,0.0,186.0,0.0,1090.0,769.0,7,18.91,0.6283783783783784,0.6283783783783784,0.0,0.0,3.8568464730290457,0.7055045871559633,296.0,0.0,0.0,482.0,2.0794415416798357,615.5146963372314,615.5146963372314,0.30218612342944506
296.0,0.0,0.0,186.0,0.0,1090.0,769.0,28,25.18,0.6283783783783784,0.6283783783783784,0.0,0.0,3.8568464730290457,0.7055045871559633,296.0,0.0,0.0,482.0,3.367295829986474,996.7195656759964,996.7195656759964,0.18661216896434743
297.0,0.0,0.0,186.0,0.0,1040.0,734.0,7,30.96,0.6262626262626263,0.6262626262626263,0.0,0.0,3.6728778467908905,0.7057692307692308,297.0,0.0,0.0,483.0,2.0794415416798357,617.5941378789112,617.5941378789112,0.30116866173439644
480.0,0.0,0.0,192.0,0.0,936.0,721.0,28,43.89,0.4,0.4,0.0,0.0,2.4657738095238093,0.7702991452991453,480.0,0.0,0.0,672.0,3.367295829986474,1616.3019983935076,1616.3019983935076,0.11878968174934804
480.0,0.0,0.0,192.0,0.0,936.0,721.0,90,54.28,0.4,0.4,0.0,0.0,2.4657738095238093,0.7702991452991453,480.0,0.0,0.0,672.0,4.51085950651685,2165.212563128088,2165.212563128088,0.08867489652961238
397.0,0.0,0.0,186.0,0.0,1040.0,734.0,28,36.94,0.46851385390428213,0.46851385390428213,0.0,0.0,3.0428816466552315,0.7057692307692308,397.0,0.0,0.0,583.0,3.367295829986474,1336.8164445046302,1336.8164445046302,0.13913652900112553
281.0,0.0,0.0,186.0,0.0,1104.0,774.0,7,14.5,0.6619217081850534,0.6619217081850534,0.0,0.0,4.0214132762312635,0.7010869565217391,281.0,0.0,0.0,467.0,2.0794415416798357,584.3230732120338,584.3230732120338,0.3183170552851094
281.0,0.0,0.0,185.0,0.0,1104.0,774.0,28,22.44,0.6583629893238434,0.6583629893238434,0.0,0.0,4.030042918454936,0.7010869565217391,281.0,0.0,0.0,466.0,3.367295829986474,946.2101282261992,946.2101282261992,0.19551682494332193
500.0,0.0,0.0,200.0,0.0,1125.0,613.0,1,12.64,0.4,0.4,0.0,0.0,2.4828571428571427,0.5448888888888889,500.0,0.0,0.0,700.0,0.6931471805599453,346.5735902799726,346.5735902799726,0.5770780163555854
500.0,0.0,0.0,200.0,0.0,1125.0,613.0,3,26.06,0.4,0.4,0.0,0.0,2.4828571428571427,0.5448888888888889,500.0,0.0,0.0,700.0,1.3862943611198906,693.1471805599452,693.1471805599452,0.2885390081777927
500.0,0.0,0.0,200.0,0.0,1125.0,613.0,7,33.21,0.4,0.4,0.0,0.0,2.4828571428571427,0.5448888888888889,500.0,0.0,0.0,700.0,2.0794415416798357,1039.7207708399178,1039.7207708399178,0.19235933878519515
500.0,0.0,0.0,200.0,0.0,1125.0,613.0,14,36.94,0.4,0.4,0.0,0.0,2.4828571428571427,0.5448888888888889,500.0,0.0,0.0,700.0,2.70805020110221,1354.025100551105,1354.025100551105,0.14770774922754204
500.0,0.0,0.0,200.0,0.0,1125.0,613.0,28,44.09,0.4,0.4,0.0,0.0,2.4828571428571427,0.5448888888888889,500.0,0.0,0.0,700.0,3.367295829986474,1683.647914993237,1683.647914993237,0.11878968174934804
540.0,0.0,0.0,173.0,0.0,1125.0,613.0,7,52.61,0.32037037037037036,0.32037037037037036,0.0,0.0,2.4375876577840114,0.5448888888888889,540.0,0.0,0.0,713.0,2.0794415416798357,1122.8984325071112,1122.8984325071112,0.1540655815270313
540.0,0.0,0.0,173.0,0.0,1125.0,613.0,14,59.76,0.32037037037037036,0.32037037037037036,0.0,0.0,2.4375876577840114,0.5448888888888889,540.0,0.0,0.0,713.0,2.70805020110221,1462.3471085951935,1462.3471085951935,0.11830296581650357
540.0,0.0,0.0,173.0,0.0,1125.0,613.0,28,67.31,0.32037037037037036,0.32037037037037036,0.0,0.0,2.4375876577840114,0.5448888888888889,540.0,0.0,0.0,713.0,3.367295829986474,1818.339748192696,1818.339748192696,0.09514173584554263
540.0,0.0,0.0,173.0,0.0,1125.0,613.0,90,69.66,0.32037037037037036,0.32037037037037036,0.0,0.0,2.4375876577840114,0.5448888888888889,540.0,0.0,0.0,713.0,4.51085950651685,2435.8641335190987,2435.8641335190987,0.07102202360936546
540.0,0.0,0.0,173.0,0.0,1125.0,613.0,180,71.62,0.32037037037037036,0.32037037037037036,0.0,0.0,2.4375876577840114,0.5448888888888889,540.0,0.0,0.0,713.0,5.198497031265826,2807.188396883546,2807.188396883546,0.06162749895662837
540.0,0.0,0.0,173.0,0.0,1125.0,613.0,270,74.17,0.32037037037037036,0.32037037037037036,0.0,0.0,2.4375876577840114,0.5448888888888889,540.0,0.0,0.0,713.0,5.602118820879701,3025.1441632750384,3025.1441632750384,0.0571873572506737
350.0,0.0,0.0,203.0,0.0,974.0,775.0,7,18.13,0.58,0.58,0.0,0.0,3.162748643761302,0.795687885010267,350.0,0.0,0.0,553.0,2.0794415416798357,727.8045395879425,727.8045395879425,0.27892104123853295
350.0,0.0,0.0,203.0,0.0,974.0,775.0,14,22.53,0.58,0.58,0.0,0.0,3.162748643761302,0.795687885010267,350.0,0.0,0.0,553.0,2.70805020110221,947.8175703857735,947.8175703857735,0.21417623637993594
350.0,0.0,0.0,203.0,0.0,974.0,775.0,28,27.34,0.58,0.58,0.0,0.0,3.162748643761302,0.795687885010267,350.0,0.0,0.0,553.0,3.367295829986474,1178.553540495266,1178.553540495266,0.17224503853655462
350.0,0.0,0.0,203.0,0.0,974.0,775.0,56,29.98,0.58,0.58,0.0,0.0,3.162748643761302,0.795687885010267,350.0,0.0,0.0,553.0,4.04305126783455,1415.0679437420927,1415.0679437420927,0.1434560092310298
350.0,0.0,0.0,203.0,0.0,974.0,775.0,90,31.35,0.58,0.58,0.0,0.0,3.162748643761302,0.795687885010267,350.0,0.0,0.0,553.0,4.51085950651685,1578.8008272808975,1578.8008272808975,0.12857859996793794
350.0,0.0,0.0,203.0,0.0,974.0,775.0,180,32.72,0.58,0.58,0.0,0.0,3.162748643761302,0.795687885010267,350.0,0.0,0.0,553.0,5.198497031265826,1819.4739609430392,1819.4739609430392,0.11157070909373412
385.0,0.0,0.0,186.0,0.0,966.0,763.0,1,6.27,0.4831168831168831,0.4831168831168831,0.0,0.0,3.0280210157618215,0.7898550724637681,385.0,0.0,0.0,571.0,0.6931471805599453,266.8616645155789,266.8616645155789,0.6969903314424603
385.0,0.0,0.0,186.0,0.0,966.0,763.0,3,14.7,0.4831168831168831,0.4831168831168831,0.0,0.0,3.0280210157618215,0.7898550724637681,385.0,0.0,0.0,571.0,1.3862943611198906,533.7233290311578,533.7233290311578,0.3484951657212301
385.0,0.0,0.0,186.0,0.0,966.0,763.0,7,23.22,0.4831168831168831,0.4831168831168831,0.0,0.0,3.0280210157618215,0.7898550724637681,385.0,0.0,0.0,571.0,2.0794415416798357,800.5849935467368,800.5849935467368,0.2323301104808201
385.0,0.0,0.0,186.0,0.0,966.0,763.0,14,27.92,0.4831168831168831,0.4831168831168831,0.0,0.0,3.0280210157618215,0.7898550724637681,385.0,0.0,0.0,571.0,2.70805020110221,1042.5993274243508,1042.5993274243508,0.17840026854755076
385.0,0.0,0.0,186.0,0.0,966.0,763.0,28,31.35,0.4831168831168831,0.4831168831168831,0.0,0.0,3.0280210157618215,0.7898550724637681,385.0,0.0,0.0,571.0,3.367295829986474,1296.4088945447925,1296.4088945447925,0.14347325198297878
331.0,0.0,0.0,192.0,0.0,978.0,825.0,180,39.0,0.5800604229607251,0.5800604229607251,0.0,0.0,3.447418738049713,0.843558282208589,331.0,0.0,0.0,523.0,5.198497031265826,1720.7025173489885,1720.7025173489885,0.11158233225334387
331.0,0.0,0.0,192.0,0.0,978.0,825.0,360,41.24,0.5800604229607251,0.5800604229607251,0.0,0.0,3.447418738049713,0.843558282208589,331.0,0.0,0.0,523.0,5.8888779583328805,1949.2186042081835,1949.2186042081835,0.09850100937139103
349.0,0.0,0.0,192.0,0.0,1047.0,806.0,3,14.99,0.5501432664756447,0.5501432664756447,0.0,0.0,3.425138632162662,0.76981852913085,349.0,0.0,0.0,541.0,1.3862943611198906,483.8167320308418,483.8167320308418,0.39684448116143406
331.0,0.0,0.0,192.0,0.0,978.0,825.0,3,13.52,0.5800604229607251,0.5800604229607251,0.0,0.0,3.447418738049713,0.843558282208589,331.0,0.0,0.0,523.0,1.3862943611198906,458.8634335306838,458.8634335306838,0.4184251478106964
382.0,0.0,0.0,186.0,0.0,1047.0,739.0,7,24.0,0.4869109947643979,0.4869109947643979,0.0,0.0,3.1443661971830985,0.7058261700095511,382.0,0.0,0.0,568.0,2.0794415416798357,794.3466689216973,794.3466689216973,0.234154692500303
382.0,0.0,0.0,186.0,0.0,1047.0,739.0,28,37.42,0.4869109947643979,0.4869109947643979,0.0,0.0,3.1443661971830985,0.7058261700095511,382.0,0.0,0.0,568.0,3.367295829986474,1286.307007054833,1286.307007054833,0.14460000527080324
382.0,0.0,0.0,186.0,0.0,1111.0,784.0,7,11.47,0.4869109947643979,0.4869109947643979,0.0,0.0,3.336267605633803,0.7056705670567057,382.0,0.0,0.0,568.0,2.0794415416798357,794.3466689216973,794.3466689216973,0.234154692500303
281.0,0.0,0.0,186.0,0.0,1104.0,774.0,28,22.44,0.6619217081850534,0.6619217081850534,0.0,0.0,4.0214132762312635,0.7010869565217391,281.0,0.0,0.0,467.0,3.367295829986474,946.2101282261992,946.2101282261992,0.19657367264571826
339.0,0.0,0.0,185.0,0.0,1069.0,754.0,7,21.16,0.5457227138643068,0.5457227138643068,0.0,0.0,3.4790076335877864,0.7053320860617399,339.0,0.0,0.0,524.0,2.0794415416798357,704.9306826294643,704.9306826294643,0.26243715099750076
339.0,0.0,0.0,185.0,0.0,1069.0,754.0,28,31.84,0.5457227138643068,0.5457227138643068,0.0,0.0,3.4790076335877864,0.7053320860617399,339.0,0.0,0.0,524.0,3.367295829986474,1141.5132863654148,1141.5132863654148,0.1620655687583288
295.0,0.0,0.0,185.0,0.0,1069.0,769.0,7,14.8,0.6271186440677966,0.6271186440677966,0.0,0.0,3.8291666666666666,0.7193638914873713,295.0,0.0,0.0,480.0,2.0794415416798357,613.4352547955516,613.4352547955516,0.30158031928187373
295.0,0.0,0.0,185.0,0.0,1069.0,769.0,28,25.18,0.6271186440677966,0.6271186440677966,0.0,0.0,3.8291666666666666,0.7193638914873713,295.0,0.0,0.0,480.0,3.367295829986474,993.3522698460099,993.3522698460099,0.18623806036974055
238.0,0.0,0.0,185.0,0.0,1118.0,789.0,28,17.54,0.7773109243697479,0.7773109243697479,0.0,0.0,4.508274231678487,0.7057245080500895,238.0,0.0,0.0,423.0,3.367295829986474,801.4164075367809,801.4164075367809,0.23084129331543474
296.0,0.0,0.0,192.0,0.0,1085.0,765.0,7,14.2,0.6486486486486487,0.6486486486486487,0.0,0.0,3.790983606557377,0.7050691244239631,296.0,0.0,0.0,488.0,2.0794415416798357,615.5146963372314,615.5146963372314,0.31193406289491105
296.0,0.0,0.0,192.0,0.0,1085.0,765.0,28,21.65,0.6486486486486487,0.6486486486486487,0.0,0.0,3.790983606557377,0.7050691244239631,296.0,0.0,0.0,488.0,3.367295829986474,996.7195656759964,996.7195656759964,0.1926319163502941
296.0,0.0,0.0,192.0,0.0,1085.0,765.0,90,29.39,0.6486486486486487,0.6486486486486487,0.0,0.0,3.790983606557377,0.7050691244239631,296.0,0.0,0.0,488.0,4.51085950651685,1335.2144139289876,1335.2144139289876,0.14379712950747953
331.0,0.0,0.0,192.0,0.0,879.0,825.0,3,13.52,0.5800604229607251,0.5800604229607251,0.0,0.0,3.2581261950286806,0.9385665529010239,331.0,0.0,0.0,523.0,1.3862943611198906,458.8634335306838,458.8634335306838,0.4184251478106964
331.0,0.0,0.0,192.0,0.0,978.0,825.0,7,16.26,0.5800604229607251,0.5800604229607251,0.0,0.0,3.447418738049713,0.843558282208589,331.0,0.0,0.0,523.0,2.0794415416798357,688.2951502960257,688.2951502960257,0.27895009854046426
331.0,0.0,0.0,192.0,0.0,978.0,825.0,28,31.45,0.5800604229607251,0.5800604229607251,0.0,0.0,3.447418738049713,0.843558282208589,331.0,0.0,0.0,523.0,3.367295829986474,1114.574919725523,1114.574919725523,0.17226298259724188
331.0,0.0,0.0,192.0,0.0,978.0,825.0,90,37.23,0.5800604229607251,0.5800604229607251,0.0,0.0,3.447418738049713,0.843558282208589,331.0,0.0,0.0,523.0,4.51085950651685,1493.0944966570773,1493.0944966570773,0.12859199496741372
349.0,0.0,0.0,192.0,0.0,1047.0,806.0,7,18.13,0.5501432664756447,0.5501432664756447,0.0,0.0,3.425138632162662,0.76981852913085,349.0,0.0,0.0,541.0,2.0794415416798357,725.7250980462627,725.7250980462627,0.2645629874409561
349.0,0.0,0.0,192.0,0.0,1047.0,806.0,28,32.72,0.5501432664756447,0.5501432664756447,0.0,0.0,3.425138632162662,0.76981852913085,349.0,0.0,0.0,541.0,3.367295829986474,1175.1862446652794,1175.1862446652794,0.1633783588529715
349.0,0.0,0.0,192.0,0.0,1047.0,806.0,90,39.49,0.5501432664756447,0.5501432664756447,0.0,0.0,3.425138632162662,0.76981852913085,349.0,0.0,0.0,541.0,4.51085950651685,1574.2899677743806,1574.2899677743806,0.12195974307797691
349.0,0.0,0.0,192.0,0.0,1047.0,806.0,180,41.05,0.5501432664756447,0.5501432664756447,0.0,0.0,3.425138632162662,0.76981852913085,349.0,0.0,0.0,541.0,5.198497031265826,1814.2754639117734,1814.2754639117734,0.10582736955832898
349.0,0.0,0.0,192.0,0.0,1047.0,806.0,360,42.13,0.5501432664756447,0.5501432664756447,0.0,0.0,3.425138632162662,0.76981852913085,349.0,0.0,0.0,541.0,5.8888779583328805,2055.218407458175,2055.218407458175,0.09342072808576053
302.0,0.0,0.0,203.0,0.0,974.0,817.0,14,18.13,0.6721854304635762,0.6721854304635762,0.0,0.0,3.5465346534653466,0.8388090349075975,302.0,0.0,0.0,505.0,2.70805020110221,817.8311607328675,817.8311607328675,0.24821749249330324
302.0,0.0,0.0,203.0,0.0,974.0,817.0,180,26.74,0.6721854304635762,0.6721854304635762,0.0,0.0,3.5465346534653466,0.8388090349075975,302.0,0.0,0.0,505.0,5.198497031265826,1569.9461034422795,1569.9461034422795,0.12930380192982432
525.0,0.0,0.0,189.0,0.0,1125.0,613.0,180,61.92,0.36,0.36,0.0,0.0,2.434173669467787,0.5448888888888889,525.0,0.0,0.0,714.0,5.198497031265826,2729.210941414559,2729.210941414559,0.06925078495473153
500.0,0.0,0.0,200.0,0.0,1125.0,613.0,90,47.22,0.4,0.4,0.0,0.0,2.4828571428571427,0.5448888888888889,500.0,0.0,0.0,700.0,4.51085950651685,2255.429753258425,2255.429753258425,0.08867489652961238
500.0,0.0,0.0,200.0,0.0,1125.0,613.0,180,51.04,0.4,0.4,0.0,0.0,2.4828571428571427,0.5448888888888889,500.0,0.0,0.0,700.0,5.198497031265826,2599.248515632913,2599.248515632913,0.07694531661636837
500.0,0.0,0.0,200.0,0.0,1125.0,613.0,270,55.16,0.4,0.4,0.0,0.0,2.4828571428571427,0.5448888888888889,500.0,0.0,0.0,700.0,5.602118820879701,2801.0594104398506,2801.0594104398506,0.07140155587367353
540.0,0.0,0.0,173.0,0.0,1125.0,613.0,3,41.64,0.32037037037037036,0.32037037037037036,0.0,0.0,2.4375876577840114,0.5448888888888889,540.0,0.0,0.0,713.0,1.3862943611198906,748.5989550047409,748.5989550047409,0.23109837229054692
252.0,0.0,0.0,185.0,0.0,1111.0,784.0,7,13.71,0.7341269841269841,0.7341269841269841,0.0,0.0,4.336384439359268,0.7056705670567057,252.0,0.0,0.0,437.0,2.0794415416798357,524.0192685033186,524.0192685033186,0.35304045312759025
252.0,0.0,0.0,185.0,0.0,1111.0,784.0,28,19.69,0.7341269841269841,0.7341269841269841,0.0,0.0,4.336384439359268,0.7056705670567057,252.0,0.0,0.0,437.0,3.367295829986474,848.5585491565915,848.5585491565915,0.21801677702013278
339.0,0.0,0.0,185.0,0.0,1060.0,754.0,28,31.65,0.5457227138643068,0.5457227138643068,0.0,0.0,3.4618320610687023,0.7113207547169811,339.0,0.0,0.0,524.0,3.367295829986474,1141.5132863654148,1141.5132863654148,0.1620655687583288
393.0,0.0,0.0,192.0,0.0,940.0,758.0,3,19.11,0.48854961832061067,0.48854961832061067,0.0,0.0,2.9025641025641025,0.8063829787234043,393.0,0.0,0.0,585.0,1.3862943611198906,544.813683920117,544.813683920117,0.35241405578967044
393.0,0.0,0.0,192.0,0.0,940.0,758.0,28,39.58,0.48854961832061067,0.48854961832061067,0.0,0.0,2.9025641025641025,0.8063829787234043,393.0,0.0,0.0,585.0,3.367295829986474,1323.3472611846844,1323.3472611846844,0.14508663419767698
393.0,0.0,0.0,192.0,0.0,940.0,758.0,90,48.79,0.48854961832061067,0.48854961832061067,0.0,0.0,2.9025641025641025,0.8063829787234043,393.0,0.0,0.0,585.0,4.51085950651685,1772.767786061122,1772.767786061122,0.10830521713540442
382.0,0.0,0.0,185.0,0.0,1047.0,739.0,7,24.0,0.48429319371727747,0.48429319371727747,0.0,0.0,3.1499118165784834,0.7058261700095511,382.0,0.0,0.0,567.0,2.0794415416798357,794.3466689216973,794.3466689216973,0.2328957963040648
382.0,0.0,0.0,185.0,0.0,1047.0,739.0,28,37.42,0.48429319371727747,0.48429319371727747,0.0,0.0,3.1499118165784834,0.7058261700095511,382.0,0.0,0.0,567.0,3.367295829986474,1286.307007054833,1286.307007054833,0.14382258588762686
252.0,0.0,0.0,186.0,0.0,1111.0,784.0,7,11.47,0.7380952380952381,0.7380952380952381,0.0,0.0,4.32648401826484,0.7056705670567057,252.0,0.0,0.0,438.0,2.0794415416798357,524.0192685033186,524.0192685033186,0.35494877990125295
252.0,0.0,0.0,185.0,0.0,1111.0,784.0,28,19.69,0.7341269841269841,0.7341269841269841,0.0,0.0,4.336384439359268,0.7056705670567057,252.0,0.0,0.0,437.0,3.367295829986474,848.5585491565915,848.5585491565915,0.21801677702013278
310.0,0.0,0.0,192.0,0.0,970.0,850.0,7,14.99,0.6193548387096774,0.6193548387096774,0.0,0.0,3.6254980079681274,0.8762886597938144,310.0,0.0,0.0,502.0,2.0794415416798357,644.626877920749,644.626877920749,0.29784671811901187
310.0,0.0,0.0,192.0,0.0,970.0,850.0,28,27.92,0.6193548387096774,0.6193548387096774,0.0,0.0,3.6254980079681274,0.8762886597938144,310.0,0.0,0.0,502.0,3.367295829986474,1043.861707295807,1043.861707295807,0.1839324104506034
310.0,0.0,0.0,192.0,0.0,970.0,850.0,90,34.68,0.6193548387096774,0.6193548387096774,0.0,0.0,3.6254980079681274,0.8762886597938144,310.0,0.0,0.0,502.0,4.51085950651685,1398.3664470202234,1398.3664470202234,0.13730306559423852
310.0,0.0,0.0,192.0,0.0,970.0,850.0,180,37.33,0.6193548387096774,0.6193548387096774,0.0,0.0,3.6254980079681274,0.8762886597938144,310.0,0.0,0.0,502.0,5.198497031265826,1611.534079692406,1611.534079692406,0.11914113540598974
310.0,0.0,0.0,192.0,0.0,970.0,850.0,360,38.11,0.6193548387096774,0.6193548387096774,0.0,0.0,3.6254980079681274,0.8762886597938144,310.0,0.0,0.0,502.0,5.8888779583328805,1825.552167083193,1825.552167083193,0.10517365839332396
525.0,0.0,0.0,189.0,0.0,1125.0,613.0,3,33.8,0.36,0.36,0.0,0.0,2.434173669467787,0.5448888888888889,525.0,0.0,0.0,714.0,1.3862943611198906,727.8045395879426,727.8045395879426,0.25968510736001343
525.0,0.0,0.0,189.0,0.0,1125.0,613.0,7,42.42,0.36,0.36,0.0,0.0,2.434173669467787,0.5448888888888889,525.0,0.0,0.0,714.0,2.0794415416798357,1091.7068093819137,1091.7068093819137,0.1731234049066756
525.0,0.0,0.0,189.0,0.0,1125.0,613.0,14,48.4,0.36,0.36,0.0,0.0,2.434173669467787,0.5448888888888889,525.0,0.0,0.0,714.0,2.70805020110221,1421.7263555786603,1421.7263555786603,0.13293697430478782
525.0,0.0,0.0,189.0,0.0,1125.0,613.0,28,55.94,0.36,0.36,0.0,0.0,2.434173669467787,0.5448888888888889,525.0,0.0,0.0,714.0,3.367295829986474,1767.830310742899,1767.830310742899,0.10691071357441323
525.0,0.0,0.0,189.0,0.0,1125.0,613.0,90,58.78,0.36,0.36,0.0,0.0,2.434173669467787,0.5448888888888889,525.0,0.0,0.0,714.0,4.51085950651685,2368.201240921346,2368.201240921346,0.07980740687665114
525.0,0.0,0.0,189.0,0.0,1125.0,613.0,270,67.11,0.36,0.36,0.0,0.0,2.434173669467787,0.5448888888888889,525.0,0.0,0.0,714.0,5.602118820879701,2941.112380961843,2941.112380961843,0.06426140028630617
322.0,0.0,0.0,203.0,0.0,974.0,800.0,14,20.77,0.6304347826086957,0.6304347826086957,0.0,0.0,3.379047619047619,0.8213552361396304,322.0,0.0,0.0,525.0,2.70805020110221,871.9921647549116,871.9921647549116,0.23280025693471298
322.0,0.0,0.0,203.0,0.0,974.0,800.0,28,25.18,0.6304347826086957,0.6304347826086957,0.0,0.0,3.379047619047619,0.8213552361396304,322.0,0.0,0.0,525.0,3.367295829986474,1084.2692572556446,1084.2692572556446,0.18722286797451593
322.0,0.0,0.0,203.0,0.0,974.0,800.0,180,29.59,0.6304347826086957,0.6304347826086957,0.0,0.0,3.379047619047619,0.8213552361396304,322.0,0.0,0.0,525.0,5.198497031265826,1673.916044067596,1673.916044067596,0.12127250988449363
302.0,0.0,0.0,203.0,0.0,974.0,817.0,28,21.75,0.6721854304635762,0.6721854304635762,0.0,0.0,3.5465346534653466,0.8388090349075975,302.0,0.0,0.0,505.0,3.367295829986474,1016.9233406559152,1016.9233406559152,0.1996217334032918
397.0,0.0,0.0,185.0,0.0,1040.0,734.0,28,39.09,0.4659949622166247,0.4659949622166247,0.0,0.0,3.0481099656357387,0.7057692307692308,397.0,0.0,0.0,582.0,3.367295829986474,1336.8164445046302,1336.8164445046302,0.13838848314628077
480.0,0.0,0.0,192.0,0.0,936.0,721.0,3,24.39,0.4,0.4,0.0,0.0,2.4657738095238093,0.7702991452991453,480.0,0.0,0.0,672.0,1.3862943611198906,665.4212933375475,665.4212933375475,0.2885390081777927
522.0,0.0,0.0,146.0,0.0,896.0,896.0,7,50.51,0.2796934865900383,0.2796934865900383,0.0,0.0,2.682634730538922,1.0,522.0,0.0,0.0,668.0,2.0794415416798357,1085.4684847568742,1085.4684847568742,0.13450413535746403
522.0,0.0,0.0,146.0,0.0,896.0,896.0,28,74.99,0.2796934865900383,0.2796934865900383,0.0,0.0,2.682634730538922,1.0,522.0,0.0,0.0,668.0,3.367295829986474,1757.7284232529396,1757.7284232529396,0.08306175064849047
273.0,105.0,82.0,210.0,9.0,904.0,680.0,28,37.17,0.7692307692307693,0.45652173913043476,0.22826086956521738,0.1782608695652174,2.364179104477612,0.7522123893805309,460.0,0.40652173913043477,0.01956521739130435,679.0,3.367295829986474,919.2717615863074,1548.9560817937781,0.13557518025740808
162.0,190.0,148.0,179.0,19.0,838.0,741.0,28,33.76,1.1049382716049383,0.358,0.38,0.296,2.325478645066274,0.8842482100238663,500.0,0.676,0.038,698.0,3.367295829986474,545.5019244578089,1683.647914993237,0.10631676516566649
154.0,144.0,112.0,220.0,10.0,923.0,658.0,28,16.5,1.4285714285714286,0.5365853658536586,0.35121951219512193,0.2731707317073171,2.5095238095238095,0.7128927410617552,410.0,0.624390243902439,0.024390243902439025,640.0,3.367295829986474,518.5635578179171,1380.5912902944544,0.15935201210278396
147.0,115.0,89.0,202.0,9.0,860.0,829.0,28,19.99,1.3741496598639455,0.5754985754985755,0.32763532763532766,0.2535612535612536,3.054249547920434,0.963953488372093,351.0,0.5811965811965812,0.02564102564102564,562.0,3.367295829986474,494.9924870080117,1181.9208363252524,0.17090823157669732
152.0,178.0,139.0,168.0,18.0,944.0,695.0,28,36.35,1.105263157894737,0.3582089552238806,0.3795309168443497,0.29637526652452023,2.572998430141287,0.736228813559322,469.0,0.67590618336887,0.03837953091684435,655.0,3.367295829986474,511.8289661579441,1579.2617442636563,0.10637881947702808
310.0,143.0,111.0,168.0,22.0,914.0,651.0,28,33.69,0.5419354838709678,0.2978723404255319,0.25354609929078015,0.19680851063829788,2.137978142076503,0.712253829321663,564.0,0.450354609929078,0.03900709219858156,754.0,3.367295829986474,1043.861707295807,1899.1548481123714,0.08846040130270598
144.0,0.0,175.0,158.0,18.0,943.0,844.0,28,15.42,1.0972222222222223,0.4952978056426332,0.0,0.54858934169279,3.7463312368972748,0.8950159066808059,319.0,0.54858934169279,0.05642633228840126,495.0,3.367295829986474,484.8905995180523,1074.1673697656852,0.14709067175859708
304.0,140.0,0.0,214.0,6.0,895.0,722.0,28,33.42,0.7039473684210527,0.481981981981982,0.3153153153153153,0.0,2.4574468085106385,0.8067039106145252,444.0,0.3153153153153153,0.013513513513513514,664.0,3.367295829986474,1023.6579323158882,1495.0793485139945,0.1431362156213991
374.0,0.0,0.0,190.0,7.0,1013.0,730.0,28,39.05,0.5080213903743316,0.5080213903743316,0.0,0.0,3.0904255319148937,0.7206317867719645,374.0,0.0,0.01871657754010695,571.0,3.367295829986474,1259.3686404149414,1259.3686404149414,0.15086924821107037
159.0,149.0,116.0,175.0,15.0,953.0,720.0,28,27.68,1.10062893081761,0.41273584905660377,0.35141509433962265,0.27358490566037735,2.7929883138564273,0.7555089192025184,424.0,0.625,0.03537735849056604,614.0,3.367295829986474,535.4000369678494,1427.733431914265,0.12257190038995228
153.0,239.0,0.0,200.0,6.0,1002.0,684.0,28,26.86,1.3071895424836601,0.5102040816326531,0.6096938775510204,0.0,2.847972972972973,0.6826347305389222,392.0,0.6096938775510204,0.015306122448979591,598.0,3.367295829986474,515.1962619879306,1319.979965354698,0.1515174512109031
310.0,143.0,0.0,168.0,10.0,914.0,804.0,28,45.3,0.5419354838709678,0.3708609271523179,0.31567328918322296,0.0,2.7665056360708533,0.8796498905908097,453.0,0.31567328918322296,0.02207505518763797,631.0,3.367295829986474,1043.861707295807,1525.3850109838727,0.11013612877422997
305.0,0.0,100.0,196.0,10.0,959.0,705.0,28,30.12,0.6426229508196721,0.4839506172839506,0.0,0.24691358024691357,2.7687188019966724,0.735140771637122,405.0,0.24691358024691357,0.024691358024691357,611.0,3.367295829986474,1027.0252281458745,1363.7548111445221,0.14372084952390254
151.0,0.0,184.0,167.0,12.0,991.0,772.0,28,15.57,1.1059602649006623,0.49850746268656715,0.0,0.5492537313432836,3.5119521912350598,0.7790110998990918,335.0,0.5492537313432836,0.03582089552238806,514.0,3.367295829986474,508.4616703279576,1128.0441030454688,0.14804385710553075
142.0,167.0,130.0,174.0,11.0,883.0,785.0,28,44.61,1.2253521126760563,0.39635535307517084,0.3804100227790433,0.296127562642369,2.721044045676998,0.8890147225368064,439.0,0.6765375854214123,0.025056947608200455,624.0,3.367295829986474,478.1560078580793,1478.2428693640622,0.11770731562862503
298.0,137.0,107.0,201.0,6.0,878.0,655.0,28,53.52,0.674496644295302,0.37084870848708484,0.25276752767527677,0.1974169741697417,2.063257065948856,0.7460136674259681,542.0,0.45018450184501846,0.01107011070110701,749.0,3.367295829986474,1003.4541573359693,1825.074339852669,0.11013250014584387
321.0,164.0,0.0,190.0,5.0,870.0,774.0,28,57.21,0.5919003115264797,0.3917525773195876,0.33814432989690724,0.0,2.4355555555555557,0.8896551724137931,485.0,0.33814432989690724,0.010309278350515464,680.0,3.367295829986474,1080.901961425658,1633.1384775434399,0.11634040996070168
366.0,187.0,0.0,191.0,7.0,824.0,757.0,28,65.91,0.5218579234972678,0.3453887884267631,0.33815551537070526,0.0,2.125,0.9186893203883495,553.0,0.33815551537070526,0.012658227848101266,751.0,3.367295829986474,1232.4302737750495,1862.11459398252,0.10257156064252024
280.0,129.0,100.0,172.0,9.0,825.0,805.0,28,52.82,0.6142857142857143,0.3379174852652259,0.25343811394891946,0.19646365422396855,2.393538913362702,0.9757575757575757,509.0,0.449901768172888,0.01768172888015717,690.0,3.367295829986474,942.8428323962128,1713.9535774631154,0.10035277633049047
252.0,97.0,76.0,194.0,8.0,835.0,821.0,28,33.4,0.7698412698412699,0.45647058823529413,0.22823529411764706,0.17882352941176471,2.6752827140549273,0.9832335329341317,425.0,0.40705882352941175,0.018823529411764704,627.0,3.367295829986474,848.5585491565915,1431.1007277442516,0.1355599897610207
165.0,0.0,150.0,182.0,12.0,1023.0,729.0,28,18.03,1.103030303030303,0.5777777777777777,0.0,0.47619047619047616,3.5251509054325956,0.7126099706744868,315.0,0.47619047619047616,0.0380952380952381,509.0,3.367295829986474,555.6038119477682,1060.6981864457393,0.17158509586016937
156.0,243.0,0.0,180.0,11.0,1022.0,698.0,28,37.36,1.1538461538461537,0.45112781954887216,0.6090225563909775,0.0,2.970639032815199,0.6829745596868885,399.0,0.6090225563909775,0.02756892230576441,590.0,3.367295829986474,525.29814947789,1343.5510361646031,0.13397332528121958
160.0,188.0,146.0,203.0,11.0,829.0,710.0,28,32.84,1.26875,0.4109311740890688,0.3805668016194332,0.29554655870445345,2.2080344332855093,0.856453558504222,494.0,0.6761133603238867,0.022267206477732792,708.0,3.367295829986474,538.7673327978358,1663.4441400133182,0.12203595847731605
298.0,0.0,107.0,186.0,6.0,879.0,815.0,28,42.64,0.6241610738255033,0.45925925925925926,0.0,0.2641975308641975,2.8663282571912014,0.9271899886234357,405.0,0.2641975308641975,0.014814814814814815,597.0,3.367295829986474,1003.4541573359693,1363.7548111445221,0.13638815311962182
318.0,0.0,126.0,210.0,6.0,861.0,737.0,28,40.06,0.660377358490566,0.47297297297297297,0.0,0.28378378378378377,2.4434250764525993,0.8559814169570267,444.0,0.28378378378378377,0.013513513513513514,660.0,3.367295829986474,1070.8000739356987,1495.0793485139945,0.14046077233875612
287.0,121.0,94.0,188.0,9.0,904.0,696.0,28,41.94,0.6550522648083623,0.3745019920318725,0.2410358565737052,0.18725099601593626,2.318840579710145,0.7699115044247787,502.0,0.42828685258964144,0.017928286852589643,699.0,3.367295829986474,966.4139032061181,1690.38250665321,0.11121743111990752
326.0,166.0,0.0,174.0,9.0,882.0,790.0,28,61.23,0.5337423312883436,0.35365853658536583,0.33739837398373984,0.0,2.5105105105105103,0.8956916099773242,492.0,0.33739837398373984,0.018292682926829267,675.0,3.367295829986474,1097.7384405755906,1656.7095483533453,0.10502746252228941
356.0,0.0,142.0,193.0,11.0,801.0,778.0,28,40.87,0.5421348314606742,0.38755020080321284,0.0,0.285140562248996,2.285094066570188,0.9712858926342073,498.0,0.285140562248996,0.02208835341365462,702.0,3.367295829986474,1198.757315475185,1676.913323333264,0.11509241253827394
132.0,207.0,161.0,179.0,5.0,867.0,736.0,28,33.3,1.356060606060606,0.358,0.414,0.322,2.3608247422680413,0.8489042675893888,500.0,0.736,0.01,684.0,3.367295829986474,444.4830495582146,1683.647914993237,0.10631676516566649
322.0,149.0,0.0,186.0,8.0,951.0,709.0,28,52.42,0.577639751552795,0.39490445859872614,0.31634819532908703,0.0,2.5266362252663623,0.7455310199789695,471.0,0.31634819532908703,0.016985138004246284,665.0,3.367295829986474,1084.2692572556446,1585.9963359236294,0.11727643739585315
164.0,0.0,200.0,181.0,13.0,849.0,846.0,28,15.09,1.103658536585366,0.49725274725274726,0.0,0.5494505494505495,3.110091743119266,0.9964664310954063,364.0,0.5494505494505495,0.03571428571428571,558.0,3.367295829986474,552.2365161177818,1225.6956821150766,0.1476712389878571
314.0,0.0,113.0,170.0,10.0,925.0,783.0,28,38.46,0.5414012738853503,0.3981264637002342,0.0,0.2646370023419204,2.8609715242881073,0.8464864864864865,427.0,0.2646370023419204,0.0234192037470726,607.0,3.367295829986474,1057.3308906157529,1437.8353194042245,0.11823328979736045
321.0,0.0,128.0,182.0,11.0,870.0,780.0,28,37.26,0.5669781931464174,0.4053452115812918,0.0,0.28507795100222716,2.6148969889064975,0.896551724137931,449.0,0.28507795100222716,0.024498886414253896,642.0,3.367295829986474,1080.901961425658,1511.9158276639268,0.12037707170590949
140.0,164.0,128.0,237.0,6.0,869.0,656.0,28,35.23,1.6928571428571428,0.5486111111111112,0.37962962962962965,0.2962962962962963,2.279521674140508,0.7548906789413119,432.0,0.6759259259259259,0.013888888888888888,675.0,3.367295829986474,471.4214161981064,1454.6717985541568,0.16292334823261276
288.0,121.0,0.0,177.0,7.0,908.0,829.0,28,42.13,0.6145833333333334,0.43276283618581907,0.29584352078239606,0.0,2.964163822525597,0.9129955947136564,409.0,0.29584352078239606,0.017114914425427872,593.0,3.367295829986474,969.7811990361046,1377.223994464468,0.1285193989586467
298.0,0.0,107.0,210.0,11.0,880.0,744.0,28,31.87,0.7046979865771812,0.5185185185185185,0.0,0.2641975308641975,2.640650406504065,0.8454545454545455,405.0,0.2641975308641975,0.027160493827160494,626.0,3.367295829986474,1003.4541573359693,1363.7548111445221,0.15398662448989558
265.0,111.0,86.0,195.0,6.0,833.0,790.0,28,41.54,0.7358490566037735,0.42207792207792205,0.24025974025974026,0.18614718614718614,2.470319634703196,0.9483793517406963,462.0,0.4264069264069264,0.012987012987012988,663.0,3.367295829986474,892.3333949464156,1555.690673453751,0.1253462550926562
160.0,250.0,0.0,168.0,12.0,1049.0,688.0,28,39.45,1.05,0.4097560975609756,0.6097560975609756,0.0,3.0051903114186853,0.655862726406101,410.0,0.6097560975609756,0.02926829268292683,590.0,3.367295829986474,538.7673327978358,1380.5912902944544,0.12168699106030774
166.0,260.0,0.0,183.0,13.0,859.0,827.0,28,37.91,1.1024096385542168,0.4295774647887324,0.6103286384976526,0.0,2.768472906403941,0.9627473806752037,426.0,0.6103286384976526,0.03051643192488263,622.0,3.367295829986474,558.9711077777547,1434.468023574238,0.1275734258223632
276.0,116.0,90.0,180.0,9.0,870.0,768.0,28,44.28,0.6521739130434783,0.37344398340248963,0.24066390041493776,0.18672199170124482,2.474320241691843,0.8827586206896552,482.0,0.42738589211618255,0.01867219917012448,671.0,3.367295829986474,929.3736490762668,1623.0365900534805,0.11090322984897638
322.0,0.0,116.0,196.0,10.0,818.0,813.0,28,31.18,0.6086956521739131,0.4474885844748858,0.0,0.2648401826484018,2.5725552050473186,0.9938875305623472,438.0,0.2648401826484018,0.0228310502283105,644.0,3.367295829986474,1084.2692572556446,1474.8755735340758,0.13289256634059482
149.0,139.0,109.0,193.0,6.0,892.0,780.0,28,23.69,1.2953020134228188,0.48614609571788414,0.3501259445843829,0.27455919395465994,2.833898305084746,0.874439461883408,397.0,0.6246851385390428,0.015113350125944584,596.0,3.367295829986474,501.72707866798464,1336.8164445046302,0.14437284998503885
159.0,187.0,0.0,176.0,11.0,990.0,789.0,28,32.76,1.1069182389937107,0.5086705202312138,0.5404624277456648,0.0,3.4080459770114944,0.796969696969697,346.0,0.5404624277456648,0.031791907514450865,533.0,3.367295829986474,535.4000369678494,1165.08435717532,0.15106202303385297
261.0,100.0,78.0,201.0,9.0,864.0,761.0,28,32.4,0.7701149425287356,0.45785876993166286,0.22779043280182232,0.1776765375854214,2.5390625,0.8807870370370371,439.0,0.4054669703872437,0.02050113895216401,649.0,3.367295829986474,878.8642116264698,1478.2428693640622,0.13597224391582546
237.0,92.0,71.0,247.0,6.0,853.0,695.0,28,28.63,1.0421940928270041,0.6175,0.23,0.1775,2.39258114374034,0.8147713950762017,400.0,0.4075,0.015,653.0,3.367295829986474,798.0491117067944,1346.9183319945896,0.18338157120055604
313.0,0.0,113.0,178.0,8.0,1002.0,689.0,28,36.8,0.5686900958466453,0.41784037558685444,0.0,0.2652582159624413,2.7996688741721854,0.687624750499002,426.0,0.2652582159624413,0.018779342723004695,612.0,3.367295829986474,1053.9635947857664,1434.468023574238,0.12408781309497623
155.0,183.0,0.0,193.0,9.0,1047.0,697.0,28,18.28,1.2451612903225806,0.5710059171597633,0.5414201183431953,0.0,3.2843691148775895,0.6657115568290354,338.0,0.5414201183431953,0.026627218934911243,540.0,3.367295829986474,521.9308536479035,1138.1459905354282,0.16957402794100718
146.0,230.0,0.0,202.0,3.0,827.0,872.0,28,33.06,1.3835616438356164,0.5372340425531915,0.6117021276595744,0.0,2.9394463667820068,1.0544135429262393,376.0,0.6117021276595744,0.007978723404255319,581.0,3.367295829986474,491.6251911780252,1266.1032320749143,0.1595446523495233
296.0,0.0,107.0,221.0,11.0,819.0,778.0,28,31.42,0.7466216216216216,0.5483870967741935,0.0,0.2655086848635236,2.559294871794872,0.9499389499389499,403.0,0.2655086848635236,0.02729528535980149,635.0,3.367295829986474,996.7195656759964,1357.020219484549,0.16285682175313843
133.0,210.0,0.0,196.0,3.0,949.0,795.0,28,31.03,1.4736842105263157,0.5714285714285714,0.6122448979591837,0.0,3.235621521335807,0.8377239199157007,343.0,0.6122448979591837,0.008746355685131196,542.0,3.367295829986474,447.85034538820105,1154.9824696853607,0.16969954535621146
313.0,145.0,0.0,178.0,8.0,867.0,824.0,28,44.39,0.5686900958466453,0.388646288209607,0.3165938864628821,0.0,2.658805031446541,0.9504036908881199,458.0,0.3165938864628821,0.017467248908296942,644.0,3.367295829986474,1053.9635947857664,1542.2214901338052,0.11541792222371153
152.0,0.0,112.0,184.0,8.0,992.0,816.0,28,12.18,1.2105263157894737,0.696969696969697,0.0,0.42424242424242425,4.035714285714286,0.8225806451612904,264.0,0.42424242424242425,0.030303030303030304,456.0,3.367295829986474,511.8289661579441,888.9660991164292,0.20698202122992462
153.0,145.0,113.0,178.0,8.0,1002.0,689.0,28,25.56,1.1633986928104576,0.43309002433090027,0.35279805352798055,0.2749391727493917,2.870967741935484,0.687624750499002,411.0,0.6277372262773723,0.019464720194647202,597.0,3.367295829986474,515.1962619879306,1383.958586124441,0.1286165653977126
140.0,133.0,103.0,200.0,7.0,916.0,753.0,28,36.44,1.4285714285714286,0.5319148936170213,0.3537234042553192,0.27393617021276595,2.8975694444444446,0.8220524017467249,376.0,0.6276595744680851,0.018617021276595744,583.0,3.367295829986474,471.4214161981064,1266.1032320749143,0.15796500232626068
149.0,236.0,0.0,176.0,13.0,847.0,893.0,28,32.96,1.1812080536912752,0.45714285714285713,0.612987012987013,0.0,3.1016042780748663,1.0543093270365997,385.0,0.612987012987013,0.033766233766233764,574.0,3.367295829986474,501.72707866798464,1296.4088945447925,0.13575963628496918
300.0,0.0,120.0,212.0,10.0,878.0,728.0,28,23.84,0.7066666666666667,0.5047619047619047,0.0,0.2857142857142857,2.5411392405063293,0.8291571753986332,420.0,0.2857142857142857,0.023809523809523808,642.0,3.367295829986474,1010.1887489959422,1414.264248594319,0.14990126506465346
153.0,145.0,113.0,178.0,8.0,867.0,824.0,28,26.23,1.1633986928104576,0.43309002433090027,0.35279805352798055,0.2749391727493917,2.870967741935484,0.9504036908881199,411.0,0.6277372262773723,0.019464720194647202,597.0,3.367295829986474,515.1962619879306,1383.958586124441,0.1286165653977126
148.0,0.0,137.0,158.0,16.0,1002.0,830.0,28,17.95,1.0675675675675675,0.5543859649122806,0.0,0.4807017543859649,4.135440180586907,0.8283433133732535,285.0,0.4807017543859649,0.056140350877192984,459.0,3.367295829986474,498.3597828379982,959.6793115461452,0.1646383308455876
326.0,0.0,138.0,199.0,11.0,801.0,792.0,28,40.68,0.6104294478527608,0.42887931034482757,0.0,0.2974137931034483,2.4027149321266967,0.9887640449438202,464.0,0.2974137931034483,0.023706896551724137,674.0,3.367295829986474,1097.7384405755906,1562.425265113724,0.12736609196185483
153.0,145.0,0.0,178.0,8.0,1000.0,822.0,28,19.01,1.1633986928104576,0.5973154362416108,0.4865771812080537,0.0,3.827731092436975,0.822,298.0,0.4865771812080537,0.026845637583892617,484.0,3.367295829986474,515.1962619879306,1003.4541573359693,0.17738727643778482
262.0,111.0,86.0,195.0,5.0,895.0,733.0,28,33.72,0.7442748091603053,0.42483660130718953,0.24183006535947713,0.18736383442265794,2.489296636085627,0.8189944134078212,459.0,0.42919389978213507,0.010893246187363835,659.0,3.367295829986474,882.2315074564563,1545.5887859637917,0.12616551166188925
158.0,0.0,195.0,220.0,11.0,898.0,713.0,28,8.54,1.3924050632911393,0.623229461756374,0.0,0.5524079320113314,2.81151832460733,0.7939866369710468,353.0,0.5524079320113314,0.031161473087818695,584.0,3.367295829986474,532.0327411378629,1188.6554279852253,0.18508307354714282
151.0,0.0,185.0,167.0,16.0,1074.0,678.0,28,13.46,1.1059602649006623,0.49702380952380953,0.0,0.5505952380952381,3.4831013916500995,0.6312849162011173,336.0,0.5505952380952381,0.047619047619047616,519.0,3.367295829986474,508.4616703279576,1131.4113988754552,0.14760325038795477
273.0,0.0,90.0,199.0,11.0,931.0,762.0,28,32.24,0.7289377289377289,0.5482093663911846,0.0,0.24793388429752067,3.012455516014235,0.8184747583243824,363.0,0.24793388429752067,0.030303030303030304,573.0,3.367295829986474,919.2717615863074,1222.3283862850901,0.16280404041405136
149.0,118.0,92.0,183.0,7.0,953.0,780.0,28,23.52,1.2281879194630871,0.5097493036211699,0.3286908077994429,0.2562674094707521,3.197416974169742,0.8184679958027282,359.0,0.584958217270195,0.019498607242339833,549.0,3.367295829986474,501.72707866798464,1208.8592029651443,0.15138239387277638
143.0,169.0,143.0,191.0,8.0,967.0,643.0,28,29.72,1.3356643356643356,0.4197802197802198,0.37142857142857144,0.3142857142857143,2.4922600619195046,0.6649431230610134,455.0,0.6857142857142857,0.017582417582417582,654.0,3.367295829986474,481.5233036880658,1532.1196026438458,0.1246638967809092
260.0,101.0,78.0,171.0,10.0,936.0,763.0,28,49.77,0.6576923076923077,0.3895216400911162,0.23006833712984054,0.1776765375854214,2.7852459016393443,0.8151709401709402,439.0,0.40774487471526194,0.022779043280182234,620.0,3.367295829986474,875.4969157964832,1478.2428693640622,0.11567787915226944
313.0,161.0,0.0,178.0,10.0,917.0,759.0,28,52.44,0.5686900958466453,0.3755274261603376,0.339662447257384,0.0,2.5705521472392636,0.8276990185387132,474.0,0.339662447257384,0.02109704641350211,662.0,3.367295829986474,1053.9635947857664,1596.0982234135888,0.11152195860434573
284.0,120.0,0.0,168.0,7.0,970.0,794.0,28,40.93,0.5915492957746479,0.4158415841584158,0.297029702970297,0.0,3.0839160839160837,0.8185567010309278,404.0,0.297029702970297,0.017326732673267328,579.0,3.367295829986474,956.3120157161586,1360.3875153145354,0.12349422360080735
336.0,0.0,0.0,182.0,3.0,986.0,817.0,28,44.86,0.5416666666666666,0.5416666666666666,0.0,0.0,3.4806949806949805,0.8286004056795132,336.0,0.0,0.008928571428571428,521.0,3.367295829986474,1131.4113988754552,1131.4113988754552,0.16086102736890878
145.0,0.0,134.0,181.0,11.0,979.0,812.0,28,13.2,1.2482758620689656,0.6487455197132617,0.0,0.48028673835125446,3.893478260869565,0.8294177732379979,279.0,0.48028673835125446,0.03942652329749104,471.0,3.367295829986474,488.25789534803874,939.4755365662263,0.19266068455763435
150.0,237.0,0.0,174.0,12.0,1069.0,675.0,28,37.43,1.16,0.4496124031007752,0.6124031007751938,0.0,3.10873440285205,0.6314312441534145,387.0,0.6124031007751938,0.031007751937984496,573.0,3.367295829986474,505.0943744979711,1303.1434862047654,0.13352328568725166
144.0,170.0,133.0,192.0,8.0,814.0,805.0,28,29.87,1.3333333333333333,0.42953020134228187,0.38031319910514544,0.2975391498881432,2.5336463223787167,0.9889434889434889,447.0,0.6778523489932886,0.017897091722595078,647.0,3.367295829986474,484.8905995180523,1505.181236003954,0.1275593897979576
331.0,170.0,0.0,195.0,8.0,811.0,802.0,28,56.61,0.5891238670694864,0.38922155688622756,0.3393213572854291,0.0,2.317528735632184,0.9889025893958077,501.0,0.3393213572854291,0.015968063872255488,704.0,3.367295829986474,1114.574919725523,1687.0152108232235,0.11558876218125183
155.0,0.0,143.0,193.0,9.0,1047.0,697.0,28,12.46,1.2451612903225806,0.6476510067114094,0.0,0.4798657718120805,3.5519348268839104,0.6657115568290354,298.0,0.4798657718120805,0.030201342281879196,500.0,3.367295829986474,521.9308536479035,1003.4541573359693,0.19233564242973297
155.0,183.0,0.0,193.0,9.0,877.0,868.0,28,23.79,1.2451612903225806,0.5710059171597633,0.5414201183431953,0.0,3.286252354048964,0.9897377423033067,338.0,0.5414201183431953,0.026627218934911243,540.0,3.367295829986474,521.9308536479035,1138.1459905354282,0.16957402794100718
135.0,0.0,166.0,180.0,10.0,961.0,805.0,28,13.29,1.3333333333333333,0.5980066445182725,0.0,0.5514950166112956,3.6715176715176714,0.8376690946930281,301.0,0.5514950166112956,0.03322259136212625,491.0,3.367295829986474,454.584937048174,1013.5560448259287,0.17759254746580272
266.0,112.0,87.0,178.0,10.0,910.0,745.0,28,39.42,0.6691729323308271,0.3827956989247312,0.24086021505376345,0.1870967741935484,2.573872472783826,0.8186813186813187,465.0,0.42795698924731185,0.021505376344086023,653.0,3.367295829986474,895.7006907764021,1565.7925609437104,0.11368044812572016
314.0,145.0,113.0,179.0,8.0,869.0,690.0,28,46.23,0.5700636942675159,0.3129370629370629,0.2534965034965035,0.19755244755244755,2.0758988015978694,0.7940161104718066,572.0,0.45104895104895104,0.013986013986013986,759.0,3.367295829986474,1057.3308906157529,1926.0932147522633,0.0929342352846735
313.0,145.0,0.0,127.0,8.0,1000.0,822.0,28,44.52,0.4057507987220447,0.27729257641921395,0.3165938864628821,0.0,3.1145299145299146,0.822,458.0,0.3165938864628821,0.017467248908296942,593.0,3.367295829986474,1053.9635947857664,1542.2214901338052,0.08234874226073799
146.0,173.0,0.0,182.0,3.0,986.0,817.0,28,23.74,1.2465753424657535,0.5705329153605015,0.542319749216301,0.0,3.5988023952095807,0.8286004056795132,319.0,0.542319749216301,0.009404388714733543,504.0,3.367295829986474,491.6251911780252,1074.1673697656852,0.16943355860800424
144.0,136.0,106.0,178.0,7.0,941.0,774.0,28,26.14,1.2361111111111112,0.46113989637305697,0.35233160621761656,0.27461139896373055,3.0407801418439715,0.822529224229543,386.0,0.6269430051813472,0.018134715025906734,571.0,3.367295829986474,484.8905995180523,1299.776190374779,0.13694665383020693
148.0,0.0,182.0,181.0,15.0,839.0,884.0,28,15.52,1.222972972972973,0.5484848484848485,0.0,0.5515151515151515,3.371819960861057,1.0536352800953517,330.0,0.5515151515151515,0.045454545454545456,526.0,3.367295829986474,498.3597828379982,1111.2076238955365,0.1628858514896363
277.0,117.0,91.0,191.0,7.0,946.0,666.0,28,43.57,0.6895306859205776,0.3938144329896907,0.24123711340206186,0.18762886597938144,2.3846153846153846,0.7040169133192389,485.0,0.4288659793814433,0.01443298969072165,683.0,3.367295829986474,932.7409449062534,1633.1384775434399,0.11695272790786326
298.0,0.0,107.0,164.0,13.0,953.0,784.0,28,35.86,0.5503355704697986,0.4049382716049383,0.0,0.2641975308641975,3.0527240773286466,0.8226652675760755,405.0,0.2641975308641975,0.03209876543209877,582.0,3.367295829986474,1003.4541573359693,1363.7548111445221,0.12025622103020418
313.0,145.0,0.0,178.0,8.0,1002.0,689.0,28,41.05,0.5686900958466453,0.388646288209607,0.3165938864628821,0.0,2.658805031446541,0.687624750499002,458.0,0.3165938864628821,0.017467248908296942,644.0,3.367295829986474,1053.9635947857664,1542.2214901338052,0.11541792222371153
155.0,184.0,143.0,194.0,9.0,880.0,699.0,28,28.99,1.2516129032258065,0.4024896265560166,0.3817427385892116,0.2966804979253112,2.3357988165680474,0.7943181818181818,482.0,0.6784232365145229,0.01867219917012448,685.0,3.367295829986474,521.9308536479035,1623.0365900534805,0.11952903661500788
289.0,134.0,0.0,195.0,6.0,924.0,760.0,28,46.24,0.6747404844290658,0.46099290780141844,0.31678486997635935,0.0,2.7249190938511325,0.8225108225108225,423.0,0.31678486997635935,0.014184397163120567,624.0,3.367295829986474,973.148494866091,1424.3661360842787,0.1369030020160926
148.0,175.0,0.0,171.0,2.0,1000.0,828.0,28,26.92,1.1554054054054055,0.5294117647058824,0.541795665634675,0.0,3.700404858299595,0.828,323.0,0.541795665634675,0.006191950464396285,496.0,3.367295829986474,498.3597828379982,1087.6365530856312,0.15722163760943123
145.0,0.0,179.0,202.0,8.0,824.0,869.0,28,10.54,1.393103448275862,0.6234567901234568,0.0,0.5524691358024691,3.2186311787072244,1.0546116504854368,324.0,0.5524691358024691,0.024691358024691357,534.0,3.367295829986474,488.25789534803874,1091.0038489156177,0.18515058420808875
313.0,0.0,0.0,178.0,8.0,1000.0,822.0,28,25.1,0.5686900958466453,0.5686900958466453,0.0,0.0,3.7107942973523422,0.822,313.0,0.0,0.025559105431309903,499.0,3.367295829986474,1053.9635947857664,1053.9635947857664,0.16888628874907308
136.0,162.0,126.0,172.0,10.0,923.0,764.0,28,29.07,1.2647058823529411,0.4056603773584906,0.38207547169811323,0.2971698113207547,2.8305369127516777,0.8277356446370531,424.0,0.6792452830188679,0.02358490566037736,606.0,3.367295829986474,457.9522328781605,1427.733431914265,0.12047066781183881
155.0,0.0,143.0,193.0,9.0,877.0,868.0,28,9.74,1.2451612903225806,0.6476510067114094,0.0,0.4798657718120805,3.5539714867617107,0.9897377423033067,298.0,0.4798657718120805,0.030201342281879196,500.0,3.367295829986474,521.9308536479035,1003.4541573359693,0.19233564242973297
255.0,99.0,77.0,189.0,6.0,919.0,749.0,28,33.8,0.7411764705882353,0.4385150812064965,0.2296983758700696,0.17865429234338748,2.6903225806451614,0.8150163220892275,431.0,0.40835266821345706,0.013921113689095127,626.0,3.367295829986474,858.6604366465509,1451.3045027241703,0.13022766734702307
162.0,207.0,172.0,216.0,10.0,822.0,638.0,28,39.84,1.3333333333333333,0.39926062846580407,0.3826247689463956,0.3179297597042514,1.928665785997358,0.7761557177615572,541.0,0.7005545286506469,0.018484288354898338,767.0,3.367295829986474,545.5019244578089,1821.7070440226826,0.11857010747624387
136.0,196.0,98.0,199.0,6.0,847.0,783.0,28,26.97,1.463235294117647,0.4627906976744186,0.4558139534883721,0.22790697674418606,2.5914149443561207,0.9244391971664699,430.0,0.6837209302325581,0.013953488372093023,635.0,3.367295829986474,457.9522328781605,1447.9372068941839,0.1374368992332573
164.0,163.0,128.0,197.0,8.0,961.0,641.0,28,27.23,1.201219512195122,0.432967032967033,0.35824175824175825,0.2813186813186813,2.457055214723926,0.6670135275754423,455.0,0.6395604395604395,0.017582417582417582,660.0,3.367295829986474,552.2365161177818,1532.1196026438458,0.12858004013528332
162.0,214.0,164.0,202.0,10.0,820.0,680.0,28,30.65,1.2469135802469136,0.37407407407407406,0.3962962962962963,0.3037037037037037,2.0215633423180592,0.8292682926829268,540.0,0.7,0.018518518518518517,752.0,3.367295829986474,545.5019244578089,1818.339748192696,0.11109035052485325
157.0,214.0,152.0,200.0,9.0,819.0,704.0,28,33.05,1.2738853503184713,0.3824091778202677,0.4091778202676864,0.29063097514340347,2.1065006915629323,0.8595848595848596,523.0,0.6998087954110899,0.017208413001912046,732.0,3.367295829986474,528.6654453078764,1761.095719082926,0.1135656613282486
149.0,153.0,194.0,192.0,8.0,935.0,623.0,28,24.58,1.2885906040268456,0.3870967741935484,0.3084677419354839,0.3911290322580645,2.26453488372093,0.6663101604278074,496.0,0.6995967741935484,0.016129032258064516,696.0,3.367295829986474,501.72707866798464,1670.1787316732912,0.11495775653162713
135.0,105.0,193.0,196.0,6.0,965.0,643.0,28,21.91,1.451851851851852,0.45265588914549654,0.24249422632794457,0.4457274826789838,2.5564387917329094,0.666321243523316,433.0,0.6882217090069284,0.013856812933025405,635.0,3.367295829986474,454.584937048174,1458.0390943841433,0.13442712253390424
159.0,209.0,161.0,201.0,7.0,848.0,669.0,28,30.88,1.2641509433962264,0.3799621928166352,0.3950850661625709,0.30434782608695654,2.078082191780822,0.7889150943396226,529.0,0.6994328922495274,0.013232514177693762,737.0,3.367295829986474,535.4000369678494,1781.2994940628448,0.11283896990368127
144.0,15.0,195.0,176.0,6.0,1021.0,709.0,28,15.34,1.2222222222222223,0.4971751412429379,0.0423728813559322,0.5508474576271186,3.2641509433962264,0.6944172380019589,354.0,0.5932203389830508,0.01694915254237288,536.0,3.367295829986474,484.8905995180523,1192.0227238152117,0.14764819200483936
154.0,174.0,185.0,228.0,7.0,845.0,612.0,28,24.34,1.4805194805194806,0.4444444444444444,0.3391812865497076,0.36062378167641324,1.9662618083670715,0.7242603550295857,513.0,0.6998050682261209,0.01364522417153996,748.0,3.367295829986474,518.5635578179171,1727.4227607830612,0.13198853527705337
167.0,187.0,195.0,185.0,7.0,898.0,636.0,28,23.89,1.1077844311377245,0.33697632058287796,0.3406193078324226,0.3551912568306011,2.0899182561307903,0.7082405345211581,549.0,0.6958105646630237,0.012750455373406194,741.0,3.367295829986474,562.3384036077412,1848.6454106625742,0.10007327469776588
184.0,86.0,190.0,213.0,6.0,923.0,623.0,28,22.93,1.1576086956521738,0.46304347826086956,0.18695652173913044,0.41304347826086957,2.2971768202080236,0.6749729144095341,460.0,0.6,0.013043478260869565,679.0,3.367295829986474,619.5824327175112,1548.9560817937781,0.13751196854679962
156.0,178.0,187.0,221.0,7.0,854.0,614.0,28,29.41,1.4166666666666667,0.42418426103646834,0.3416506717850288,0.35892514395393477,1.9784366576819408,0.7189695550351288,521.0,0.7005758157389635,0.013435700575815739,749.0,3.367295829986474,525.29814947789,1754.3611274229531,0.1259717834290111
236.9,91.7,71.5,246.9,6.0,852.9,695.4,28,28.63,1.0422119037568593,0.6170957260684828,0.22919270182454385,0.17870532366908273,2.393044822256569,0.8153359127682026,400.1,0.4078980254936265,0.014996250937265683,653.0,3.367295829986474,797.7123821237957,1347.2550615775883,0.1832615122713948
313.3,0.0,113.0,178.5,8.0,1001.9,688.7,28,36.8,0.5697414618576444,0.4187192118226601,0.0,0.2650715458597232,2.795304232804233,0.687393951492165,426.3,0.2650715458597232,0.018766127140511377,612.8,3.367295829986474,1054.9737835347623,1435.478212323234,0.1243488047868791
154.8,183.4,0.0,193.3,9.1,1047.4,696.7,28,18.29,1.2487080103359174,0.5715552927261974,0.5422826729745712,0.0,3.2814675446848542,0.6651708993698683,338.20000000000005,0.5422826729745712,0.026907155529272614,540.6,3.367295829986474,521.2573944819062,1138.8194497014258,0.16973717831275112
145.9,230.5,0.0,202.5,3.4,827.0,871.8,28,32.72,1.3879369431117203,0.5379914984059512,0.6123804463336876,0.0,2.9345310070823976,1.0541717049576782,376.4,0.6123804463336876,0.009032943676939426,582.3,3.367295829986474,491.2884615950266,1267.4501504069087,0.15976959719874453
296.0,0.0,106.7,221.4,10.5,819.2,778.4,28,31.42,0.7479729729729729,0.5497889247578843,0.0,0.2649615098087907,2.5598461784970357,0.9501953124999999,402.7,0.2649615098087907,0.02607400049664763,634.6,3.367295829986474,996.7195656759964,1356.010030735553,0.16327312850326334
133.1,210.2,0.0,195.7,3.1,949.4,795.3,28,28.94,1.4703230653643877,0.5700553451791437,0.6122924555782115,0.0,3.236920222634508,0.8376869601853802,343.29999999999995,0.6122924555782115,0.009030002912904168,542.1,3.367295829986474,448.1870749711997,1155.9926584343564,0.16929173258336305
313.3,145.0,0.0,178.5,8.0,867.2,824.0,28,40.93,0.5697414618576444,0.3894828714815623,0.31638664630154917,0.0,2.655778894472362,0.9501845018450183,458.3,0.31638664630154917,0.017455814968361336,644.8,3.367295829986474,1054.9737835347623,1543.2316788828011,0.11566636587529251
151.6,0.0,111.9,184.4,7.9,992.0,815.9,28,12.18,1.216358839050132,0.6998102466793169,0.0,0.42466793168880457,4.036392051797277,0.8224798387096774,263.5,0.42466793168880457,0.02998102466793169,455.79999999999995,3.367295829986474,510.48204782594945,887.282451201436,0.207825591219922
153.1,145.0,113.0,178.5,8.0,1001.9,688.7,28,25.56,1.1659046374918354,0.43420092434930674,0.35271223546582336,0.2748722938457796,2.8673677069199455,0.687393951492165,411.1,0.627584529311603,0.019459985405010944,597.6,3.367295829986474,515.5329915709292,1384.2953157074396,0.12894647404681722
139.9,132.6,103.3,200.3,7.4,916.0,753.4,28,36.44,1.4317369549678343,0.5329962746141564,0.3528472591804151,0.27488025545502925,2.8977608054157264,0.8224890829694322,375.8,0.6277275146354443,0.019691325172964343,583.5,3.367295829986474,471.0846866151077,1265.4297729089171,0.15828614458750936
149.5,236.0,0.0,175.8,12.6,846.8,892.7,28,32.96,1.1759197324414716,0.4560311284046693,0.6121919584954605,0.0,3.0990557634063784,1.0542040623523856,385.5,0.6121919584954605,0.03268482490272374,573.9,3.367295829986474,503.4107265829779,1298.0925424597858,0.13542948152746684
299.8,0.0,119.8,211.5,9.9,878.2,727.6,28,23.84,0.7054703135423616,0.5040514775977121,0.0,0.28551000953288846,2.5444462050388212,0.8285128672284218,419.6,0.28551000953288846,0.023593898951382267,641.0,3.367295829986474,1009.515289829945,1412.9173302623246,0.1496902865228021
153.1,145.0,113.0,178.5,8.0,867.2,824.0,28,26.23,1.1659046374918354,0.43420092434930674,0.35271223546582336,0.2748722938457796,2.8683853459972863,0.9501845018450183,411.1,0.627584529311603,0.019459985405010944,597.6,3.367295829986474,515.5329915709292,1384.2953157074396,0.12894647404681722
148.1,0.0,136.6,158.1,16.1,1001.8,830.1,28,17.96,1.0675219446320054,0.5553213909378293,0.0,0.47980330172110996,4.137082204155376,0.8286085046915552,284.7,0.47980330172110996,0.05655075518089218,458.9,3.367295829986474,498.6965124209968,958.6691227971492,0.16491612824527505
326.5,0.0,137.9,199.0,10.8,801.1,792.5,28,38.63,0.6094946401225115,0.42850990525409133,0.0,0.29694229112833764,2.4021706361169732,0.9892647609536886,464.4,0.29694229112833764,0.023255813953488375,674.1999999999999,3.367295829986474,1099.4220884905837,1563.7721834457186,0.12725638817894197
152.7,144.7,0.0,178.1,8.0,999.7,822.2,28,19.01,1.16633922724296,0.5988567585743108,0.48655010087424344,0.0,3.831545741324921,0.8224467340202061,297.4,0.48655010087424344,0.026899798251513115,483.5,3.367295829986474,514.1860732389346,1001.4337798379773,0.1778450094112213
261.9,110.5,86.1,195.4,5.0,895.2,732.6,28,33.72,0.7460862924780451,0.4261723009814613,0.2410032715376227,0.18778625954198472,2.4893714635265334,0.8183646112600536,458.5,0.4287895310796074,0.010905125408942203,658.9,3.367295829986474,881.8947778734575,1543.9051380487983,0.12656218000993788
158.4,0.0,194.9,219.7,11.0,897.7,712.9,28,8.54,1.3869949494949494,0.6218511180300028,0.0,0.5516558165864704,2.8108202443280974,0.7941405814860197,353.3,0.5516558165864704,0.031135012737050664,584.0,3.367295829986474,533.3796594698575,1189.6656167342214,0.18467374101565073
150.7,0.0,185.3,166.7,15.6,1074.5,678.0,28,13.46,1.106171201061712,0.49613095238095234,0.0,0.5514880952380953,3.486174656852994,0.6309911586784551,336.0,0.5514880952380953,0.04642857142857143,518.3,3.367295829986474,507.4514815789616,1131.4113988754552,0.14733809484833568
272.6,0.0,89.6,198.7,10.6,931.3,762.2,28,32.25,0.7289068231841525,0.5485919381557149,0.0,0.24737713970182215,3.019254769121055,0.8184258563298615,362.20000000000005,0.24737713970182215,0.02926559911651021,571.5000000000001,3.367295829986474,917.9248432543129,1219.634549621101,0.1629176543594385
149.0,117.6,91.7,182.9,7.1,953.4,780.3,28,23.52,1.22751677852349,0.510466089868825,0.3282165782863522,0.25593078425900084,3.203436807095343,0.8184392699811202,358.3,0.584147362545353,0.019815796818308678,548.3000000000001,3.367295829986474,501.72707866798464,1206.5020958841537,0.15159526089837955
143.0,169.4,142.7,190.7,8.4,967.4,643.5,28,29.73,1.3335664335664335,0.41902878488244344,0.3722258844210064,0.3135574598989233,2.4944255187364512,0.6651850320446558,455.09999999999997,0.6857833443199298,0.01845748187211602,654.1999999999999,3.367295829986474,481.5233036880658,1532.4563322268443,0.12444074000000369
259.9,100.6,78.4,170.6,10.4,935.7,762.9,28,49.77,0.6564063101192766,0.38869902027796766,0.22920938710412395,0.17862838915470497,2.7868744872846594,0.815325424815646,438.9,0.4078377762588289,0.023695602642971065,619.9,3.367295829986474,875.1601862134845,1477.9061397810635,0.1154335822877579
312.9,160.5,0.0,177.6,9.6,916.6,759.5,28,52.45,0.5675934803451582,0.37515842839036756,0.3390367553865653,0.0,2.5746543778801843,0.8286057167794021,473.4,0.3390367553865653,0.020278833967046894,660.6,3.367295829986474,1053.6268652027677,1594.0778459155968,0.11141237578519333
284.0,119.7,0.0,168.3,7.2,970.4,794.2,28,40.93,0.592605633802817,0.4168937329700273,0.29650730740649,0.0,3.084965034965035,0.8184253915910965,403.7,0.29650730740649,0.017835026009412933,579.2,3.367295829986474,956.3120157161586,1359.3773265655395,0.12380668465701807
336.5,0.0,0.0,181.9,3.4,985.8,816.8,28,44.87,0.5405646359583952,0.5405646359583952,0.0,0.0,3.4772376543209877,0.8285656319740312,336.5,0.0,0.010104011887072809,521.8,3.367295829986474,1133.0950467904486,1133.0950467904486,0.16053375267612485
144.8,0.0,133.6,180.8,11.1,979.5,811.5,28,13.2,1.2486187845303867,0.6494252873563219,0.0,0.47988505747126436,3.900261324041812,0.8284839203675345,278.4,0.47988505747126436,0.03987068965517242,470.3,3.367295829986474,487.5844361820415,937.4551590682344,0.19286255801259092
150.0,236.8,0.0,173.8,11.9,1069.3,674.8,28,37.43,1.1586666666666667,0.4493278179937953,0.6122026887280249,0.0,3.111130931145201,0.6310670532123819,386.8,0.6122026887280249,0.03076525336091003,572.5,3.367295829986474,505.0943744979711,1302.4700270387682,0.1334387712515298
143.7,170.2,132.6,191.6,8.5,814.1,805.3,28,29.87,1.3333333333333335,0.42911534154535275,0.38118701007838746,0.296976483762598,2.537846732487071,0.989190517135487,446.5,0.6781634938409853,0.019036954087346025,646.6,3.367295829986474,483.8804107690563,1503.4975880889608,0.1274361871398381
330.5,169.6,0.0,194.9,8.1,811.0,802.3,28,56.62,0.5897125567322239,0.38972205558888223,0.3391321735652869,0.0,2.3212949640287768,0.989272503082614,500.1,0.3391321735652869,0.016196760647870425,703.1,3.367295829986474,1112.8912718105298,1683.9846445762357,0.1157373973852626
154.8,0.0,142.8,193.3,9.1,1047.4,696.7,28,12.46,1.2487080103359174,0.6495295698924731,0.0,0.4798387096774194,3.5528620900387042,0.6651708993698683,297.6,0.4798387096774194,0.03057795698924731,500.00000000000006,3.367295829986474,521.2573944819062,1002.1072390039748,0.19289352723579448
154.8,183.4,0.0,193.3,9.1,877.2,867.7,28,23.79,1.2487080103359174,0.5715552927261974,0.5422826729745712,0.0,3.282972718720602,0.9891700866393068,338.20000000000005,0.5422826729745712,0.026907155529272614,540.6,3.367295829986474,521.2573944819062,1138.8194497014258,0.16973717831275112
134.7,0.0,165.7,180.2,10.0,961.0,804.9,28,13.29,1.3377876763177432,0.5998668442077231,0.0,0.5515978695073236,3.674365376612568,0.8375650364203954,300.4,0.5515978695073236,0.033288948069241014,490.59999999999997,3.367295829986474,453.57474829917805,1011.5356673279367,0.1781449787885529
266.2,112.3,87.5,177.9,10.4,909.7,744.5,28,39.42,0.6682945154019535,0.3817596566523605,0.2409871244635193,0.18776824034334763,2.5690324584562823,0.81840167088051,466.0,0.428755364806867,0.022317596566523604,654.3,3.367295829986474,896.3741499423994,1569.159856773697,0.1133727702961857
314.0,145.3,113.2,178.9,8.0,869.1,690.2,28,46.23,0.5697452229299363,0.31248908296943234,0.2537991266375546,0.1977292576419214,2.075192973116849,0.7941548728569785,572.5,0.451528384279476,0.013973799126637555,759.4,3.367295829986474,1057.3308906157529,1927.7768626672564,0.0928011967902112
312.7,144.7,0.0,127.3,8.0,999.7,822.2,28,44.52,0.4070994563479373,0.27831219938784435,0.31635330126803674,0.0,3.1159569009748593,0.8224467340202061,457.4,0.31635330126803674,0.017490161783996504,592.6999999999999,3.367295829986474,1052.9534060367705,1540.2011126358132,0.08265154398060781
145.7,172.6,0.0,181.9,3.4,985.8,816.8,28,23.74,1.2484557309540152,0.5714734527175621,0.5422557335846686,0.0,3.6037584966013596,0.8285656319740312,318.29999999999995,0.5422557335846686,0.010681746779767517,503.5999999999999,3.367295829986474,490.61500242902923,1071.8102626846946,0.16971287394130075
143.8,136.3,106.2,178.1,7.5,941.5,774.3,28,26.15,1.2385257301808066,0.46104064198809214,0.35283458451980326,0.2749158684959876,3.0400425230333097,0.8224110462028678,386.3,0.6277504530157908,0.0194149624644059,571.9,3.367295829986474,484.217140352055,1300.786379123775,0.13691717783820143
148.1,0.0,182.1,181.4,15.0,838.9,884.3,28,15.53,1.224848075624578,0.5493640218049667,0.0,0.5514839491217444,3.368256450351837,1.054118488496841,330.2,0.5514839491217444,0.045427013930950944,526.6,3.367295829986474,498.6965124209968,1111.8810830615337,0.1631469432868847
277.0,116.8,91.0,190.6,7.0,946.5,665.6,28,43.58,0.688086642599278,0.39315181518151815,0.24092409240924093,0.18770627062706272,2.3868818477939,0.7032223983095616,484.8,0.42863036303630364,0.014438943894389438,682.4,3.367295829986474,932.7409449062534,1632.4650183774427,0.1167559475114776
298.1,0.0,107.5,163.6,12.8,953.2,784.0,28,35.87,0.5488091244548808,0.403353057199211,0.0,0.2650394477317554,3.0520028109627546,0.8224926563155686,405.6,0.2650394477317554,0.03155818540433925,582.0,3.367295829986474,1003.790886918968,1365.775188642514,0.11978545324330211
313.3,145.0,0.0,178.5,8.0,1001.9,688.7,28,41.05,0.5697414618576444,0.3894828714815623,0.31638664630154917,0.0,2.6548366834170856,0.687393951492165,458.3,0.31638664630154917,0.017455814968361336,644.8,3.367295829986474,1054.9737835347623,1543.2316788828011,0.11566636587529251
155.2,183.9,143.2,193.8,9.2,879.6,698.5,28,28.99,1.2487113402061858,0.4018245905038358,0.3812979473356832,0.29691063653327804,2.334122171276438,0.7941109595270577,482.3,0.6782085838689612,0.019075264358283224,685.3000000000001,3.367295829986474,522.6043128139007,1624.0467788024764,0.11933153806253187
289.0,133.7,0.0,194.9,5.5,924.1,760.1,28,46.25,0.6743944636678201,0.46108351076413534,0.31629997634255974,0.0,2.7270077720207255,0.8225300292176172,422.7,0.31629997634255974,0.013011592145729832,623.1,3.367295829986474,973.148494866091,1423.3559473352825,0.1369299087588593
147.8,175.1,0.0,171.2,2.2,1000.0,828.5,28,26.92,1.1583220568335586,0.5301951068442242,0.542273149581914,0.0,3.7006678809957503,0.8285,322.9,0.542273149581914,0.006813254877671106,496.29999999999995,3.367295829986474,497.6863236720009,1087.2998235026325,0.15745427001771742
145.4,0.0,178.9,201.7,7.8,824.0,868.7,28,10.54,1.3872077028885832,0.62195497995683,0.0,0.551649707061363,3.2180608365019014,1.054247572815534,324.3,0.551649707061363,0.024051803885291396,533.8,3.367295829986474,489.6048136800334,1092.0140376646136,0.18470458532873493
312.7,0.0,0.0,178.1,8.0,999.7,822.2,28,25.1,0.5695554844899264,0.5695554844899264,0.0,0.0,3.712102689486553,0.8224467340202061,312.7,0.0,0.025583626479053406,498.79999999999995,3.367295829986474,1052.9534060367705,1052.9534060367705,0.16914328685288524
136.4,161.6,125.8,171.6,10.4,922.6,764.4,28,29.07,1.2580645161290323,0.4049079754601227,0.38131193959414816,0.2968381311939594,2.8333893181054752,0.8285280728376327,423.8,0.6781500707881075,0.024539877300613498,605.8,3.367295829986474,459.2991512101551,1427.0599727482677,0.12024722385670199
154.8,0.0,142.8,193.3,9.1,877.2,867.7,28,9.74,1.2487080103359174,0.6495295698924731,0.0,0.4798387096774194,3.5544917498472195,0.9891700866393068,297.6,0.4798387096774194,0.03057795698924731,500.00000000000006,3.367295829986474,521.2573944819062,1002.1072390039748,0.19289352723579448
255.3,98.8,77.0,188.6,6.5,919.0,749.3,28,33.8,0.7387387387387386,0.437485502203665,0.2291811644630016,0.1786128508466713,2.6921090850411487,0.8153427638737758,431.1,0.4077940153096729,0.01507770818835537,626.2,3.367295829986474,859.6706253955468,1451.641232307169,0.12992190894181765
272.8,105.1,81.8,209.7,9.0,904.0,679.7,28,37.17,0.7686950146627565,0.4561670654774853,0.22862736567326516,0.1779421361757668,2.365850014938751,0.7518805309734514,459.7,0.40656950184903196,0.01957798564281053,678.4,3.367295829986474,918.5983024203102,1547.9458930447822,0.1354698513315112
162.0,190.1,148.1,178.8,18.8,838.1,741.4,28,33.76,1.1037037037037039,0.35745701719312273,0.3800479808076769,0.29608156737305075,2.326215022091311,0.8846199737501491,500.20000000000005,0.6761295481807277,0.03758496601359456,697.8,3.367295829986474,545.5019244578089,1684.3213741592344,0.10615551327860569
153.6,144.2,112.3,220.1,10.1,923.2,657.9,28,16.5,1.4329427083333333,0.5366983662521336,0.35162155571811754,0.2738356498415021,2.508886067914948,0.7126299826689774,410.09999999999997,0.6254572055596197,0.024628139478176055,640.3,3.367295829986474,517.2166394859224,1380.928019877453,0.15938557030621495
146.5,114.6,89.3,201.9,8.8,860.0,829.5,28,19.99,1.3781569965870308,0.5761986301369862,0.3270547945205479,0.25485159817351594,3.0590258917255113,0.9645348837209302,350.40000000000003,0.5819063926940639,0.02511415525114155,561.1,3.367295829986474,493.30883909301843,1179.9004588272608,0.17111612974595722
151.8,178.1,138.7,167.5,18.3,944.0,694.6,28,36.35,1.103425559947299,0.3574477166026462,0.38006828851899277,0.2959880495091763,2.576010061311115,0.7358050847457628,468.59999999999997,0.676056338028169,0.039052496798975676,654.3999999999999,3.367295829986474,511.1555069919468,1577.9148259316617,0.10615275124314871
309.9,142.8,111.2,167.8,22.1,913.9,651.2,28,38.22,0.5414649887060343,0.29757049122184787,0.25323638943075016,0.19719808476680264,2.138991389913899,0.7125506072874495,563.9,0.4504344741975528,0.039191345983330385,753.8000000000001,3.367295829986474,1043.5249777128083,1898.8181185293727,0.08837075987560118
143.6,0.0,174.9,158.4,17.9,942.7,844.5,28,15.42,1.1030640668523677,0.49733124018838304,0.0,0.5491365777080063,3.747536171105054,0.8958311233690464,318.5,0.5491365777080063,0.05620094191522763,494.79999999999995,3.367295829986474,483.54368118605765,1072.483721850692,0.14769454936496645
303.6,139.9,0.0,213.5,6.2,895.5,722.5,28,33.42,0.703227931488801,0.4813979706877114,0.315445321307779,0.0,2.462709284627093,0.8068118369625907,443.5,0.315445321307779,0.013979706877113867,663.2,3.367295829986474,1022.3110139838936,1493.3957005990012,0.14296277933193802
374.3,0.0,0.0,190.2,6.7,1013.2,730.4,28,39.06,0.5081485439487042,0.5081485439487042,0.0,0.0,3.0887511071744904,0.7208843268851164,374.3,0.0,0.01790008014961261,571.2,3.367295829986474,1260.3788291639373,1260.3788291639373,0.15090700954265293
158.6,148.9,116.0,175.1,15.0,953.3,719.7,28,27.68,1.1040353089533417,0.41345926800472255,0.3515938606847698,0.27390791027154665,2.7948546608753757,0.754956467009336,423.5,0.6255017709563163,0.03541912632821724,613.6,3.367295829986474,534.0531186358547,1426.0497839992718,0.12278673715649846
152.6,238.7,0.0,200.0,6.3,1001.8,683.9,28,26.86,1.3106159895150722,0.5111167901865576,0.6100178890876565,0.0,2.8508371385083713,0.6826711918546616,391.29999999999995,0.6100178890876565,0.016100178890876567,597.5999999999999,3.367295829986474,513.849343655936,1317.6228582737072,0.15178850210752368
310.0,142.8,0.0,167.9,10.0,914.3,804.0,28,45.3,0.5416129032258065,0.3708038869257951,0.31537102473498235,0.0,2.7683260834541645,0.8793612599803129,452.8,0.31537102473498235,0.022084805653710248,630.7,3.367295829986474,1043.861707295807,1524.7115518178755,0.11011918929834108
304.8,0.0,99.6,196.0,9.8,959.4,705.2,28,30.12,0.6430446194225722,0.4846686449060337,0.0,0.24629080118694363,2.772485009993338,0.7350427350427351,404.4,0.24629080118694363,0.024233432245301684,610.1999999999999,3.367295829986474,1026.3517689798773,1361.73443364653,0.1439340852056888
150.9,0.0,183.9,166.6,11.6,991.2,772.2,28,15.57,1.1040424121935055,0.49761051373954596,0.0,0.5492831541218638,3.516952532907858,0.7790556900726392,334.8,0.5492831541218638,0.03464755077658303,513.0,3.367295829986474,508.12494074495896,1127.3706438794716,0.1477774864056256
141.9,166.6,129.7,173.5,10.9,882.6,785.3,28,44.61,1.222692036645525,0.3959379278868097,0.3801916932907348,0.2959835691465084,2.7266633970900767,0.8897575345569906,438.2,0.6761752624372431,0.02487448653582839,622.6,3.367295829986474,477.8192782750807,1475.549032700073,0.11758335111542609
297.8,137.2,106.9,201.3,6.0,878.4,655.3,28,53.52,0.6759570181329752,0.3714707510610814,0.2531832441409854,0.19726886879498065,2.0636437029063504,0.7460154826958105,541.9,0.45045211293596604,0.011072153533862338,749.2,3.367295829986474,1002.7806981699721,1824.7376102696703,0.11031723074434287
321.3,164.2,0.0,190.5,4.6,870.0,774.0,28,57.22,0.5929038281979458,0.39237899073120497,0.3382080329557157,0.0,2.4319526627218937,0.8896551724137931,485.5,0.3382080329557157,0.009474768280123584,680.6,3.367295829986474,1081.9121501746542,1634.8221254584332,0.11652643858522554
366.0,187.0,0.0,191.3,6.6,824.3,756.9,28,65.91,0.5226775956284153,0.34593128390596745,0.33815551537070526,0.0,2.1244121993819696,0.9182336527963121,553.0,0.33815551537070526,0.011934900542495479,750.9,3.367295829986474,1232.4302737750495,1862.11459398252,0.10273266780583308
279.8,128.9,100.4,172.4,9.5,825.1,804.9,28,52.83,0.6161543959971408,0.3386368100569633,0.25319190728736984,0.19721076409349833,2.391782831988261,0.9755181190158768,509.1,0.4504026713808682,0.018660381064623845,691.0,3.367295829986474,942.1693732302155,1714.290307046114,0.10056639723820272
252.1,97.1,75.6,193.8,8.3,835.5,821.4,28,33.4,0.7687425624752083,0.4562146892655368,0.22857815442561205,0.17796610169491525,2.6784675072744912,0.9831238779174147,424.79999999999995,0.4065442561205273,0.019538606403013185,626.8999999999999,3.367295829986474,848.8952787395901,1430.4272685782541,0.13548399436807707
164.6,0.0,150.4,181.6,11.7,1023.3,728.9,28,18.03,1.103280680437424,0.5765079365079365,0.0,0.4774603174603175,3.5283930728956903,0.7123033323561028,315.0,0.4774603174603175,0.03714285714285714,508.3,3.367295829986474,554.2568936157736,1060.6981864457393,0.1712079857593778
155.6,243.5,0.0,180.3,10.7,1022.0,697.7,28,37.36,1.1587403598971724,0.4517664745677775,0.6101227762465548,0.0,2.968070417673455,0.6826810176125245,399.1,0.6101227762465548,0.026810323227261335,590.1000000000001,3.367295829986474,523.9512311458953,1343.8877657476019,0.13416298934732807
160.2,188.0,146.4,203.2,11.3,828.7,709.7,28,35.31,1.268414481897628,0.41083704003234933,0.3801051354630004,0.2959967650626769,2.204643164230439,0.8564015928562809,494.6,0.6761019005256772,0.02284674484431864,709.0999999999999,3.367295829986474,539.4407919638331,1665.46451751131,0.12200800309071734
298.1,0.0,107.0,186.4,6.1,879.0,815.2,28,42.64,0.6252935256625293,0.46013330041964945,0.0,0.26413231300913353,2.8642434488588338,0.9274175199089876,405.1,0.26413231300913353,0.015058010367810416,597.6,3.367295829986474,1003.790886918968,1364.0915407275209,0.13664772079781826
317.9,0.0,126.5,209.7,5.7,860.5,736.6,28,40.06,0.6596413966656182,0.4718721872187219,0.0,0.2846534653465347,2.4416755847729705,0.8560139453805927,444.4,0.2846534653465347,0.012826282628262827,659.8,3.367295829986474,1070.4633443527,1496.426266845989,0.14013386736520186
287.3,120.5,93.9,187.6,9.2,904.4,695.9,28,43.8,0.6529759832927253,0.3739286426151086,0.24018337651983254,0.18716364361172014,2.321630639779486,0.7694604157452455,501.70000000000005,0.4273470201315527,0.018337651983256924,698.5000000000001,3.367295829986474,967.424091955114,1689.3723179042142,0.11104716113303613
325.6,166.4,0.0,174.0,8.9,881.6,790.0,28,61.24,0.5343980343980343,0.35365853658536583,0.3382113821138211,0.0,2.5099099099099096,0.896098003629764,492.0,0.3382113821138211,0.018089430894308943,674.9,3.367295829986474,1096.391522243596,1656.7095483533453,0.10502746252228941
355.9,0.0,141.6,193.3,11.0,801.4,778.4,28,40.87,0.543130092722675,0.3885427135678392,0.0,0.28462311557788944,2.2869137232194556,0.9713002246069379,497.5,0.28462311557788944,0.022110552763819097,701.8,3.367295829986474,1198.4205858921862,1675.229675418271,0.11538716322687927
132.0,206.5,160.9,178.9,5.5,866.9,735.6,28,33.31,1.3553030303030305,0.35822987585102123,0.41349619543452143,0.32218662394873854,2.3625239569512018,0.8485407774829854,499.4,0.7356828193832599,0.011013215859030838,683.8,3.367295829986474,444.4830495582146,1681.6275374952452,0.10638503236362817
322.5,148.6,0.0,185.8,8.5,951.0,709.5,28,52.43,0.576124031007752,0.3943960942475058,0.3154319677350881,0.0,2.5277820063936667,0.7460567823343849,471.1,0.3154319677350881,0.01804287836977287,665.4000000000001,3.367295829986474,1085.952905170638,1586.3330655066281,0.11712546629711772
164.2,0.0,200.1,181.2,12.6,849.3,846.0,28,15.09,1.1035322777101095,0.49739225912709306,0.0,0.5492725775459787,3.1077910174152152,0.9961144471918051,364.29999999999995,0.5492725775459787,0.034586878945923695,558.1,3.367295829986474,552.909975283779,1226.7058708640723,0.14771267041574157
313.8,0.0,112.6,169.9,10.1,925.3,782.9,28,38.46,0.541427660930529,0.3984521575984991,0.0,0.26407129455909945,2.8646654368606406,0.8461039662812061,426.4,0.26407129455909945,0.023686679174484054,606.4,3.367295829986474,1056.6574314497557,1435.8149419062324,0.11833001248366694
321.4,0.0,127.9,182.5,11.5,870.1,779.7,28,37.27,0.5678282514001245,0.40618740262630765,0.0,0.2846650344981082,2.6112693890471674,0.8961038961038962,449.29999999999995,0.2846650344981082,0.02559537057645226,643.3,3.367295829986474,1082.2488797576527,1512.9260164129228,0.12062718072143344
139.7,163.9,127.7,236.7,5.8,868.6,655.6,28,35.23,1.6943450250536864,0.548805935543705,0.3800139114305588,0.2960816137259448,2.281736526946108,0.7547778033617315,431.3,0.6760955251565036,0.0134477162068166,673.8,3.367295829986474,470.4112274491104,1452.3146914731662,0.16298120606347483
288.4,121.0,0.0,177.4,7.0,907.9,829.5,28,42.14,0.615117891816921,0.4333170493404983,0.29555446995603324,0.0,2.9608043626448537,0.9136468774094063,409.4,0.29555446995603324,0.01709819247679531,593.8,3.367295829986474,971.1281173680991,1378.5709127964624,0.12868398596931083
298.2,0.0,107.0,209.7,11.1,879.6,744.2,28,31.88,0.7032193158953722,0.5175222112537019,0.0,0.26406712734452126,2.6407545942429667,0.8460663938153706,405.2,0.26406712734452126,0.027393879565646595,626.0,3.367295829986474,1004.1276165019666,1364.4282703105193,0.15369074693261528
264.5,111.0,86.5,195.5,5.9,832.6,790.4,28,41.54,0.7391304347826086,0.4231601731601732,0.24025974025974026,0.18722943722943722,2.468441064638783,0.9493153975498438,462.0,0.4274891774891775,0.01277056277056277,663.4,3.367295829986474,890.6497470314224,1555.690673453751,0.12566765574673994
159.8,250.0,0.0,168.4,12.2,1049.3,688.2,28,39.46,1.053817271589487,0.4109321620302587,0.6100536847242557,0.0,3.005015565548253,0.6558658153054417,409.8,0.6100536847242557,0.029770619814543677,590.4000000000001,3.367295829986474,538.0938736318386,1379.9178311284572,0.12203625187036486
166.0,259.7,0.0,183.2,12.7,858.8,826.8,28,37.92,1.1036144578313252,0.4303500117453606,0.6100540286586799,0.0,2.7682706519954015,0.9627387051700047,425.7,0.6100540286586799,0.029833215879727506,621.6,3.367295829986474,558.9711077777547,1433.4578348252421,0.12780285234014893
276.4,116.0,90.3,179.6,8.9,870.1,768.3,28,44.28,0.6497829232995659,0.3720737518127201,0.2403148953801533,0.18707271597265382,2.4738034123508985,0.883001953798414,482.7,0.4273876113528072,0.018437953180029006,671.1999999999999,3.367295829986474,930.7205674082613,1625.393697134471,0.11049630641279733
322.2,0.0,115.6,196.0,10.4,817.9,813.4,28,31.18,0.6083178150217257,0.4476930105070809,0.0,0.2640475102786661,2.5738403281792364,0.9944981049027999,437.79999999999995,0.2640475102786661,0.023755139333028783,644.1999999999999,3.367295829986474,1084.942716421642,1474.2021143680781,0.13295327559885917
148.5,139.4,108.6,192.7,6.1,892.4,780.0,28,23.7,1.2976430976430975,0.4860025220680958,0.35157629255989914,0.2738965952080706,2.838424983027834,0.8740475123263111,396.5,0.6254728877679697,0.015384615384615384,595.3000000000001,3.367295829986474,500.0434307529914,1335.132796589637,0.14433021231462398
159.1,186.7,0.0,175.6,11.3,989.6,788.9,28,32.77,1.103708359522313,0.5078079814921921,0.5399074609600926,0.0,3.411008822401228,0.7971907841552142,345.79999999999995,0.5399074609600926,0.032677848467322156,532.6999999999999,3.367295829986474,535.736766550848,1164.4108980093226,0.15080587127809078
260.9,100.5,78.3,200.6,8.6,864.5,761.5,28,32.4,0.7688769643541588,0.4562201501023425,0.22856493063452354,0.17807596088241984,2.5394346400124945,0.8808559861191441,439.7,0.4066408915169434,0.01955879008414828,648.9,3.367295829986474,878.5274820434711,1480.5999764450526,0.13548561609574264
540.0,0.0,0.0,162.0,2.5,1040.0,676.0,28,79.98611076,0.3,0.3,0.0,0.0,2.4444444444444446,0.65,540.0,0.0,0.004629629629629629,704.5,3.367295829986474,1818.339748192696,1818.339748192696,0.08909226131201102
540.0,0.0,0.0,162.0,2.5,1055.0,676.0,28,61.88736576,0.3,0.3,0.0,0.0,2.465811965811966,0.6407582938388625,540.0,0.0,0.004629629629629629,704.5,3.367295829986474,1818.339748192696,1818.339748192696,0.08909226131201102
332.5,142.5,0.0,228.0,0.0,932.0,594.0,270,40.269535256,0.6857142857142857,0.48,0.3,0.0,2.170697012802276,0.6373390557939914,475.0,0.3,0.0,703.0,5.602118820879701,1862.7045079425006,2661.006439917858,0.08568186704840822
332.5,142.5,0.0,228.0,0.0,932.0,594.0,365,41.052779992,0.6857142857142857,0.48,0.3,0.0,2.170697012802276,0.6373390557939914,475.0,0.3,0.0,703.0,5.902633333401366,1962.6255833559542,2803.7508333656488,0.08131963699723868
198.6,132.4,0.0,192.0,0.0,978.4,825.5,360,44.296075096,0.9667673716012085,0.5800604229607251,0.4,0.0,3.4491395793499047,0.8437244480784956,331.0,0.4,0.0,523.0,5.8888779583328805,1169.53116252491,1949.2186042081835,0.09850100937139103
266.0,114.0,0.0,228.0,0.0,932.0,670.0,90,47.029847436,0.8571428571428571,0.6,0.3,0.0,2.6348684210526314,0.7188841201716738,380.0,0.3,0.0,608.0,4.51085950651685,1199.888628733482,1714.126612476403,0.13301234479441856
380.0,95.0,0.0,228.0,0.0,932.0,594.0,365,43.698299404,0.6,0.48,0.2,0.0,2.170697012802276,0.6373390557939914,475.0,0.2,0.0,703.0,5.902633333401366,2243.000666692519,2803.7508333656488,0.08131963699723868
380.0,95.0,0.0,228.0,0.0,932.0,594.0,28,36.447769788,0.6,0.48,0.2,0.0,2.170697012802276,0.6373390557939914,475.0,0.2,0.0,703.0,3.367295829986474,1279.5724153948602,1599.4655192435753,0.14254761809921762
266.0,114.0,0.0,228.0,0.0,932.0,670.0,28,45.854290856,0.8571428571428571,0.6,0.3,0.0,2.6348684210526314,0.7188841201716738,380.0,0.3,0.0,608.0,3.367295829986474,895.7006907764021,1279.5724153948602,0.17818452262402204
475.0,0.0,0.0,228.0,0.0,932.0,594.0,28,39.28978986,0.48,0.48,0.0,0.0,2.170697012802276,0.6373390557939914,475.0,0.0,0.0,703.0,3.367295829986474,1599.4655192435753,1599.4655192435753,0.14254761809921762
198.6,132.4,0.0,192.0,0.0,978.4,825.5,90,38.074243672,0.9667673716012085,0.5800604229607251,0.4,0.0,3.4491395793499047,0.8437244480784956,331.0,0.4,0.0,523.0,4.51085950651685,895.8566979942464,1493.0944966570773,0.12859199496741372
198.6,132.4,0.0,192.0,0.0,978.4,825.5,28,28.021683592,0.9667673716012085,0.5800604229607251,0.4,0.0,3.4491395793499047,0.8437244480784956,331.0,0.4,0.0,523.0,3.367295829986474,668.7449518353137,1114.574919725523,0.17226298259724188
427.5,47.5,0.0,228.0,0.0,932.0,594.0,270,43.01296026,0.5333333333333333,0.48,0.1,0.0,2.170697012802276,0.6373390557939914,475.0,0.1,0.0,703.0,5.602118820879701,2394.905795926072,2661.006439917858,0.08568186704840822
190.0,190.0,0.0,228.0,0.0,932.0,670.0,90,42.32693164,1.2,0.6,0.5,0.0,2.6348684210526314,0.7188841201716738,380.0,0.5,0.0,608.0,4.51085950651685,857.0633062382014,1714.126612476403,0.13301234479441856
304.0,76.0,0.0,228.0,0.0,932.0,670.0,28,47.813781648,0.75,0.6,0.2,0.0,2.6348684210526314,0.7188841201716738,380.0,0.2,0.0,608.0,3.367295829986474,1023.6579323158882,1279.5724153948602,0.17818452262402204
380.0,0.0,0.0,228.0,0.0,932.0,670.0,90,52.908319812,0.6,0.6,0.0,0.0,2.6348684210526314,0.7188841201716738,380.0,0.0,0.0,608.0,4.51085950651685,1714.126612476403,1714.126612476403,0.13301234479441856
139.6,209.4,0.0,192.0,0.0,1047.0,806.9,90,39.358047984,1.3753581661891119,0.5501432664756447,0.6,0.0,3.4268022181146027,0.7706781279847182,349.0,0.6,0.0,541.0,4.51085950651685,629.7159871097522,1574.2899677743806,0.12195974307797691
342.0,38.0,0.0,228.0,0.0,932.0,670.0,365,56.141962252,0.6666666666666666,0.6,0.1,0.0,2.6348684210526314,0.7188841201716738,380.0,0.1,0.0,608.0,5.902633333401366,2018.700600023267,2243.000666692519,0.10164954624654834
380.0,95.0,0.0,228.0,0.0,932.0,594.0,90,40.563252032,0.6,0.48,0.2,0.0,2.170697012802276,0.6373390557939914,475.0,0.2,0.0,703.0,4.51085950651685,1714.126612476403,2142.6582655955035,0.10640987583553485
475.0,0.0,0.0,228.0,0.0,932.0,594.0,180,42.620648416,0.48,0.48,0.0,0.0,2.170697012802276,0.6373390557939914,475.0,0.0,0.0,703.0,5.198497031265826,2469.286089851267,2469.286089851267,0.09233437993964204
427.5,47.5,0.0,228.0,0.0,932.0,594.0,180,41.836714204,0.5333333333333333,0.48,0.1,0.0,2.170697012802276,0.6373390557939914,475.0,0.1,0.0,703.0,5.198497031265826,2222.3574808661406,2469.286089851267,0.09233437993964204
139.6,209.4,0.0,192.0,0.0,1047.0,806.9,28,28.23748958,1.3753581661891119,0.5501432664756447,0.6,0.0,3.4268022181146027,0.7706781279847182,349.0,0.6,0.0,541.0,3.367295829986474,470.07449786611176,1175.1862446652794,0.1633783588529715
139.6,209.4,0.0,192.0,0.0,1047.0,806.9,3,8.06342182,1.3753581661891119,0.5501432664756447,0.6,0.0,3.4268022181146027,0.7706781279847182,349.0,0.6,0.0,541.0,1.3862943611198906,193.5266928123367,483.8167320308418,0.39684448116143406
139.6,209.4,0.0,192.0,0.0,1047.0,806.9,180,44.207822168,1.3753581661891119,0.5501432664756447,0.6,0.0,3.4268022181146027,0.7706781279847182,349.0,0.6,0.0,541.0,5.198497031265826,725.7101855647093,1814.2754639117734,0.10582736955832898
380.0,0.0,0.0,228.0,0.0,932.0,670.0,365,52.516697444,0.6,0.6,0.0,0.0,2.6348684210526314,0.7188841201716738,380.0,0.0,0.0,608.0,5.902633333401366,2243.000666692519,2243.000666692519,0.10164954624654834
380.0,0.0,0.0,228.0,0.0,932.0,670.0,270,53.300631656,0.6,0.6,0.0,0.0,2.6348684210526314,0.7188841201716738,380.0,0.0,0.0,608.0,5.602118820879701,2128.805151934286,2128.805151934286,0.10710233381051028
380.0,95.0,0.0,228.0,0.0,932.0,594.0,270,41.15137506,0.6,0.48,0.2,0.0,2.170697012802276,0.6373390557939914,475.0,0.2,0.0,703.0,5.602118820879701,2128.805151934286,2661.006439917858,0.08568186704840822
342.0,38.0,0.0,228.0,0.0,932.0,670.0,180,52.1243856,0.6666666666666666,0.6,0.1,0.0,2.6348684210526314,0.7188841201716738,380.0,0.1,0.0,608.0,5.198497031265826,1777.8859846929124,1975.428871881014,0.11541797492455255
427.5,47.5,0.0,228.0,0.0,932.0,594.0,28,37.427515184,0.5333333333333333,0.48,0.1,0.0,2.170697012802276,0.6373390557939914,475.0,0.1,0.0,703.0,3.367295829986474,1439.5189673192176,1599.4655192435753,0.14254761809921762
475.0,0.0,0.0,228.0,0.0,932.0,594.0,7,38.60376124,0.48,0.48,0.0,0.0,2.170697012802276,0.6373390557939914,475.0,0.0,0.0,703.0,2.0794415416798357,987.7347322979219,987.7347322979219,0.23083120654223416
304.0,76.0,0.0,228.0,0.0,932.0,670.0,365,55.260122448,0.75,0.6,0.2,0.0,2.6348684210526314,0.7188841201716738,380.0,0.2,0.0,608.0,5.902633333401366,1794.4005333540151,2243.000666692519,0.10164954624654834
266.0,114.0,0.0,228.0,0.0,932.0,670.0,365,52.908319812,0.8571428571428571,0.6,0.3,0.0,2.6348684210526314,0.7188841201716738,380.0,0.3,0.0,608.0,5.902633333401366,1570.1004666847634,2243.000666692519,0.10164954624654834
198.6,132.4,0.0,192.0,0.0,978.4,825.5,180,41.719503284,0.9667673716012085,0.5800604229607251,0.4,0.0,3.4491395793499047,0.8437244480784956,331.0,0.4,0.0,523.0,5.198497031265826,1032.421510409393,1720.7025173489885,0.11158233225334387
475.0,0.0,0.0,228.0,0.0,932.0,594.0,270,42.131120456,0.48,0.48,0.0,0.0,2.170697012802276,0.6373390557939914,475.0,0.0,0.0,703.0,5.602118820879701,2661.006439917858,2661.006439917858,0.08568186704840822
190.0,190.0,0.0,228.0,0.0,932.0,670.0,365,53.692254024,1.2,0.6,0.5,0.0,2.6348684210526314,0.7188841201716738,380.0,0.5,0.0,608.0,5.902633333401366,1121.5003333462596,2243.000666692519,0.10164954624654834
237.5,237.5,0.0,228.0,0.0,932.0,594.0,270,38.407950056,0.96,0.48,0.5,0.0,2.170697012802276,0.6373390557939914,475.0,0.5,0.0,703.0,5.602118820879701,1330.503219958929,2661.006439917858,0.08568186704840822
237.5,237.5,0.0,228.0,0.0,932.0,594.0,28,30.079769452,0.96,0.48,0.5,0.0,2.170697012802276,0.6373390557939914,475.0,0.5,0.0,703.0,3.367295829986474,799.7327596217876,1599.4655192435753,0.14254761809921762
332.5,142.5,0.0,228.0,0.0,932.0,594.0,90,37.721921436,0.6857142857142857,0.48,0.3,0.0,2.170697012802276,0.6373390557939914,475.0,0.3,0.0,703.0,4.51085950651685,1499.8607859168526,2142.6582655955035,0.10640987583553485
475.0,0.0,0.0,228.0,0.0,932.0,594.0,90,42.229026048,0.48,0.48,0.0,0.0,2.170697012802276,0.6373390557939914,475.0,0.0,0.0,703.0,4.51085950651685,2142.6582655955035,2142.6582655955035,0.10640987583553485
237.5,237.5,0.0,228.0,0.0,932.0,594.0,180,36.251958604,0.96,0.48,0.5,0.0,2.170697012802276,0.6373390557939914,475.0,0.5,0.0,703.0,5.198497031265826,1234.6430449256336,2469.286089851267,0.09233437993964204
342.0,38.0,0.0,228.0,0.0,932.0,670.0,90,50.45930106,0.6666666666666666,0.6,0.1,0.0,2.6348684210526314,0.7188841201716738,380.0,0.1,0.0,608.0,4.51085950651685,1542.7139512287627,1714.126612476403,0.13301234479441856
427.5,47.5,0.0,228.0,0.0,932.0,594.0,365,43.698299404,0.5333333333333333,0.48,0.1,0.0,2.170697012802276,0.6373390557939914,475.0,0.1,0.0,703.0,5.902633333401366,2523.375750029084,2803.7508333656488,0.08131963699723868
237.5,237.5,0.0,228.0,0.0,932.0,594.0,365,38.995383608,0.96,0.48,0.5,0.0,2.170697012802276,0.6373390557939914,475.0,0.5,0.0,703.0,5.902633333401366,1401.8754166828244,2803.7508333656488,0.08131963699723868
380.0,0.0,0.0,228.0,0.0,932.0,670.0,180,53.104130996,0.6,0.6,0.0,0.0,2.6348684210526314,0.7188841201716738,380.0,0.0,0.0,608.0,5.198497031265826,1975.428871881014,1975.428871881014,0.11541797492455255
427.5,47.5,0.0,228.0,0.0,932.0,594.0,90,41.542997428,0.5333333333333333,0.48,0.1,0.0,2.170697012802276,0.6373390557939914,475.0,0.1,0.0,703.0,4.51085950651685,1928.3924390359532,2142.6582655955035,0.10640987583553485
427.5,47.5,0.0,228.0,0.0,932.0,594.0,7,35.076402024,0.5333333333333333,0.48,0.1,0.0,2.170697012802276,0.6373390557939914,475.0,0.1,0.0,703.0,2.0794415416798357,888.9612590681298,987.7347322979219,0.23083120654223416
349.0,0.0,0.0,192.0,0.0,1047.0,806.9,3,15.049192652,0.5501432664756447,0.5501432664756447,0.0,0.0,3.4268022181146027,0.7706781279847182,349.0,0.0,0.0,541.0,1.3862943611198906,483.8167320308418,483.8167320308418,0.39684448116143406
380.0,95.0,0.0,228.0,0.0,932.0,594.0,180,40.759063216,0.6,0.48,0.2,0.0,2.170697012802276,0.6373390557939914,475.0,0.2,0.0,703.0,5.198497031265826,1975.428871881014,2469.286089851267,0.09233437993964204
237.5,237.5,0.0,228.0,0.0,932.0,594.0,7,26.258003984,0.96,0.48,0.5,0.0,2.170697012802276,0.6373390557939914,475.0,0.5,0.0,703.0,2.0794415416798357,493.86736614896097,987.7347322979219,0.23083120654223416
380.0,95.0,0.0,228.0,0.0,932.0,594.0,7,32.823194456,0.6,0.48,0.2,0.0,2.170697012802276,0.6373390557939914,475.0,0.2,0.0,703.0,2.0794415416798357,790.1877858383376,987.7347322979219,0.23083120654223416
332.5,142.5,0.0,228.0,0.0,932.0,594.0,180,39.77931782,0.6857142857142857,0.48,0.3,0.0,2.170697012802276,0.6373390557939914,475.0,0.3,0.0,703.0,5.198497031265826,1728.500262895887,2469.286089851267,0.09233437993964204
190.0,190.0,0.0,228.0,0.0,932.0,670.0,180,46.931941844,1.2,0.6,0.5,0.0,2.6348684210526314,0.7188841201716738,380.0,0.5,0.0,608.0,5.198497031265826,987.714435940507,1975.428871881014,0.11541797492455255
237.5,237.5,0.0,228.0,0.0,932.0,594.0,90,33.116911232,0.96,0.48,0.5,0.0,2.170697012802276,0.6373390557939914,475.0,0.5,0.0,703.0,4.51085950651685,1071.3291327977518,2142.6582655955035,0.10640987583553485
304.0,76.0,0.0,228.0,0.0,932.0,670.0,90,49.185149412,0.75,0.6,0.2,0.0,2.6348684210526314,0.7188841201716738,380.0,0.2,0.0,608.0,4.51085950651685,1371.3012899811224,1714.126612476403,0.13301234479441856
139.6,209.4,0.0,192.0,0.0,1047.0,806.9,7,14.58931216,1.3753581661891119,0.5501432664756447,0.6,0.0,3.4268022181146027,0.7706781279847182,349.0,0.6,0.0,541.0,2.0794415416798357,290.29003921850506,725.7250980462627,0.2645629874409561
198.6,132.4,0.0,192.0,0.0,978.4,825.5,7,14.638264956,0.9667673716012085,0.5800604229607251,0.4,0.0,3.4491395793499047,0.8437244480784956,331.0,0.4,0.0,523.0,2.0794415416798357,412.97709017761537,688.2951502960257,0.27895009854046426
475.0,0.0,0.0,228.0,0.0,932.0,594.0,365,41.934619796,0.48,0.48,0.0,0.0,2.170697012802276,0.6373390557939914,475.0,0.0,0.0,703.0,5.902633333401366,2803.7508333656488,2803.7508333656488,0.08131963699723868
198.6,132.4,0.0,192.0,0.0,978.4,825.5,3,9.131420144,0.9667673716012085,0.5800604229607251,0.4,0.0,3.4491395793499047,0.8437244480784956,331.0,0.4,0.0,523.0,1.3862943611198906,275.31806011841024,458.8634335306838,0.4184251478106964
304.0,76.0,0.0,228.0,0.0,932.0,670.0,180,50.94882902,0.75,0.6,0.2,0.0,2.6348684210526314,0.7188841201716738,380.0,0.2,0.0,608.0,5.198497031265826,1580.343097504811,1975.428871881014,0.11541797492455255
332.5,142.5,0.0,228.0,0.0,932.0,594.0,28,33.01900564,0.6857142857142857,0.48,0.3,0.0,2.170697012802276,0.6373390557939914,475.0,0.3,0.0,703.0,3.367295829986474,1119.6258634705027,1599.4655192435753,0.14254761809921762
304.0,76.0,0.0,228.0,0.0,932.0,670.0,270,54.378282644,0.75,0.6,0.2,0.0,2.6348684210526314,0.7188841201716738,380.0,0.2,0.0,608.0,5.602118820879701,1703.044121547429,2128.805151934286,0.10710233381051028
266.0,114.0,0.0,228.0,0.0,932.0,670.0,270,51.732763232,0.8571428571428571,0.6,0.3,0.0,2.6348684210526314,0.7188841201716738,380.0,0.3,0.0,608.0,5.602118820879701,1490.1636063540004,2128.805151934286,0.10710233381051028
310.0,0.0,0.0,192.0,0.0,971.0,850.6,3,9.86640156,0.6193548387096774,0.6193548387096774,0.0,0.0,3.6286852589641434,0.8760041194644697,310.0,0.0,0.0,502.0,1.3862943611198906,429.75125194716605,429.75125194716605,0.44677007717851774
190.0,190.0,0.0,228.0,0.0,932.0,670.0,270,50.655112244,1.2,0.6,0.5,0.0,2.6348684210526314,0.7188841201716738,380.0,0.5,0.0,608.0,5.602118820879701,1064.402575967143,2128.805151934286,0.10710233381051028
266.0,114.0,0.0,228.0,0.0,932.0,670.0,180,48.695621452,0.8571428571428571,0.6,0.3,0.0,2.6348684210526314,0.7188841201716738,380.0,0.3,0.0,608.0,5.198497031265826,1382.8002103167098,1975.428871881014,0.11541797492455255
342.0,38.0,0.0,228.0,0.0,932.0,670.0,270,55.064311264,0.6666666666666666,0.6,0.1,0.0,2.6348684210526314,0.7188841201716738,380.0,0.1,0.0,608.0,5.602118820879701,1915.9246367408577,2128.805151934286,0.10710233381051028
139.6,209.4,0.0,192.0,0.0,1047.0,806.9,360,44.698039604,1.3753581661891119,0.5501432664756447,0.6,0.0,3.4268022181146027,0.7706781279847182,349.0,0.6,0.0,541.0,5.8888779583328805,822.08736298327,2055.218407458175,0.09342072808576053
332.5,142.5,0.0,228.0,0.0,932.0,594.0,7,30.275580636,0.6857142857142857,0.48,0.3,0.0,2.170697012802276,0.6373390557939914,475.0,0.3,0.0,703.0,2.0794415416798357,691.4143126085454,987.7347322979219,0.23083120654223416
190.0,190.0,0.0,228.0,0.0,932.0,670.0,28,40.856968808,1.2,0.6,0.5,0.0,2.6348684210526314,0.7188841201716738,380.0,0.5,0.0,608.0,3.367295829986474,639.7862076974301,1279.5724153948602,0.17818452262402204
485.0,0.0,0.0,146.0,0.0,1120.0,800.0,28,71.98818916,0.30103092783505153,0.30103092783505153,0.0,0.0,3.0427892234548337,0.7142857142857143,485.0,0.0,0.0,631.0,3.367295829986474,1633.1384775434399,1633.1384775434399,0.0893984202855918
374.0,189.2,0.0,170.1,10.1,926.1,756.7,3,34.39795764,0.4548128342245989,0.3020241477272727,0.33593749999999994,0.0,2.2948315832537842,0.8170823885109599,563.2,0.33593749999999994,0.017933238636363633,743.4000000000001,1.3862943611198906,518.4740910588391,780.7609841827224,0.217864370077426
313.3,262.2,0.0,175.5,8.6,1046.9,611.8,3,28.79941252,0.5601659751037344,0.3049522154648132,0.4556038227628149,0.0,2.2086551264980026,0.5843920145190562,575.5,0.4556038227628149,0.014943527367506515,759.6,1.3862943611198906,434.3260233388617,797.812404824497,0.21997652447959434
425.0,106.3,0.0,153.5,16.5,852.1,887.1,3,33.39821744,0.3611764705882353,0.2889139845661585,0.2000752870318088,0.0,2.5397196261682247,1.0410749911982162,531.3,0.2000752870318088,0.031055900621118016,701.3,1.3862943611198906,589.1751034759535,736.5381940629978,0.2084073863885337
425.0,106.3,0.0,151.4,18.6,936.0,803.7,3,36.3009114,0.3562352941176471,0.284961415396198,0.2000752870318088,0.0,2.548264244909917,0.8586538461538462,531.3,0.2000752870318088,0.035008469791078495,701.3,1.3862943611198906,589.1751034759535,736.5381940629978,0.2055562104183974
375.0,93.8,0.0,126.6,23.4,852.1,992.6,3,28.99936056,0.3376,0.27005119453924914,0.2000853242320819,0.0,3.0982532751091707,1.1648867503814107,468.8,0.2000853242320819,0.04991467576791808,618.8,1.3862943611198906,519.860385419959,649.8947964930047,0.19480075957395773
475.0,118.8,0.0,181.1,8.9,852.1,781.5,3,37.79707432,0.3812631578947368,0.30498484338160997,0.20006736274840015,0.0,2.1081429861917664,0.9171458748973125,593.8,0.20006736274840015,0.014988211519029978,783.8,1.3862943611198906,658.489821531948,823.181591632991,0.22000006054647295
469.0,117.2,0.0,137.8,32.2,852.1,840.5,3,40.1964508,0.293816631130064,0.23507335380416242,0.19993176390310474,0.0,2.337845303867403,0.9863865743457341,586.2,0.19993176390310474,0.05493005800068236,756.2,1.3862943611198906,650.1720553652286,812.64575448848,0.16956958088920093
425.0,106.3,0.0,153.5,16.5,852.1,887.1,3,33.39821744,0.3611764705882353,0.2889139845661585,0.2000752870318088,0.0,2.5397196261682247,1.0410749911982162,531.3,0.2000752870318088,0.031055900621118016,701.3,1.3862943611198906,589.1751034759535,736.5381940629978,0.2084073863885337
388.6,97.1,0.0,157.9,12.1,852.1,925.7,3,28.096147,0.40633041688111166,0.32509779699402924,0.19991764463660694,0.0,2.762274704785581,1.0863748386339631,485.70000000000005,0.19991764463660694,0.02491249742639489,655.7,1.3862943611198906,538.7139887311895,673.323171195931,0.23450848976360647
531.3,0.0,0.0,141.8,28.2,852.1,893.7,3,41.2996124,0.26689252776209305,0.26689252776209305,0.0,0.0,2.5936710741346016,1.0488205609670227,531.3,0.0,0.05307735742518351,701.3,1.3862943611198906,736.5381940629978,736.5381940629978,0.19252226312634582
425.0,106.3,0.0,153.5,16.5,852.1,887.1,3,33.39821744,0.3611764705882353,0.2889139845661585,0.2000752870318088,0.0,2.5397196261682247,1.0410749911982162,531.3,0.2000752870318088,0.031055900621118016,701.3,1.3862943611198906,589.1751034759535,736.5381940629978,0.2084073863885337
318.8,212.5,0.0,155.7,14.3,852.1,880.4,3,25.2003478,0.4883939774153073,0.2930547713156409,0.39996235648409567,0.0,2.521834061135371,1.0332120643117004,531.3,0.39996235648409567,0.026915113871635615,701.3,1.3862943611198906,441.95064232502114,736.5381940629978,0.21139433264296217
401.8,94.7,0.0,147.4,11.4,946.8,852.1,3,41.09966436,0.3668491786958686,0.29687814702920445,0.19073514602215508,0.0,2.793756794533313,0.8999788762146177,496.5,0.19073514602215508,0.022960725075528703,655.3,1.3862943611198906,557.013074297972,688.2951502960257,0.2141523152336689
362.6,189.0,0.0,164.9,11.6,944.7,755.8,3,35.3011712,0.4547710976282405,0.2989485134155185,0.3426395939086294,0.0,2.3733426378227493,0.8000423414840689,551.6,0.3426395939086294,0.021029731689630165,728.1,1.3862943611198906,502.67033534207235,764.6799695937317,0.21564576889284814
323.7,282.8,0.0,183.8,10.3,942.7,659.9,3,28.29609504,0.5678097003398209,0.30305028854080795,0.4662819455894477,0.0,2.027837530051879,0.7000106078285774,606.5,0.4662819455894477,0.016982687551525145,800.5999999999999,1.3862943611198906,448.74348469450854,840.7875300192136,0.21860457420889656
379.5,151.2,0.0,153.9,15.9,1134.3,605.0,3,28.59946448,0.40553359683794465,0.2899943470887507,0.2849067269643866,0.0,2.5406076541045866,0.533368597372829,530.7,0.2849067269643866,0.029960429621254944,700.5,1.3862943611198906,526.0987100449985,735.706417446326,0.20918670321538674
362.6,189.0,0.0,164.9,11.6,944.7,755.8,3,35.3011712,0.4547710976282405,0.2989485134155185,0.3426395939086294,0.0,2.3733426378227493,0.8000423414840689,551.6,0.3426395939086294,0.021029731689630165,728.1,1.3862943611198906,502.67033534207235,764.6799695937317,0.21564576889284814
286.3,200.9,0.0,144.7,11.2,1004.6,803.7,3,24.40055564,0.505413901501921,0.2970032840722495,0.41235632183908044,0.0,2.861686975787308,0.8000199084212622,487.20000000000005,0.41235632183908044,0.022988505747126433,643.1000000000001,1.3862943611198906,396.8960755886247,675.4026127376108,0.21424258252938522
362.6,189.0,0.0,164.9,11.6,944.7,755.8,3,35.3011712,0.4547710976282405,0.2989485134155185,0.3426395939086294,0.0,2.3733426378227493,0.8000423414840689,551.6,0.3426395939086294,0.021029731689630165,728.1,1.3862943611198906,502.67033534207235,764.6799695937317,0.21564576889284814
439.0,177.0,0.0,186.0,11.1,884.9,707.9,3,39.300132,0.42369020501138954,0.30194805194805197,0.28733766233766234,0.0,1.9860349127182044,0.7999773985761103,616.0,0.28733766233766234,0.01801948051948052,813.1,1.3862943611198906,608.5832245316319,853.9573264498526,0.21780947857576885
389.9,189.0,0.0,145.9,22.0,944.7,755.8,3,40.59634688,0.37419851243908697,0.25202971152185183,0.3264812575574365,0.0,2.346164459161148,0.8000423414840689,578.9,0.3264812575574365,0.03800310934531007,746.8,1.3862943611198906,540.5161714006452,802.5258056523046,0.18180100748462585
362.6,189.0,0.0,164.9,11.6,944.7,755.8,3,35.3011712,0.4547710976282405,0.2989485134155185,0.3426395939086294,0.0,2.3733426378227493,0.8000423414840689,551.6,0.3426395939086294,0.021029731689630165,728.1,1.3862943611198906,502.67033534207235,764.6799695937317,0.21564576889284814
337.9,189.0,0.0,174.9,9.5,944.7,755.8,3,24.0971862,0.5176087599881622,0.33194154488517746,0.35870184095653823,0.0,2.4230550014249075,0.8000423414840689,526.9,0.35870184095653823,0.01802998671474663,711.3,1.3862943611198906,468.42886462241097,730.4384988740703,0.2394452103354334
374.0,189.2,0.0,170.1,10.1,926.1,756.7,7,46.20178676,0.4548128342245989,0.3020241477272727,0.33593749999999994,0.0,2.2948315832537842,0.8170823885109599,563.2,0.33593749999999994,0.017933238636363633,743.4000000000001,2.0794415416798357,777.7111365882586,1171.1414762740835,0.14524291338495068
313.3,262.2,0.0,175.5,8.6,1046.9,611.8,7,42.79577532,0.5601659751037344,0.3049522154648132,0.4556038227628149,0.0,2.2086551264980026,0.5843920145190562,575.5,0.4556038227628149,0.014943527367506515,759.6,2.0794415416798357,651.4890350082926,1196.7186072367456,0.14665101631972957
425.0,106.3,0.0,153.5,16.5,852.1,887.1,7,49.20100736,0.3611764705882353,0.2889139845661585,0.2000752870318088,0.0,2.5397196261682247,1.0410749911982162,531.3,0.2000752870318088,0.031055900621118016,701.3,2.0794415416798357,883.7626552139302,1104.8072910944966,0.1389382575923558
425.0,106.3,0.0,151.4,18.6,936.0,803.7,7,46.80163088,0.3562352941176471,0.284961415396198,0.2000752870318088,0.0,2.548264244909917,0.8586538461538462,531.3,0.2000752870318088,0.035008469791078495,701.3,2.0794415416798357,883.7626552139302,1104.8072910944966,0.13703747361226493
375.0,93.8,0.0,126.6,23.4,852.1,992.6,7,45.69846928,0.3376,0.27005119453924914,0.2000853242320819,0.0,3.0982532751091707,1.1648867503814107,468.8,0.2000853242320819,0.04991467576791808,618.8,2.0794415416798357,779.7905781299384,974.842194739507,0.12986717304930517
475.0,118.8,0.0,181.1,8.9,852.1,781.5,7,55.59934464,0.3812631578947368,0.30498484338160997,0.20006736274840015,0.0,2.1081429861917664,0.9171458748973125,593.8,0.20006736274840015,0.014988211519029978,783.8,2.0794415416798357,987.7347322979219,1234.7723874494864,0.14666670703098197
469.0,117.2,0.0,137.8,32.2,852.1,840.5,7,54.89607912,0.293816631130064,0.23507335380416242,0.19993176390310474,0.0,2.337845303867403,0.9863865743457341,586.2,0.19993176390310474,0.05493005800068236,756.2,2.0794415416798357,975.258083047843,1218.9686317327198,0.11304638725946729
425.0,106.3,0.0,153.5,16.5,852.1,887.1,7,49.20100736,0.3611764705882353,0.2889139845661585,0.2000752870318088,0.0,2.5397196261682247,1.0410749911982162,531.3,0.2000752870318088,0.031055900621118016,701.3,2.0794415416798357,883.7626552139302,1104.8072910944966,0.1389382575923558
388.6,97.1,0.0,157.9,12.1,852.1,925.7,7,34.90127512,0.40633041688111166,0.32509779699402924,0.19991764463660694,0.0,2.762274704785581,1.0863748386339631,485.70000000000005,0.19991764463660694,0.02491249742639489,655.7,2.0794415416798357,808.0709830967842,1009.9847567938963,0.15633899317573766
531.3,0.0,0.0,141.8,28.2,852.1,893.7,7,46.89815752,0.26689252776209305,0.26689252776209305,0.0,0.0,2.5936710741346016,1.0488205609670227,531.3,0.0,0.05307735742518351,701.3,2.0794415416798357,1104.8072910944966,1104.8072910944966,0.12834817541756388
425.0,106.3,0.0,153.5,16.5,852.1,887.1,7,49.20100736,0.3611764705882353,0.2889139845661585,0.2000752870318088,0.0,2.5397196261682247,1.0410749911982162,531.3,0.2000752870318088,0.031055900621118016,701.3,2.0794415416798357,883.7626552139302,1104.8072910944966,0.1389382575923558
318.8,212.5,0.0,155.7,14.3,852.1,880.4,7,33.39821744,0.4883939774153073,0.2930547713156409,0.39996235648409567,0.0,2.521834061135371,1.0332120643117004,531.3,0.39996235648409567,0.026915113871635615,701.3,2.0794415416798357,662.9259634875317,1104.8072910944966,0.14092955509530813
401.8,94.7,0.0,147.4,11.4,946.8,852.1,7,54.09628696,0.3668491786958686,0.29687814702920445,0.19073514602215508,0.0,2.793756794533313,0.8999788762146177,496.5,0.19073514602215508,0.022960725075528703,655.3,2.0794415416798357,835.519611446958,1032.4427254440384,0.14276821015577928
362.6,189.0,0.0,164.9,11.6,944.7,755.8,7,55.89581932,0.4547710976282405,0.2989485134155185,0.3426395939086294,0.0,2.3733426378227493,0.8000423414840689,551.6,0.3426395939086294,0.021029731689630165,728.1,2.0794415416798357,754.0055030131085,1147.0199543905974,0.14376384592856542
323.7,282.8,0.0,183.8,10.3,942.7,659.9,7,49.80085148,0.5678097003398209,0.30305028854080795,0.4662819455894477,0.0,2.027837530051879,0.7000106078285774,606.5,0.4662819455894477,0.016982687551525145,800.5999999999999,2.0794415416798357,673.1152270417629,1261.1812950288204,0.14573638280593104
379.5,151.2,0.0,153.9,15.9,1134.3,605.0,7,47.09810556,0.40553359683794465,0.2899943470887507,0.2849067269643866,0.0,2.5406076541045866,0.533368597372829,530.7,0.2849067269643866,0.029960429621254944,700.5,2.0794415416798357,789.1480650674977,1103.5596261694889,0.13945780214359116
362.6,189.0,0.0,164.9,11.6,944.7,755.8,7,55.89581932,0.4547710976282405,0.2989485134155185,0.3426395939086294,0.0,2.3733426378227493,0.8000423414840689,551.6,0.3426395939086294,0.021029731689630165,728.1,2.0794415416798357,754.0055030131085,1147.0199543905974,0.14376384592856542
286.3,200.9,0.0,144.7,11.2,1004.6,803.7,7,37.99702236,0.505413901501921,0.2970032840722495,0.41235632183908044,0.0,2.861686975787308,0.8000199084212622,487.20000000000005,0.41235632183908044,0.022988505747126433,643.1000000000001,2.0794415416798357,595.344113382937,1013.103919106416,0.1428283883529235
362.6,189.0,0.0,164.9,11.6,944.7,755.8,7,55.89581932,0.4547710976282405,0.2989485134155185,0.3426395939086294,0.0,2.3733426378227493,0.8000423414840689,551.6,0.3426395939086294,0.021029731689630165,728.1,2.0794415416798357,754.0055030131085,1147.0199543905974,0.14376384592856542
439.0,177.0,0.0,186.0,11.1,884.9,707.9,7,56.09576736,0.42369020501138954,0.30194805194805197,0.28733766233766234,0.0,1.9860349127182044,0.7999773985761103,616.0,0.28733766233766234,0.01801948051948052,813.1,2.0794415416798357,912.8748367974479,1280.9359896747787,0.14520631905051257
389.9,189.0,0.0,145.9,22.0,944.7,755.8,7,59.09498796,0.37419851243908697,0.25202971152185183,0.3264812575574365,0.0,2.346164459161148,0.8000423414840689,578.9,0.3264812575574365,0.03800310934531007,746.8,2.0794415416798357,810.7742571009679,1203.7887084784568,0.12120067165641724
362.6,189.0,0.0,164.9,11.6,944.7,755.8,7,22.89749796,0.4547710976282405,0.2989485134155185,0.3426395939086294,0.0,2.3733426378227493,0.8000423414840689,551.6,0.3426395939086294,0.021029731689630165,728.1,2.0794415416798357,754.0055030131085,1147.0199543905974,0.14376384592856542
337.9,189.0,0.0,174.9,9.5,944.7,755.8,7,35.10122316,0.5176087599881622,0.33194154488517746,0.35870184095653823,0.0,2.4230550014249075,0.8000423414840689,526.9,0.35870184095653823,0.01802998671474663,711.3,2.0794415416798357,702.6432969336164,1095.6577483111055,0.15963014022362226
374.0,189.2,0.0,170.1,10.1,926.1,756.7,28,61.09446836,0.4548128342245989,0.3020241477272727,0.33593749999999994,0.0,2.2948315832537842,0.8170823885109599,563.2,0.33593749999999994,0.017933238636363633,743.4000000000001,3.367295829986474,1259.3686404149414,1896.4610114483824,0.089693380972852
313.3,262.2,0.0,175.5,8.6,1046.9,611.8,28,59.79825348,0.5601659751037344,0.3049522154648132,0.4556038227628149,0.0,2.2086551264980026,0.5843920145190562,575.5,0.4556038227628149,0.014943527367506515,759.6,3.367295829986474,1054.9737835347623,1937.8787501572158,0.09056294155955942
425.0,106.3,0.0,153.5,16.5,852.1,887.1,28,60.2946762,0.3611764705882353,0.2889139845661585,0.2000752870318088,0.0,2.5397196261682247,1.0410749911982162,531.3,0.2000752870318088,0.031055900621118016,701.3,3.367295829986474,1431.1007277442516,1789.0442744718137,0.08580000069887506
425.0,106.3,0.0,151.4,18.6,936.0,803.7,28,61.79773388,0.3562352941176471,0.284961415396198,0.2000752870318088,0.0,2.548264244909917,0.8586538461538462,531.3,0.2000752870318088,0.035008469791078495,701.3,3.367295829986474,1431.1007277442516,1789.0442744718137,0.08462618961439532
375.0,93.8,0.0,126.6,23.4,852.1,992.6,28,56.69561148,0.3376,0.27005119453924914,0.2000853242320819,0.0,3.0982532751091707,1.1648867503814107,468.8,0.2000853242320819,0.04991467576791808,618.8,3.367295829986474,1262.7359362449279,1578.588285097659,0.0801982386383717
475.0,118.8,0.0,181.1,8.9,852.1,781.5,28,68.29949256,0.3812631578947368,0.30498484338160997,0.20006736274840015,0.0,2.1081429861917664,0.9171458748973125,593.8,0.20006736274840015,0.014988211519029978,783.8,3.367295829986474,1599.4655192435753,1999.5002638459682,0.0905726312091905
469.0,117.2,0.0,137.8,32.2,852.1,840.5,28,66.89985628,0.293816631130064,0.23507335380416242,0.19993176390310474,0.0,2.337845303867403,0.9863865743457341,586.2,0.19993176390310474,0.05493005800068236,756.2,3.367295829986474,1579.2617442636563,1973.9088155380714,0.06981072221537087
425.0,106.3,0.0,153.5,16.5,852.1,887.1,28,60.2946762,0.3611764705882353,0.2889139845661585,0.2000752870318088,0.0,2.5397196261682247,1.0410749911982162,531.3,0.2000752870318088,0.031055900621118016,701.3,3.367295829986474,1431.1007277442516,1789.0442744718137,0.08580000069887506
388.6,97.1,0.0,157.9,12.1,852.1,925.7,28,50.69717028,0.40633041688111166,0.32509779699402924,0.19991764463660694,0.0,2.762274704785581,1.0863748386339631,485.70000000000005,0.19991764463660694,0.02491249742639489,655.7,3.367295829986474,1308.531159532744,1635.4955846244306,0.09654565960583722
531.3,0.0,0.0,141.8,28.2,852.1,893.7,28,56.3991368,0.26689252776209305,0.26689252776209305,0.0,0.0,2.5936710741346016,1.0488205609670227,531.3,0.0,0.05307735742518351,701.3,3.367295829986474,1789.0442744718137,1789.0442744718137,0.07926019608534517
425.0,106.3,0.0,153.5,16.5,852.1,887.1,28,60.2946762,0.3611764705882353,0.2889139845661585,0.2000752870318088,0.0,2.5397196261682247,1.0410749911982162,531.3,0.2000752870318088,0.031055900621118016,701.3,3.367295829986474,1431.1007277442516,1789.0442744718137,0.08580000069887506
318.8,212.5,0.0,155.7,14.3,852.1,880.4,28,55.49592324,0.4883939774153073,0.2930547713156409,0.39996235648409567,0.0,2.521834061135371,1.0332120643117004,531.3,0.39996235648409567,0.026915113871635615,701.3,3.367295829986474,1073.493910599688,1789.0442744718137,0.08702970754928237
401.8,94.7,0.0,147.4,11.4,946.8,852.1,28,68.4994406,0.3668491786958686,0.29687814702920445,0.19073514602215508,0.0,2.793756794533313,0.8999788762146177,496.5,0.19073514602215508,0.022960725075528703,655.3,3.367295829986474,1352.9794644885653,1671.8623795882845,0.08816515150983838
362.6,189.0,0.0,164.9,11.6,944.7,755.8,28,71.29871316,0.4547710976282405,0.2989485134155185,0.3426395939086294,0.0,2.3733426378227493,0.8000423414840689,551.6,0.3426395939086294,0.021029731689630165,728.1,3.367295829986474,1220.9814679530955,1857.4003798205392,0.08877999692017535
323.7,282.8,0.0,183.8,10.3,942.7,659.9,28,74.69782984,0.5678097003398209,0.30305028854080795,0.4662819455894477,0.0,2.027837530051879,0.7000106078285774,606.5,0.4662819455894477,0.016982687551525145,800.5999999999999,3.367295829986474,1089.9936601666216,2042.2649208867965,0.08999811832452667
379.5,151.2,0.0,153.9,15.9,1134.3,605.0,28,52.20022796,0.40553359683794465,0.2899943470887507,0.2849067269643866,0.0,2.5406076541045866,0.533368597372829,530.7,0.2849067269643866,0.029960429621254944,700.5,3.367295829986474,1277.8887674798668,1787.023896973822,0.08612084049945667
362.6,189.0,0.0,164.9,11.6,944.7,755.8,28,71.29871316,0.4547710976282405,0.2989485134155185,0.3426395939086294,0.0,2.3733426378227493,0.8000423414840689,551.6,0.3426395939086294,0.021029731689630165,728.1,3.367295829986474,1220.9814679530955,1857.4003798205392,0.08877999692017535
286.3,200.9,0.0,144.7,11.2,1004.6,803.7,28,67.69964844,0.505413901501921,0.2970032840722495,0.41235632183908044,0.0,2.861686975787308,0.8000199084212622,487.20000000000005,0.41235632183908044,0.022988505747126433,643.1000000000001,3.367295829986474,964.0567961251276,1640.5465283694105,0.08820231398363432
362.6,189.0,0.0,164.9,11.6,944.7,755.8,28,71.29871316,0.4547710976282405,0.2989485134155185,0.3426395939086294,0.0,2.3733426378227493,0.8000423414840689,551.6,0.3426395939086294,0.021029731689630165,728.1,3.367295829986474,1220.9814679530955,1857.4003798205392,0.08877999692017535
439.0,177.0,0.0,186.0,11.1,884.9,707.9,28,65.99664272,0.42369020501138954,0.30194805194805197,0.28733766233766234,0.0,1.9860349127182044,0.7999773985761103,616.0,0.28733766233766234,0.01801948051948052,813.1,3.367295829986474,1478.2428693640622,2074.2542312716682,0.08967078248936175
389.9,189.0,0.0,145.9,22.0,944.7,755.8,28,74.4978818,0.37419851243908697,0.25202971152185183,0.3264812575574365,0.0,2.346164459161148,0.8000423414840689,578.9,0.3264812575574365,0.03800310934531007,746.8,3.367295829986474,1312.9086441117263,1949.3275559791698,0.07484632305765193
362.6,189.0,0.0,164.9,11.6,944.7,755.8,28,71.29871316,0.4547710976282405,0.2989485134155185,0.3426395939086294,0.0,2.3733426378227493,0.8000423414840689,551.6,0.3426395939086294,0.021029731689630165,728.1,3.367295829986474,1220.9814679530955,1857.4003798205392,0.08877999692017535
337.9,189.0,0.0,174.9,9.5,944.7,755.8,28,49.89737812,0.5176087599881622,0.33194154488517746,0.35870184095653823,0.0,2.4230550014249075,0.8000423414840689,526.9,0.35870184095653823,0.01802998671474663,711.3,3.367295829986474,1137.8092609524294,1774.2281728198732,0.0985780761907429
374.0,189.2,0.0,170.1,10.1,926.1,756.7,56,63.3973182,0.4548128342245989,0.3020241477272727,0.33593749999999994,0.0,2.2948315832537842,0.8170823885109599,563.2,0.33593749999999994,0.017933238636363633,743.4000000000001,4.04305126783455,1512.1011741701218,2277.046474044419,0.07470203262820266
313.3,262.2,0.0,175.5,8.6,1046.9,611.8,56,64.90037588,0.5601659751037344,0.3049522154648132,0.4556038227628149,0.0,2.2086551264980026,0.5843920145190562,575.5,0.4556038227628149,0.014943527367506515,759.6,4.04305126783455,1266.6879622125646,2326.776004638784,0.07542625489093661
425.0,106.3,0.0,153.5,16.5,852.1,887.1,56,64.30053176,0.3611764705882353,0.2889139845661585,0.2000752870318088,0.0,2.5397196261682247,1.0410749911982162,531.3,0.2000752870318088,0.031055900621118016,701.3,4.04305126783455,1718.296788829684,2148.0731386004963,0.07145939178775249
425.0,106.3,0.0,151.4,18.6,936.0,803.7,56,64.90037588,0.3562352941176471,0.284961415396198,0.2000752870318088,0.0,2.548264244909917,0.8586538461538462,531.3,0.2000752870318088,0.035008469791078495,701.3,4.04305126783455,1718.296788829684,2148.0731386004963,0.07048177144407639
375.0,93.8,0.0,126.6,23.4,852.1,992.6,56,60.19814956,0.3376,0.27005119453924914,0.2000853242320819,0.0,3.0982532751091707,1.1648867503814107,468.8,0.2000853242320819,0.04991467576791808,618.8,4.04305126783455,1516.1442254379563,1895.3824343608371,0.06679390802874681
475.0,118.8,0.0,181.1,8.9,852.1,781.5,56,72.29845336,0.3812631578947368,0.30498484338160997,0.20006736274840015,0.0,2.1081429861917664,0.9171458748973125,593.8,0.20006736274840015,0.014988211519029978,783.8,4.04305126783455,1920.4493522214113,2400.7638428401556,0.07543432501289038
469.0,117.2,0.0,137.8,32.2,852.1,840.5,56,69.29923276,0.293816631130064,0.23507335380416242,0.19993176390310474,0.0,2.337845303867403,0.9863865743457341,586.2,0.19993176390310474,0.05493005800068236,756.2,4.04305126783455,1896.191044614404,2370.0366532046137,0.058142560712584584
425.0,106.3,0.0,153.5,16.5,852.1,887.1,56,64.30053176,0.3611764705882353,0.2889139845661585,0.2000752870318088,0.0,2.5397196261682247,1.0410749911982162,531.3,0.2000752870318088,0.031055900621118016,701.3,4.04305126783455,1718.296788829684,2148.0731386004963,0.07145939178775249
388.6,97.1,0.0,157.9,12.1,852.1,925.7,56,55.19944856,0.40633041688111166,0.32509779699402924,0.19991764463660694,0.0,2.762274704785581,1.0863748386339631,485.70000000000005,0.19991764463660694,0.02491249742639489,655.7,4.04305126783455,1571.1297226805063,1963.7100007872411,0.08040902166648778
531.3,0.0,0.0,141.8,28.2,852.1,893.7,56,58.79851328,0.26689252776209305,0.26689252776209305,0.0,0.0,2.5936710741346016,1.0488205609670227,531.3,0.0,0.05307735742518351,701.3,4.04305126783455,2148.0731386004963,2148.0731386004963,0.06601264987298569
425.0,106.3,0.0,153.5,16.5,852.1,887.1,56,64.30053176,0.3611764705882353,0.2889139845661585,0.2000752870318088,0.0,2.5397196261682247,1.0410749911982162,531.3,0.2000752870318088,0.031055900621118016,701.3,4.04305126783455,1718.296788829684,2148.0731386004963,0.07145939178775249
318.8,212.5,0.0,155.7,14.3,852.1,880.4,56,66.10006412,0.4883939774153073,0.2930547713156409,0.39996235648409567,0.0,2.521834061135371,1.0332120643117004,531.3,0.39996235648409567,0.026915113871635615,701.3,4.04305126783455,1288.9247441856546,2148.0731386004963,0.07248356548112743
401.8,94.7,0.0,147.4,11.4,946.8,852.1,56,73.69808964,0.3668491786958686,0.29687814702920445,0.19073514602215508,0.0,2.793756794533313,0.8999788762146177,496.5,0.19073514602215508,0.022960725075528703,655.3,4.04305126783455,1624.4979994159223,2007.3749544798543,0.07342923138053893
362.6,189.0,0.0,164.9,11.6,944.7,755.8,56,77.29715436,0.4547710976282405,0.2989485134155185,0.3426395939086294,0.0,2.3733426378227493,0.8000423414840689,551.6,0.3426395939086294,0.021029731689630165,728.1,4.04305126783455,1466.010389716808,2230.147079337538,0.07394131155196423
323.7,282.8,0.0,183.8,10.3,942.7,659.9,56,80.19984832,0.5678097003398209,0.30305028854080795,0.4662819455894477,0.0,2.027837530051879,0.7000106078285774,606.5,0.4662819455894477,0.016982687551525145,800.5999999999999,4.04305126783455,1308.7356953980438,2452.1105939416548,0.07495583619030412
379.5,151.2,0.0,153.9,15.9,1134.3,605.0,56,54.89607912,0.40553359683794465,0.2899943470887507,0.2849067269643866,0.0,2.5406076541045866,0.533368597372829,530.7,0.2849067269643866,0.029960429621254944,700.5,4.04305126783455,1534.3379561432118,2145.647307839796,0.0717266064360522
362.6,189.0,0.0,164.9,11.6,944.7,755.8,56,77.29715436,0.4547710976282405,0.2989485134155185,0.3426395939086294,0.0,2.3733426378227493,0.8000423414840689,551.6,0.3426395939086294,0.021029731689630165,728.1,4.04305126783455,1466.010389716808,2230.147079337538,0.07394131155196423
286.3,200.9,0.0,144.7,11.2,1004.6,803.7,56,72.99482412,0.505413901501921,0.2970032840722495,0.41235632183908044,0.0,2.861686975787308,0.8000199084212622,487.20000000000005,0.41235632183908044,0.022988505747126433,643.1000000000001,4.04305126783455,1157.5255779810318,1969.774577688993,0.07346018251985309
362.6,189.0,0.0,164.9,11.6,944.7,755.8,56,77.29715436,0.4547710976282405,0.2989485134155185,0.3426395939086294,0.0,2.3733426378227493,0.8000423414840689,551.6,0.3426395939086294,0.021029731689630165,728.1,4.04305126783455,1466.010389716808,2230.147079337538,0.07394131155196423
439.0,177.0,0.0,186.0,11.1,884.9,707.9,56,71.69860924,0.42369020501138954,0.30194805194805197,0.28733766233766234,0.0,1.9860349127182044,0.7999773985761103,616.0,0.28733766233766234,0.01801948051948052,813.1,4.04305126783455,1774.8995065793677,2490.519580986083,0.07468321125439864
389.9,189.0,0.0,145.9,22.0,944.7,755.8,56,79.40005616,0.37419851243908697,0.25202971152185183,0.3264812575574365,0.0,2.346164459161148,0.8000423414840689,578.9,0.3264812575574365,0.03800310934531007,746.8,4.04305126783455,1576.3856893286911,2340.522378949421,0.062336511418228546
362.6,189.0,0.0,164.9,11.6,944.7,755.8,56,77.29715436,0.4547710976282405,0.2989485134155185,0.3426395939086294,0.0,2.3733426378227493,0.8000423414840689,551.6,0.3426395939086294,0.021029731689630165,728.1,4.04305126783455,1466.010389716808,2230.147079337538,0.07394131155196423
337.9,189.0,0.0,174.9,9.5,944.7,755.8,56,59.89478012,0.5176087599881622,0.33194154488517746,0.35870184095653823,0.0,2.4230550014249075,0.8000423414840689,526.9,0.35870184095653823,0.01802998671474663,711.3,4.04305126783455,1366.1470234012945,2130.2837130220246,0.08210174021932813
374.0,189.2,0.0,170.1,10.1,926.1,756.7,91,64.90037588,0.4548128342245989,0.3020241477272727,0.33593749999999994,0.0,2.2948315832537842,0.8170823885109599,563.2,0.33593749999999994,0.017933238636363633,743.4000000000001,4.5217885770490405,1691.148927816341,2546.67132659402,0.06679307149835306
313.3,262.2,0.0,175.5,8.6,1046.9,611.8,91,66.59648684,0.5601659751037344,0.3049522154648132,0.4556038227628149,0.0,2.2086551264980026,0.5843920145190562,575.5,0.4556038227628149,0.014943527367506515,759.6,4.5217885770490405,1416.6763611894644,2602.2893260917226,0.06744061785918963
425.0,106.3,0.0,153.5,16.5,852.1,887.1,91,65.19685056,0.3611764705882353,0.2889139845661585,0.2000752870318088,0.0,2.5397196261682247,1.0410749911982162,531.3,0.2000752870318088,0.031055900621118016,701.3,4.5217885770490405,1921.7601452458423,2402.426270986155,0.06389374019665164
425.0,106.3,0.0,151.4,18.6,936.0,803.7,91,66.69990824,0.3562352941176471,0.284961415396198,0.2000752870318088,0.0,2.548264244909917,0.8586538461538462,531.3,0.2000752870318088,0.035008469791078495,701.3,4.5217885770490405,1921.7601452458423,2402.426270986155,0.0630196238812577
375.0,93.8,0.0,126.6,23.4,852.1,992.6,91,62.5009994,0.3376,0.27005119453924914,0.2000853242320819,0.0,3.0982532751091707,1.1648867503814107,468.8,0.2000853242320819,0.04991467576791808,618.8,4.5217885770490405,1695.6707163933902,2119.81448492059,0.05972220725000968
475.0,118.8,0.0,181.1,8.9,852.1,781.5,91,74.19451236,0.3812631578947368,0.30498484338160997,0.20006736274840015,0.0,2.1081429861917664,0.9171458748973125,593.8,0.20006736274840015,0.014988211519029978,783.8,4.5217885770490405,2147.8495740982944,2685.03805705172,0.0674478335695752
469.0,117.2,0.0,137.8,32.2,852.1,840.5,91,70.69886904,0.293816631130064,0.23507335380416242,0.19993176390310474,0.0,2.337845303867403,0.9863865743457341,586.2,0.19993176390310474,0.05493005800068236,756.2,4.5217885770490405,2120.718842636,2650.6724638661476,0.05198680783027087
425.0,106.3,0.0,153.5,16.5,852.1,887.1,91,65.19685056,0.3611764705882353,0.2889139845661585,0.2000752870318088,0.0,2.5397196261682247,1.0410749911982162,531.3,0.2000752870318088,0.031055900621118016,701.3,4.5217885770490405,1921.7601452458423,2402.426270986155,0.06389374019665164
388.6,97.1,0.0,157.9,12.1,852.1,925.7,91,57.59882504,0.40633041688111166,0.32509779699402924,0.19991764463660694,0.0,2.762274704785581,1.0863748386339631,485.70000000000005,0.19991764463660694,0.02491249742639489,655.7,4.5217885770490405,1757.1670410412573,2196.232711872719,0.07189584197812958
531.3,0.0,0.0,141.8,28.2,852.1,893.7,91,59.19840936,0.26689252776209305,0.26689252776209305,0.0,0.0,2.5936710741346016,1.0488205609670227,531.3,0.0,0.05307735742518351,701.3,4.5217885770490405,2402.426270986155,2402.426270986155,0.059023663582314034
425.0,106.3,0.0,153.5,16.5,852.1,887.1,91,65.19685056,0.3611764705882353,0.2889139845661585,0.2000752870318088,0.0,2.5397196261682247,1.0410749911982162,531.3,0.2000752870318088,0.031055900621118016,701.3,4.5217885770490405,1921.7601452458423,2402.426270986155,0.06389374019665164
318.8,212.5,0.0,155.7,14.3,852.1,880.4,91,68.09954452,0.4883939774153073,0.2930547713156409,0.39996235648409567,0.0,2.521834061135371,1.0332120643117004,531.3,0.39996235648409567,0.026915113871635615,701.3,4.5217885770490405,1441.5461983632342,2402.426270986155,0.0648094810984929
401.8,94.7,0.0,147.4,11.4,946.8,852.1,91,75.497622,0.3668491786958686,0.29687814702920445,0.19073514602215508,0.0,2.793756794533313,0.8999788762146177,496.5,0.19073514602215508,0.022960725075528703,655.3,4.5217885770490405,1816.8546502583044,2245.0680285048484,0.06565502609654293
362.6,189.0,0.0,164.9,11.6,944.7,755.8,91,79.29663476,0.4547710976282405,0.2989485134155185,0.3426395939086294,0.0,2.3733426378227493,0.8000423414840689,551.6,0.3426395939086294,0.021029731689630165,728.1,4.5217885770490405,1639.6005380379822,2494.2185791002507,0.06611289057893435
379.5,151.2,0.0,153.9,15.9,1134.3,605.0,91,56.49566344,0.40553359683794465,0.2899943470887507,0.2849067269643866,0.0,2.5406076541045866,0.533368597372829,530.7,0.2849067269643866,0.029960429621254944,700.5,4.5217885770490405,1716.0187649901109,2399.713197839926,0.06413266391105875
362.6,189.0,0.0,164.9,11.6,944.7,755.8,91,79.29663476,0.4547710976282405,0.2989485134155185,0.3426395939086294,0.0,2.3733426378227493,0.8000423414840689,551.6,0.3426395939086294,0.021029731689630165,728.1,4.5217885770490405,1639.6005380379822,2494.2185791002507,0.06611289057893435
286.3,200.9,0.0,144.7,11.2,1004.6,803.7,91,76.80073164,0.505413901501921,0.2970032840722495,0.41235632183908044,0.0,2.861686975787308,0.8000199084212622,487.20000000000005,0.41235632183908044,0.022988505747126433,643.1000000000001,4.5217885770490405,1294.5880696091403,2203.015394738293,0.06568270033228234
362.6,189.0,0.0,164.9,11.6,944.7,755.8,91,79.29663476,0.4547710976282405,0.2989485134155185,0.3426395939086294,0.0,2.3733426378227493,0.8000423414840689,551.6,0.3426395939086294,0.021029731689630165,728.1,4.5217885770490405,1639.6005380379822,2494.2185791002507,0.06611289057893435
439.0,177.0,0.0,186.0,11.1,884.9,707.9,91,73.29819356,0.42369020501138954,0.30194805194805197,0.28733766233766234,0.0,1.9860349127182044,0.7999773985761103,616.0,0.28733766233766234,0.01801948051948052,813.1,4.5217885770490405,1985.0651853245288,2785.421763462209,0.06677624280812924
389.9,189.0,0.0,145.9,22.0,944.7,755.8,91,82.5992248,0.37419851243908697,0.25202971152185183,0.3264812575574365,0.0,2.346164459161148,0.8000423414840689,578.9,0.3264812575574365,0.03800310934531007,746.8,4.5217885770490405,1763.0453661914207,2617.6634072536895,0.05573673054973496
362.6,189.0,0.0,164.9,11.6,944.7,755.8,91,79.29663476,0.4547710976282405,0.2989485134155185,0.3426395939086294,0.0,2.3733426378227493,0.8000423414840689,551.6,0.3426395939086294,0.021029731689630165,728.1,4.5217885770490405,1639.6005380379822,2494.2185791002507,0.06611289057893435
337.9,189.0,0.0,174.9,9.5,944.7,755.8,91,67.79617508,0.5176087599881622,0.33194154488517746,0.35870184095653823,0.0,2.4230550014249075,0.8000423414840689,526.9,0.35870184095653823,0.01802998671474663,711.3,4.5217885770490405,1527.9123601848707,2382.5304012471393,0.07340934659572373
222.36,0.0,96.67,189.29,4.46,967.08,870.32,3,11.57630204,0.8512772081309588,0.5933297808983481,0.0,0.30301225590069897,3.614652187598363,0.8999462298879101,319.03000000000003,0.30301225590069897,0.013979876500642571,512.7800000000001,1.3862943611198906,308.2564141386189,442.26949002807874,0.427996966256891
222.36,0.0,96.67,189.29,4.46,967.08,870.32,14,24.44881896,0.8512772081309588,0.5933297808983481,0.0,0.30301225590069897,3.614652187598363,0.8999462298879101,319.03000000000003,0.30301225590069897,0.013979876500642571,512.7800000000001,2.70805020110221,602.1620427170875,863.9492556576381,0.21909851621541415
222.36,0.0,96.67,189.29,4.46,967.08,870.32,28,24.8900836,0.8512772081309588,0.5933297808983481,0.0,0.30301225590069897,3.614652187598363,0.8999462298879101,319.03000000000003,0.30301225590069897,0.013979876500642571,512.7800000000001,3.367295829986474,748.7519007557925,1074.268388640585,0.17620363961331292
222.36,0.0,96.67,189.29,4.46,967.08,870.32,56,29.44751996,0.8512772081309588,0.5933297808983481,0.0,0.30301225590069897,3.614652187598363,0.8999462298879101,319.03000000000003,0.30301225590069897,0.013979876500642571,512.7800000000001,4.04305126783455,899.0128799156906,1289.8546459772567,0.14675296987172123
222.36,0.0,96.67,189.29,4.46,967.08,870.32,100,40.7135578,0.8512772081309588,0.5933297808983481,0.0,0.30301225590069897,3.614652187598363,0.8999462298879101,319.03000000000003,0.30301225590069897,0.013979876500642571,512.7800000000001,4.61512051684126,1026.2181981248225,1472.3618984878672,0.12856214236078986
233.81,0.0,94.58,197.89,4.567,947.04,852.16,3,10.38350856,0.8463709849878106,0.6026066567191449,0.0,0.28801120618776455,3.418712472448126,0.8998141577969252,328.39,0.28801120618776455,0.013907244434970616,530.847,1.3862943611198906,324.12948457344163,455.24520524816086,0.4346888176276942
233.81,0.0,94.58,197.89,4.567,947.04,852.16,14,22.13907436,0.8463709849878106,0.6026066567191449,0.0,0.28801120618776455,3.418712472448126,0.8998141577969252,328.39,0.28801120618776455,0.013907244434970616,530.847,2.70805020110221,633.1692175197078,889.2966055399547,0.2225241823337974
233.81,0.0,94.58,197.89,4.567,947.04,852.16,28,22.83544512,0.8463709849878106,0.6026066567191449,0.0,0.28801120618776455,3.418712472448126,0.8998141577969252,328.39,0.28801120618776455,0.013907244434970616,530.847,3.367295829986474,787.3074380091375,1105.7862776092581,0.1789586324292646
233.81,0.0,94.58,197.89,4.567,947.04,852.16,56,27.66177712,0.8463709849878106,0.6026066567191449,0.0,0.28801120618776455,3.418712472448126,0.8998141577969252,328.39,0.28801120618776455,0.013907244434970616,530.847,4.04305126783455,945.3058169323962,1327.6976058441878,0.1490474932913477
233.81,0.0,94.58,197.89,4.567,947.04,852.16,100,34.55653712,0.8463709849878106,0.6026066567191449,0.0,0.28801120618776455,3.418712472448126,0.8998141577969252,328.39,0.28801120618776455,0.013907244434970616,530.847,4.61512051684126,1079.0613280426548,1515.5594265255013,0.1305722471428739
194.68,0.0,100.52,165.62,7.48,1006.4,905.9,3,12.45193656,0.8507294020957469,0.5610433604336044,0.0,0.34051490514905147,4.149776485395599,0.9001391096979332,295.2,0.34051490514905147,0.02533875338753388,468.3,1.3862943611198906,269.88378622282033,409.23409540259166,0.40470723691062016
194.68,0.0,100.52,165.62,7.48,1006.4,905.9,14,24.98661024,0.8507294020957469,0.5610433604336044,0.0,0.34051490514905147,4.149776485395599,0.9001391096979332,295.2,0.34051490514905147,0.02533875338753388,468.3,2.70805020110221,527.2032131505782,799.4164193653723,0.20717612997176077
194.68,0.0,100.52,165.62,7.48,1006.4,905.9,28,25.72434956,0.8507294020957469,0.5610433604336044,0.0,0.34051490514905147,4.149776485395599,0.9001391096979332,295.2,0.34051490514905147,0.02533875338753388,468.3,3.367295829986474,655.5451521817668,994.0257290120071,0.16661540558373156
194.68,0.0,100.52,165.62,7.48,1006.4,905.9,56,33.96358776,0.8507294020957469,0.5610433604336044,0.0,0.34051490514905147,4.149776485395599,0.9001391096979332,295.2,0.34051490514905147,0.02533875338753388,468.3,4.04305126783455,787.1012208220303,1193.5087342647591,0.1387673129196054
194.68,0.0,100.52,165.62,7.48,1006.4,905.9,100,37.34202016,0.8507294020957469,0.5610433604336044,0.0,0.34051490514905147,4.149776485395599,0.9001391096979332,295.2,0.34051490514905147,0.02533875338753388,468.3,4.61512051684126,898.4716622186564,1362.3835765715398,0.1215663509514592
190.68,0.0,125.4,162.14,7.77,1090.0,804.01,3,15.04436632,0.8503251520872666,0.5129713996456592,0.0,0.39673500379650717,3.960541173518464,0.7376238532110092,316.08000000000004,0.39673500379650717,0.024582384206529986,485.99,1.3862943611198906,264.33860877834076,438.1799216627751,0.37003064719333156
190.68,0.0,125.4,162.14,7.77,1090.0,804.01,14,21.0634918,0.8503251520872666,0.5129713996456592,0.0,0.39673500379650717,3.960541173518464,0.7376238532110092,316.08000000000004,0.39673500379650717,0.024582384206529986,485.99,2.70805020110221,516.3710123461694,855.9605075643867,0.18942462714940567
190.68,0.0,125.4,162.14,7.77,1090.0,804.01,28,26.40003604,0.8503251520872666,0.5129713996456592,0.0,0.39673500379650717,3.960541173518464,0.7376238532110092,316.08000000000004,0.39673500379650717,0.024582384206529986,485.99,3.367295829986474,642.0759688618209,1064.334865942125,0.1523392732760637
190.68,0.0,125.4,162.14,7.77,1090.0,804.01,56,35.34253976,0.8503251520872666,0.5129713996456592,0.0,0.39673500379650717,3.960541173518464,0.7376238532110092,316.08000000000004,0.39673500379650717,0.024582384206529986,485.99,4.04305126783455,770.9290157506921,1277.9276447371449,0.12687729283245167
190.68,0.0,125.4,162.14,7.77,1090.0,804.01,100,40.56876784,0.8503251520872666,0.5129713996456592,0.0,0.39673500379650717,3.960541173518464,0.7376238532110092,316.08000000000004,0.39673500379650717,0.024582384206529986,485.99,4.61512051684126,880.0111801512915,1458.7472929631856,0.11115016341908092
212.07,0.0,121.62,180.31,5.69,1057.6,779.32,3,12.47262084,0.8502381289196964,0.5403518235488028,0.0,0.36447001708172255,3.573774319066148,0.7368759455370651,333.69,0.36447001708172255,0.01705175462255387,519.69,1.3862943611198906,293.9914451626952,462.5925653620963,0.38978144808458304
212.07,0.0,121.62,180.31,5.69,1057.6,779.32,14,20.91870184,0.8502381289196964,0.5403518235488028,0.0,0.36447001708172255,3.573774319066148,0.7368759455370651,333.69,0.36447001708172255,0.01705175462255387,519.69,2.70805020110221,574.2962061477457,903.6492716057965,0.19953537911847902
212.07,0.0,121.62,180.31,5.69,1057.6,779.32,28,24.90387312,0.8502381289196964,0.5403518235488028,0.0,0.36447001708172255,3.573774319066148,0.7368759455370651,333.69,0.36447001708172255,0.01705175462255387,519.69,3.367295829986474,714.1024266652315,1123.6329455081866,0.1604705528801054
212.07,0.0,121.62,180.31,5.69,1057.6,779.32,56,34.20490436,0.8502381289196964,0.5403518235488028,0.0,0.36447001708172255,3.573774319066148,0.7368759455370651,333.69,0.36447001708172255,0.01705175462255387,519.69,4.04305126783455,857.409882369673,1349.1257775637112,0.13364951066727732
212.07,0.0,121.62,180.31,5.69,1057.6,779.32,100,39.6103962,0.8502381289196964,0.5403518235488028,0.0,0.36447001708172255,3.573774319066148,0.7368759455370651,333.69,0.36447001708172255,0.01705175462255387,519.69,4.61512051684126,978.7286080065259,1540.0195652647599,0.11708292807890473
229.97,0.0,118.31,195.47,4.63,1029.4,758.59,3,10.0318758,0.849980432230291,0.5612438268060181,0.0,0.33969794418284144,3.288257471264368,0.7369244219933941,348.28,0.33969794418284144,0.013293901458596533,548.38,1.3862943611198906,318.8061142267412,482.81860009083545,0.40485184283129333
229.97,0.0,118.31,195.47,4.63,1029.4,758.59,14,20.08443588,0.849980432230291,0.5612438268060181,0.0,0.33969794418284144,3.288257471264368,0.7369244219933941,348.28,0.33969794418284144,0.013293901458596533,548.38,2.70805020110221,622.7703047474753,943.1597240398777,0.2072501560634234
229.97,0.0,118.31,195.47,4.63,1029.4,758.59,28,24.48329276,0.849980432230291,0.5612438268060181,0.0,0.33969794418284144,3.288257471264368,0.7369244219933941,348.28,0.33969794418284144,0.013293901458596533,548.38,3.367295829986474,774.3770220219894,1172.761791667689,0.16667493892518276
229.97,0.0,118.31,195.47,4.63,1029.4,758.59,56,31.53663224,0.849980432230291,0.5612438268060181,0.0,0.33969794418284144,3.288257471264368,0.7369244219933941,348.28,0.33969794418284144,0.013293901458596533,548.38,4.04305126783455,929.7805000639115,1408.1138955614172,0.13881689586059073
229.97,0.0,118.31,195.47,4.63,1029.4,758.59,100,35.34253976,0.849980432230291,0.5612438268060181,0.0,0.33969794418284144,3.288257471264368,0.7369244219933941,348.28,0.33969794418284144,0.013293901458596533,548.38,4.61512051684126,1061.3392652579844,1607.3541736054738,0.12160978781766503
190.34,0.0,125.18,161.85,9.88,1088.1,802.59,3,9.4458212,0.8503204791425869,0.5129627281947262,0.0,0.39674188640973634,3.9606384984393657,0.7376068376068377,315.52,0.39674188640973634,0.03131338742393509,487.25,1.3862943611198906,263.86726869555997,437.4035968205479,0.3700243920637024
190.34,0.0,125.18,161.85,9.88,1088.1,802.59,14,22.7182342,0.8503204791425869,0.5129627281947262,0.0,0.39674188640973634,3.9606384984393657,0.7376068376068377,315.52,0.39674188640973634,0.03131338742393509,487.25,2.70805020110221,515.4502752777946,854.4439994517693,0.18942142504815607
190.34,0.0,125.18,161.85,9.88,1088.1,802.59,28,28.46846404,0.8503204791425869,0.5129627281947262,0.0,0.39674188640973634,3.9606384984393657,0.7376068376068377,315.52,0.39674188640973634,0.03131338742393509,487.25,3.367295829986474,640.9310882796256,1062.4491802773323,0.1523366980788221
190.34,0.0,125.18,161.85,9.88,1088.1,802.59,56,38.56239268,0.8503204791425869,0.5129627281947262,0.0,0.39674188640973634,3.9606384984393657,0.7376068376068377,315.52,0.39674188640973634,0.03131338742393509,487.25,4.04305126783455,769.5543783196283,1275.6635360271573,0.12687514805358083
190.34,0.0,125.18,161.85,9.88,1088.1,802.59,100,40.38950408,0.8503204791425869,0.5129627281947262,0.0,0.39674188640973634,3.9606384984393657,0.7376068376068377,315.52,0.39674188640973634,0.03131338742393509,487.25,4.61512051684126,878.4420391755654,1456.162825473754,0.11114828449719766
166.09,0.0,163.27,176.46,4.49,1058.6,780.09,3,10.76272036,1.0624360286591608,0.5357663347097401,0.0,0.4957189701238766,3.6350678106836423,0.7369072359720387,329.36,0.4957189701238766,0.01363249939276172,510.31000000000006,1.3862943611198906,230.24963043840262,456.5899107784472,0.38647371708049927
166.09,0.0,163.27,176.46,4.49,1058.6,780.09,14,25.48303296,1.0624360286591608,0.5357663347097401,0.0,0.4957189701238766,3.6350678106836423,0.7369072359720387,329.36,0.4957189701238766,0.01363249939276172,510.31000000000006,2.70805020110221,449.7800579010661,891.923414235024,0.19784209852966408
166.09,0.0,163.27,176.46,4.49,1058.6,780.09,28,21.53923024,1.0624360286591608,0.5357663347097401,0.0,0.4957189701238766,3.6350678106836423,0.7369072359720387,329.36,0.4957189701238766,0.01363249939276172,510.31000000000006,3.367295829986474,559.2741644024535,1109.0525545643452,0.15910878098046177
166.09,0.0,163.27,176.46,4.49,1058.6,780.09,56,28.62704352,1.0624360286591608,0.5357663347097401,0.0,0.4957189701238766,3.6350678106836423,0.7369072359720387,329.36,0.4957189701238766,0.01363249939276172,510.31000000000006,4.04305126783455,671.5103850746405,1331.6193655739876,0.13251534527206119
166.09,0.0,163.27,176.46,4.49,1058.6,780.09,100,33.5430074,1.0624360286591608,0.5357663347097401,0.0,0.4957189701238766,3.6350678106836423,0.7369072359720387,329.36,0.4957189701238766,0.01363249939276172,510.31000000000006,4.61512051684126,766.5253666421648,1520.0360934268374,0.11608934864315011
167.95,42.08,163.83,121.75,5.72,1058.7,780.11,3,7.74971024,0.7249181303959512,0.3256566629219494,0.1125555020595945,0.4382121649815439,3.7101955166360643,0.7368565221498063,373.86,0.5507676670411384,0.015299844861712939,501.33000000000004,1.3862943611198906,232.82813795008562,518.2800098482824,0.2349116263149726
167.95,42.08,163.83,121.75,5.72,1058.7,780.11,14,17.8229546,0.7249181303959512,0.3256566629219494,0.1125555020595945,0.4382121649815439,3.7101955166360643,0.7368565221498063,373.86,0.5507676670411384,0.015299844861712939,501.33000000000004,2.70805020110221,454.81703127511616,1012.4316481840723,0.12025503175288371
167.95,42.08,163.83,121.75,5.72,1058.7,780.11,28,24.24197616,0.7249181303959512,0.3256566629219494,0.1125555020595945,0.4382121649815439,3.7101955166360643,0.7368565221498063,373.86,0.5507676670411384,0.015299844861712939,501.33000000000004,3.367295829986474,565.5373346462283,1258.8972189987433,0.09671162837013268
167.95,42.08,163.83,121.75,5.72,1058.7,780.11,56,32.8535314,0.7249181303959512,0.3256566629219494,0.1125555020595945,0.4382121649815439,3.7101955166360643,0.7368565221498063,373.86,0.5507676670411384,0.015299844861712939,501.33000000000004,4.04305126783455,679.0304604328127,1511.535146992625,0.08054725041771989
167.95,42.08,163.83,121.75,5.72,1058.7,780.11,100,39.2311844,0.7249181303959512,0.3256566629219494,0.1125555020595945,0.4382121649815439,3.7101955166360643,0.7368565221498063,373.86,0.5507676670411384,0.015299844861712939,501.33000000000004,4.61512051684126,775.1094908034895,1725.4089564262733,0.07056298134221628
213.72,98.05,24.51,181.71,6.86,1065.8,785.38,3,17.9953236,0.8502245929253229,0.5403532770310456,0.2915724991078863,0.07288569049601523,3.5737755555126545,0.736892475136048,336.28,0.36445818960390153,0.02039966694421316,524.85,1.3862943611198906,296.278830858543,466.18306775739677,0.3897824965503949
213.72,98.05,24.51,181.71,6.86,1065.8,785.38,14,30.38520732,0.8502245929253229,0.5403532770310456,0.2915724991078863,0.07288569049601523,3.5737755555126545,0.736892475136048,336.28,0.36445818960390153,0.02039966694421316,524.85,2.70805020110221,578.7644889795644,910.6631216266511,0.19953591584495559
213.72,98.05,24.51,181.71,6.86,1065.8,785.38,28,45.70536404,0.8502245929253229,0.5403532770310456,0.2915724991078863,0.07288569049601523,3.5737755555126545,0.736892475136048,336.28,0.36445818960390153,0.02039966694421316,524.85,3.367295829986474,719.6584647847093,1132.3542417078515,0.160470984526838
213.72,98.05,24.51,181.71,6.86,1065.8,785.38,56,50.77301264,0.8502245929253229,0.5403532770310456,0.2915724991078863,0.07288569049601523,3.5737755555126545,0.736892475136048,336.28,0.36445818960390153,0.02039966694421316,524.85,4.04305126783455,864.0809169616001,1359.5972803474024,0.13364987016859117
213.72,98.05,24.51,181.71,6.86,1065.8,785.38,100,53.90323368,0.8502245929253229,0.5403532770310456,0.2915724991078863,0.07288569049601523,3.5737755555126545,0.736892475136048,336.28,0.36445818960390153,0.02039966694421316,524.85,4.61512051684126,986.343556859314,1551.9727274033787,0.11708324301807858
213.76,98.06,24.52,181.74,6.65,1066.0,785.52,3,13.18278112,0.8502058383233534,0.5403460783730749,0.2915502170422787,0.07290242017006601,3.5738109944410135,0.7368855534709193,336.34,0.36445263721234467,0.019771659630136173,524.7299999999999,1.3862943611198906,296.3342826329878,466.266245419064,0.3897773038163172
213.76,98.06,24.52,181.74,6.65,1066.0,785.52,14,17.83674412,0.8502058383233534,0.5403460783730749,0.2915502170422787,0.07290242017006601,3.5738109944410135,0.7368855534709193,336.34,0.36445263721234467,0.019771659630136173,524.7299999999999,2.70805020110221,578.8728109876084,910.8256046387172,0.1995332576010398
213.76,98.06,24.52,181.74,6.65,1066.0,785.52,28,40.2309246,0.8502058383233534,0.5403460783730749,0.2915502170422787,0.07290242017006601,3.5738109944410135,0.7368855534709193,336.34,0.36445263721234467,0.019771659630136173,524.7299999999999,3.367295829986474,719.7931566179087,1132.5562794576506,0.16046884671111458
213.76,98.06,24.52,181.74,6.65,1066.0,785.52,56,47.13257936,0.8502058383233534,0.5403460783730749,0.2915502170422787,0.07290242017006601,3.5738109944410135,0.7368855534709193,336.34,0.36445263721234467,0.019771659630136173,524.7299999999999,4.04305126783455,864.2426390123135,1359.8398634234725,0.1336480896673079
213.76,98.06,24.52,181.74,6.65,1066.0,785.52,100,49.97322048,0.8502058383233534,0.5403460783730749,0.2915502170422787,0.07290242017006601,3.5738109944410135,0.7368855534709193,336.34,0.36445263721234467,0.019771659630136173,524.7299999999999,4.61512051684126,986.5281616799876,1552.2496346343892,0.11708168321959782
229.68,0.0,118.16,195.23,6.13,1028.1,757.63,3,13.35515012,0.8500087077673284,0.561263799448022,0.0,0.3396964121435142,3.288213305835343,0.7369224783581364,347.84000000000003,0.3396964121435142,0.01762304507819687,549.2,1.3862943611198906,318.40408886201647,482.20863057194276,0.4048662500470795
229.68,0.0,118.16,195.23,6.13,1028.1,757.63,14,22.31833812,0.8500087077673284,0.561263799448022,0.0,0.3396964121435142,3.288213305835343,0.7369224783581364,347.84000000000003,0.3396964121435142,0.01762304507819687,549.2,2.70805020110221,621.9849701891557,941.9681819513928,0.20725753134841468
229.68,0.0,118.16,195.23,6.13,1028.1,757.63,28,24.53845084,0.8500087077673284,0.561263799448022,0.0,0.3396964121435142,3.288213305835343,0.7369224783581364,347.84000000000003,0.3396964121435142,0.01762304507819687,549.2,3.367295829986474,773.4005062312934,1171.2801815024952,0.16668087028465106
229.68,0.0,118.16,195.23,6.13,1028.1,757.63,56,31.35047372,0.8500087077673284,0.561263799448022,0.0,0.3396964121435142,3.288213305835343,0.7369224783581364,347.84000000000003,0.3396964121435142,0.01762304507819687,549.2,4.04305126783455,928.6080151962395,1406.33495300357,0.13882183585285915
229.68,0.0,118.16,195.23,6.13,1028.1,757.63,100,40.85834776,0.8500087077673284,0.561263799448022,0.0,0.3396964121435142,3.288213305835343,0.7369224783581364,347.84000000000003,0.3396964121435142,0.01762304507819687,549.2,4.61512051684126,1060.0008803081005,1605.3235205780638,0.1216141154710667
238.05,0.0,94.11,186.66,7.0,949.91,847.01,3,19.93275116,0.7841209829867675,0.5619580924855491,0.0,0.2833273121387283,3.46347480821865,0.8916739480582371,332.16,0.2833273121387283,0.021074181117533716,525.82,1.3862943611198906,330.00737266459,460.4715349895829,0.40536707660816157
238.05,0.0,94.11,186.66,7.0,949.91,847.01,14,25.68987576,0.7841209829867675,0.5619580924855491,0.0,0.2833273121387283,3.46347480821865,0.8916739480582371,332.16,0.2833273121387283,0.021074181117533716,525.82,2.70805020110221,644.6513503723811,899.5059547981101,0.20751391250310838
238.05,0.0,94.11,186.66,7.0,949.91,847.01,28,30.2335226,0.7841209829867675,0.5619580924855491,0.0,0.2833273121387283,3.46347480821865,0.8916739480582371,332.16,0.2833273121387283,0.021074181117533716,525.82,3.367295829986474,801.5847723282802,1118.4809828883074,0.16688705740707266
238.05,0.0,94.11,186.66,7.0,949.91,847.01,56,39.58971192,0.7841209829867675,0.5619580924855491,0.0,0.2833273121387283,3.46347480821865,0.8916739480582371,332.16,0.2833273121387283,0.021074181117533716,525.82,4.04305126783455,962.4483543080147,1342.9399091239243,0.1389935608673428
238.05,0.0,94.11,186.66,7.0,949.91,847.01,100,44.298833,0.7841209829867675,0.5619580924855491,0.0,0.2833273121387283,3.46347480821865,0.8916739480582371,332.16,0.2833273121387283,0.021074181117533716,525.82,4.61512051684126,1098.629439034062,1532.958430873993,0.12176455423750704
250.0,0.0,95.69,187.42,5.53,956.86,861.17,3,13.81709904,0.7496799999999999,0.5421620527061818,0.0,0.2768087014377043,3.410234285607098,0.8999958196601383,345.69,0.2768087014377043,0.015996991524197982,538.64,1.3862943611198906,346.5735902799726,479.228097695535,0.39108725239869463
250.0,0.0,95.69,187.42,5.53,956.86,861.17,14,24.91766264,0.7496799999999999,0.5421620527061818,0.0,0.2768087014377043,3.410234285607098,0.8999958196601383,345.69,0.2768087014377043,0.015996991524197982,538.64,2.70805020110221,677.0125502755525,936.145874019023,0.2002038413045353
250.0,0.0,95.69,187.42,5.53,956.86,861.17,28,29.21999288,0.7496799999999999,0.5421620527061818,0.0,0.2768087014377043,3.410234285607098,0.8999958196601383,345.69,0.2768087014377043,0.015996991524197982,538.64,3.367295829986474,841.8239574966185,1164.0404954680243,0.16100814424385146
250.0,0.0,95.69,187.42,5.53,956.86,861.17,56,38.32797084,0.7496799999999999,0.5421620527061818,0.0,0.2768087014377043,3.410234285607098,0.8999958196601383,345.69,0.2768087014377043,0.015996991524197982,538.64,4.04305126783455,1010.7628169586376,1397.6423927777257,0.13409724903057255
250.0,0.0,95.69,187.42,5.53,956.86,861.17,100,42.34761592,0.7496799999999999,0.5421620527061818,0.0,0.2768087014377043,3.410234285607098,0.8999958196601383,345.69,0.2768087014377043,0.015996991524197982,538.64,4.61512051684126,1153.780129210315,1595.4010114668552,0.11747516684076872
212.52,0.0,100.37,159.32,8.71,1007.8,903.59,3,13.54130864,0.7496706192358366,0.5091885327111765,0.0,0.3207836619898367,4.047754177166938,0.8965965469339156,312.89,0.3207836619898367,0.027837259100642404,480.91999999999996,1.3862943611198906,294.61527762519916,433.75764265080255,0.367301885509971
212.52,0.0,100.37,159.32,8.71,1007.8,903.59,14,26.31040416,0.7496706192358366,0.5091885327111765,0.0,0.3207836619898367,4.047754177166938,0.8965965469339156,312.89,0.3207836619898367,0.027837259100642404,480.91999999999996,2.70805020110221,575.5148287382417,847.3218274228705,0.18802773024810635
212.52,0.0,100.37,159.32,8.71,1007.8,903.59,28,31.64005364,0.7496706192358366,0.5091885327111765,0.0,0.3207836619898367,4.047754177166938,0.8965965469339156,312.89,0.3207836619898367,0.027837259100642404,480.91999999999996,3.367295829986474,715.6177097887255,1053.593192244468,0.15121585937794535
212.52,0.0,100.37,159.32,8.71,1007.8,903.59,56,42.54756396,0.7496706192358366,0.5091885327111765,0.0,0.3207836619898367,4.047754177166938,0.8965965469339156,312.89,0.3207836619898367,0.027837259100642404,480.91999999999996,4.04305126783455,859.2292554401987,1265.0303111927524,0.12594164629129148
212.52,0.0,100.37,159.32,8.71,1007.8,903.59,100,42.919881,0.7496706192358366,0.5091885327111765,0.0,0.3207836619898367,4.047754177166938,0.8965965469339156,312.89,0.3207836619898367,0.027837259100642404,480.91999999999996,4.61512051684126,980.8054122391045,1444.0250585144618,0.11033049534742852
212.57,0.0,100.39,159.35,10.37,1003.8,903.79,3,13.33446584,0.7496354142164934,0.509170501022495,0.0,0.32077581799591004,4.038851601702272,0.9003685993225742,312.96,0.32077581799591004,0.033135224948875254,482.67999999999995,1.3862943611198906,294.68459234325513,433.85468325608093,0.3672888783960512
212.57,0.0,100.39,159.35,10.37,1003.8,903.79,14,25.3727168,0.7496354142164934,0.509170501022495,0.0,0.32077581799591004,4.038851601702272,0.9003685993225742,312.96,0.32077581799591004,0.033135224948875254,482.67999999999995,2.70805020110221,575.6502312482968,847.5113909369476,0.18802107169773155
212.57,0.0,100.39,159.35,10.37,1003.8,903.79,28,37.404073,0.7496354142164934,0.509170501022495,0.0,0.32077581799591004,4.038851601702272,0.9003685993225742,312.96,0.32077581799591004,0.033135224948875254,482.67999999999995,3.367295829986474,715.7860745802247,1053.828902952567,0.15121050443154566
212.57,0.0,100.39,159.35,10.37,1003.8,903.79,56,44.39535964,0.7496354142164934,0.509170501022495,0.0,0.32077581799591004,4.038851601702272,0.9003685993225742,312.96,0.32077581799591004,0.033135224948875254,482.67999999999995,4.04305126783455,859.4314080035904,1265.3133247815008,0.12593718637043294
212.57,0.0,100.39,159.35,10.37,1003.8,903.79,100,47.73931824,0.7496354142164934,0.509170501022495,0.0,0.32077581799591004,4.038851601702272,0.9003685993225742,312.96,0.32077581799591004,0.033135224948875254,482.67999999999995,4.61512051684126,981.0361682649466,1444.3481169506406,0.11032658825797857
212.0,0.0,124.78,159.0,7.84,1085.4,799.54,3,19.51906556,0.75,0.47211829681097456,0.0,0.37050893758536735,3.8019686151115417,0.7366316565321539,336.78,0.37050893758536735,0.02327929211948453,503.61999999999995,1.3862943611198906,293.8944045574168,466.8762149379567,0.34056136276106835
212.0,0.0,124.78,159.0,7.84,1085.4,799.54,14,31.35047372,0.75,0.47211829681097456,0.0,0.37050893758536735,3.8019686151115417,0.7366316565321539,336.78,0.37050893758536735,0.02327929211948453,503.61999999999995,2.70805020110221,574.1066426336686,912.0171467272022,0.17433882747772422
212.0,0.0,124.78,159.0,7.84,1085.4,799.54,28,38.50033984,0.75,0.47211829681097456,0.0,0.37050893758536735,3.8019686151115417,0.7366316565321539,336.78,0.37050893758536735,0.02327929211948453,503.61999999999995,3.367295829986474,713.8667159571326,1134.0378896228447,0.14020695556554974
212.0,0.0,124.78,159.0,7.84,1085.4,799.54,56,45.08483564,0.75,0.47211829681097456,0.0,0.37050893758536735,3.8019686151115417,0.7366316565321539,336.78,0.37050893758536735,0.02327929211948453,503.61999999999995,4.04305126783455,857.1268687809246,1361.6188059813198,0.11677277025078144
212.0,0.0,124.78,159.0,7.84,1085.4,799.54,100,47.8151606,0.75,0.47211829681097456,0.0,0.37050893758536735,3.8019686151115417,0.7366316565321539,336.78,0.37050893758536735,0.02327929211948453,503.61999999999995,4.61512051684126,978.405549570347,1554.2802876617993,0.10229815128080509
231.75,0.0,121.62,173.96,6.72,1056.4,778.45,3,15.43736764,0.7506364617044229,0.49228853609531087,0.0,0.34417183122506156,3.4795099842603303,0.7368894358197652,353.37,0.34417183122506156,0.019016894473215043,534.0500000000001,1.3862943611198906,321.27371818953463,489.87483838893576,0.3551111148555962
231.75,0.0,121.62,173.96,6.72,1056.4,778.45,14,26.77235308,0.7506364617044229,0.49228853609531087,0.0,0.34417183122506156,3.4795099842603303,0.7368894358197652,353.37,0.34417183122506156,0.019016894473215043,534.0500000000001,2.70805020110221,627.5906341054372,956.9436995634879,0.18178707909289987
231.75,0.0,121.62,173.96,6.72,1056.4,778.45,28,33.72916592,0.7506364617044229,0.49228853609531087,0.0,0.34417183122506156,3.4795099842603303,0.7368894358197652,353.37,0.34417183122506156,0.019016894473215043,534.0500000000001,3.367295829986474,780.3708085993654,1189.9013274423203,0.14619699632903602
231.75,0.0,121.62,173.96,6.72,1056.4,778.45,56,42.69924868,0.7506364617044229,0.49228853609531087,0.0,0.34417183122506156,3.4795099842603303,0.7368894358197652,353.37,0.34417183122506156,0.019016894473215043,534.0500000000001,4.04305126783455,936.977131320657,1428.693026514695,0.12176163582486045
231.75,0.0,121.62,173.96,6.72,1056.4,778.45,100,45.83636448,0.7506364617044229,0.49228853609531087,0.0,0.34417183122506156,3.4795099842603303,0.7368894358197652,353.37,0.34417183122506156,0.019016894473215043,534.0500000000001,4.61512051684126,1069.554179777962,1630.8451370361959,0.1066686198765291
251.37,0.0,118.27,188.45,5.75,1028.4,757.73,3,17.22311048,0.7496916895413135,0.5098203657612812,0.0,0.31995996104317714,3.2004336218172704,0.7368047452353169,369.64,0.31995996104317714,0.015555675792663133,563.8399999999999,1.3862943611198906,348.4728135547069,512.4298476443563,0.36775765671399896
251.37,0.0,118.27,188.45,5.75,1028.4,757.73,14,29.93015316,0.7496916895413135,0.5098203657612812,0.0,0.31995996104317714,3.2004336218172704,0.7368047452353169,369.64,0.31995996104317714,0.015555675792663133,563.8399999999999,2.70805020110221,680.7225790510626,1001.0036763354209,0.1882610468424027
251.37,0.0,118.27,188.45,5.75,1028.4,757.73,28,29.65436276,0.7496916895413135,0.5098203657612812,0.0,0.31995996104317714,3.2004336218172704,0.7368047452353169,369.64,0.31995996104317714,0.015555675792663133,563.8399999999999,3.367295829986474,846.4371527837001,1244.6872305962002,0.151403497495297
251.37,0.0,118.27,188.45,5.75,1028.4,757.73,56,36.96970312,0.7496916895413135,0.5098203657612812,0.0,0.31995996104317714,3.2004336218172704,0.7368047452353169,369.64,0.31995996104317714,0.015555675792663133,563.8399999999999,4.04305126783455,1016.3017971955709,1494.473470642363,0.12609792258071956
251.37,0.0,118.27,188.45,5.75,1028.4,757.73,100,43.58177796,0.7496916895413135,0.5098203657612812,0.0,0.31995996104317714,3.2004336218172704,0.7368047452353169,369.64,0.31995996104317714,0.015555675792663133,563.8399999999999,4.61512051684126,1160.1028443183875,1705.9331478452032,0.1104674003421733
251.37,0.0,118.27,188.45,6.35,1028.4,757.73,3,13.12072828,0.7496916895413135,0.5098203657612812,0.0,0.31995996104317714,3.2004336218172704,0.7368047452353169,369.64,0.31995996104317714,0.017178876744941025,564.4399999999999,1.3862943611198906,348.4728135547069,512.4298476443563,0.36775765671399896
251.37,0.0,118.27,188.45,6.35,1028.4,757.73,14,24.42813468,0.7496916895413135,0.5098203657612812,0.0,0.31995996104317714,3.2004336218172704,0.7368047452353169,369.64,0.31995996104317714,0.017178876744941025,564.4399999999999,2.70805020110221,680.7225790510626,1001.0036763354209,0.1882610468424027
251.37,0.0,118.27,188.45,6.35,1028.4,757.73,28,32.66047812,0.7496916895413135,0.5098203657612812,0.0,0.31995996104317714,3.2004336218172704,0.7368047452353169,369.64,0.31995996104317714,0.017178876744941025,564.4399999999999,3.367295829986474,846.4371527837001,1244.6872305962002,0.151403497495297
251.37,0.0,118.27,188.45,6.35,1028.4,757.73,56,36.63875464,0.7496916895413135,0.5098203657612812,0.0,0.31995996104317714,3.2004336218172704,0.7368047452353169,369.64,0.31995996104317714,0.017178876744941025,564.4399999999999,4.04305126783455,1016.3017971955709,1494.473470642363,0.12609792258071956
251.37,0.0,118.27,188.45,6.35,1028.4,757.73,100,44.20920112,0.7496916895413135,0.5098203657612812,0.0,0.31995996104317714,3.2004336218172704,0.7368047452353169,369.64,0.31995996104317714,0.017178876744941025,564.4399999999999,4.61512051684126,1160.1028443183875,1705.9331478452032,0.1104674003421733
181.38,0.0,167.01,169.59,7.56,1055.6,777.8,3,13.62404576,0.9349983460138935,0.48678205459398954,0.0,0.47937656075088264,3.539518900343642,0.7368321333838576,348.39,0.47937656075088264,0.0216998191681736,525.54,1.3862943611198906,251.44607121992576,482.97109247055863,0.3511390280782447
181.38,0.0,167.01,169.59,7.56,1055.6,777.8,14,21.60128308,0.9349983460138935,0.48678205459398954,0.0,0.47937656075088264,3.539518900343642,0.7368321333838576,348.39,0.47937656075088264,0.0216998191681736,525.54,2.70805020110221,491.18614547591886,943.4576095619989,0.1797537041210917
181.38,0.0,167.01,169.59,7.56,1055.6,777.8,28,27.77209328,0.9349983460138935,0.48678205459398954,0.0,0.47937656075088264,3.539518900343642,0.7368321333838576,348.39,0.47937656075088264,0.0216998191681736,525.54,3.367295829986474,610.7601176429466,1173.1321942089876,0.14456171336628446
181.38,0.0,167.01,169.59,7.56,1055.6,777.8,56,35.57006684,0.9349983460138935,0.48678205459398954,0.0,0.47937656075088264,3.539518900343642,0.7368321333838576,348.39,0.47937656075088264,0.0216998191681736,525.54,4.04305126783455,733.3286389598308,1408.5586312008788,0.1203996739954052
181.38,0.0,167.01,169.59,7.56,1055.6,777.8,100,45.3675208,0.9349983460138935,0.48678205459398954,0.0,0.47937656075088264,3.539518900343642,0.7368321333838576,348.39,0.47937656075088264,0.0216998191681736,525.54,4.61512051684126,837.0905593446677,1607.8618368623263,0.1054754806115354
182.04,45.21,121.97,170.21,8.19,1059.4,780.65,3,7.31534036,0.9350142825752583,0.4874004925262012,0.12945993929328217,0.34926407422255307,3.5424407523631674,0.736879365678686,349.22,0.47872401351583527,0.023452265047820855,527.6200000000001,1.3862943611198906,252.36102549826487,484.12171679028825,0.3515851367471944
182.04,45.21,121.97,170.21,8.19,1059.4,780.65,14,21.50475644,0.9350142825752583,0.4874004925262012,0.12945993929328217,0.34926407422255307,3.5424407523631674,0.736879365678686,349.22,0.47872401351583527,0.023452265047820855,527.6200000000001,2.70805020110221,492.9734586086463,945.7052912289139,0.1799820743086015
182.04,45.21,121.97,170.21,8.19,1059.4,780.65,28,31.2677366,0.9350142825752583,0.4874004925262012,0.12945993929328217,0.34926407422255307,3.5424407523631674,0.736879365678686,349.22,0.47872401351583527,0.023452265047820855,527.6200000000001,3.367295829986474,612.9825328907377,1175.9270497478765,0.1447453734791573
182.04,45.21,121.97,170.21,8.19,1059.4,780.65,56,43.49904084,0.9350142825752583,0.4874004925262012,0.12945993929328217,0.34926407422255307,3.5424407523631674,0.736879365678686,349.22,0.47872401351583527,0.023452265047820855,527.6200000000001,4.04305126783455,735.9970527966015,1411.9143637531818,0.12055263716387447
182.04,45.21,121.97,170.21,8.19,1059.4,780.65,100,48.67011084,0.9350142825752583,0.4874004925262012,0.12945993929328217,0.34926407422255307,3.5424407523631674,0.736879365678686,349.22,0.47872401351583527,0.023452265047820855,527.6200000000001,4.61512051684126,840.1365388857829,1611.6923868913047,0.10560948316465507
168.88,42.22,124.25,158.33,10.83,1080.8,796.15,3,7.39807748,0.9375296068214117,0.47213359176979275,0.12589831519308184,0.3705084240345907,3.801956733106465,0.7366302738712065,335.35,0.49640673922767253,0.03229461756373937,504.51000000000005,1.3862943611198906,234.1173917059271,464.8938140015553,0.3405723957416872
168.88,42.22,124.25,158.33,10.83,1080.8,796.15,14,23.5111316,0.9375296068214117,0.47213359176979275,0.12589831519308184,0.3705084240345907,3.801956733106465,0.7366302738712065,335.35,0.49640673922767253,0.03229461756373937,504.51000000000005,2.70805020110221,457.33551796214124,908.1446349396263,0.1743444754375781
168.88,42.22,124.25,158.33,10.83,1080.8,796.15,28,31.11605188,0.9375296068214117,0.47213359176979275,0.12589831519308184,0.3705084240345907,3.801956733106465,0.7366302738712065,335.35,0.49640673922767253,0.03229461756373937,504.51000000000005,3.367295829986474,568.6689197681158,1129.2226565859642,0.1402114977737757
168.88,42.22,124.25,158.33,10.83,1080.8,796.15,56,39.14844728,0.9375296068214117,0.47213359176979275,0.12589831519308184,0.3705084240345907,3.801956733106465,0.7366302738712065,335.35,0.49640673922767253,0.03229461756373937,504.51000000000005,4.04305126783455,682.7904981118988,1355.8372426683165,0.11677655327449422
168.88,42.22,124.25,158.33,10.83,1080.8,796.15,100,48.15300384,0.9375296068214117,0.47213359176979275,0.12589831519308184,0.3705084240345907,3.801956733106465,0.7366302738712065,335.35,0.49640673922767253,0.03229461756373937,504.51000000000005,4.61512051684126,779.4015528841519,1547.6806653227165,0.10230146537818616
290.35,0.0,96.18,168.08,9.41,961.18,865.0,3,22.50449664,0.5788875495092131,0.4348433498046723,0.0,0.2488293276071715,3.292728223436288,0.8999354959528912,386.53000000000003,0.2488293276071715,0.024344811528212558,564.02,1.3862943611198906,402.51056775116024,535.8443594036713,0.31367317216337276
290.35,0.0,96.18,168.08,9.41,961.18,865.0,14,34.67374804,0.5788875495092131,0.4348433498046723,0.0,0.2488293276071715,3.292728223436288,0.8999354959528912,386.53000000000003,0.2488293276071715,0.024344811528212558,564.02,2.70805020110221,786.2823758900267,1046.7426442320373,0.16057433116553219
290.35,0.0,96.18,168.08,9.41,961.18,865.0,28,34.73580088,0.5788875495092131,0.4348433498046723,0.0,0.2488293276071715,3.292728223436288,0.8999354959528912,386.53000000000003,0.2488293276071715,0.024344811528212558,564.02,3.367295829986474,977.6943442365729,1301.560857164672,0.12913725783529362
290.35,0.0,96.18,168.08,9.41,961.18,865.0,56,45.08483564,0.5788875495092131,0.4348433498046723,0.0,0.2488293276071715,3.292728223436288,0.8999354959528912,386.53000000000003,0.2488293276071715,0.024344811528212558,564.02,4.04305126783455,1173.8999356157617,1562.7606065560888,0.10755326138557068
290.35,0.0,96.18,168.08,9.41,961.18,865.0,100,48.97348028,0.5788875495092131,0.4348433498046723,0.0,0.2488293276071715,3.292728223436288,0.8999354959528912,386.53000000000003,0.2488293276071715,0.024344811528212558,564.02,4.61512051684126,1340.0002420648598,1783.8825333746522,0.09422145060304804
277.05,0.0,97.39,160.6,11.83,973.9,875.61,3,23.13881456,0.5796787583468688,0.4289071680376028,0.0,0.2600950753124666,3.4567695873205744,0.8990758804805422,374.44,0.2600950753124666,0.03159384681123811,546.87,1.3862943611198906,384.0728527482657,519.0840605777319,0.3093911221647895
277.05,0.0,97.39,160.6,11.83,973.9,875.61,14,41.885667,0.5796787583468688,0.4289071680376028,0.0,0.2600950753124666,3.4567695873205744,0.8990758804805422,374.44,0.2600950753124666,0.03159384681123811,546.87,2.70805020110221,750.2653082153673,1014.0023173007115,0.15838228104598367
277.05,0.0,97.39,160.6,11.83,973.9,875.61,28,48.28400428,0.5796787583468688,0.4289071680376028,0.0,0.2600950753124666,3.4567695873205744,0.8990758804805422,374.44,0.2600950753124666,0.03159384681123811,546.87,3.367295829986474,932.9093096977527,1260.8502505801355,0.12737436497800245
277.05,0.0,97.39,160.6,11.83,973.9,875.61,56,51.03501352,0.5796787583468688,0.4289071680376028,0.0,0.2600950753124666,3.4567695873205744,0.8990758804805422,374.44,0.2600950753124666,0.03159384681123811,546.87,4.04305126783455,1120.1273537535621,1513.880116727969,0.10608501837458138
277.05,0.0,97.39,160.6,11.83,973.9,875.61,100,55.6407132,0.5796787583468688,0.4289071680376028,0.0,0.2600950753124666,3.4567695873205744,0.8990758804805422,374.44,0.2600950753124666,0.03159384681123811,546.87,4.61512051684126,1278.619139190871,1728.0857263260414,0.0929352042860976
295.71,0.0,95.64,171.54,8.87,955.14,859.2,3,22.94576128,0.5800953637009232,0.43832886163280954,0.0,0.24438482177079343,3.2232585407450838,0.89955399208493,391.34999999999997,0.24438482177079343,0.022665133512201355,571.76,1.3862943611198906,409.94110552676284,542.5262982242691,0.3161874374780795
295.71,0.0,95.64,171.54,8.87,955.14,859.2,14,35.2322236,0.5800953637009232,0.43832886163280954,0.0,0.24438482177079343,3.2232585407450838,0.89955399208493,391.34999999999997,0.24438482177079343,0.022665133512201355,571.76,2.70805020110221,800.7975249679345,1059.7954462013497,0.1618614239331325
295.71,0.0,95.64,171.54,8.87,955.14,859.2,28,39.94134468,0.5800953637009232,0.43832886163280954,0.0,0.24438482177079343,3.2232585407450838,0.89955399208493,391.34999999999997,0.24438482177079343,0.022665133512201355,571.76,3.367295829986474,995.7430498853003,1317.7912230652066,0.13017236493728865
295.71,0.0,95.64,171.54,8.87,955.14,859.2,56,48.71837416,0.5800953637009232,0.43832886163280954,0.0,0.24438482177079343,3.2232585407450838,0.89955399208493,391.34999999999997,0.24438482177079343,0.022665133512201355,571.76,4.04305126783455,1195.5706904113547,1582.248113667051,0.10841536072521227
295.71,0.0,95.64,171.54,8.87,955.14,859.2,100,52.04164848,0.5800953637009232,0.43832886163280954,0.0,0.24438482177079343,3.2232585407450838,0.89955399208493,391.34999999999997,0.24438482177079343,0.022665133512201355,571.76,4.61512051684126,1364.7372880351288,1806.127414265827,0.09497668804818477
251.81,0.0,99.94,146.14,12.35,1006.0,899.76,3,21.02212324,0.5803582065843294,0.4154655294953802,0.0,0.28412224591329066,3.8276727791279197,0.8943936381709742,351.75,0.28412224591329066,0.035110163468372424,510.24,1.3862943611198906,349.08278307359967,487.6290415239215,0.2996950295316462
251.81,0.0,99.94,146.14,12.35,1006.0,899.76,14,33.35684888,0.5803582065843294,0.4154655294953802,0.0,0.28412224591329066,3.8276727791279197,0.8943936381709742,351.75,0.28412224591329066,0.035110163468372424,510.24,2.70805020110221,681.9141211395475,952.5566582377024,0.15341869560847896
251.81,0.0,99.94,146.14,12.35,1006.0,899.76,28,33.94290348,0.5803582065843294,0.4154655294953802,0.0,0.28412224591329066,3.8276727791279197,0.8943936381709742,351.75,0.28412224591329066,0.035110163468372424,510.24,3.367295829986474,847.918762948894,1184.4463081977424,0.12338254506645145
251.81,0.0,99.94,146.14,12.35,1006.0,899.76,56,44.14025352,0.5803582065843294,0.4154655294953802,0.0,0.28412224591329066,3.8276727791279197,0.8943936381709742,351.75,0.28412224591329066,0.035110163468372424,510.24,4.04305126783455,1018.0807397534181,1422.143283460803,0.10276039109390335
251.81,0.0,99.94,146.14,12.35,1006.0,899.76,100,45.3675208,0.5803582065843294,0.4154655294953802,0.0,0.28412224591329066,3.8276727791279197,0.8943936381709742,351.75,0.28412224591329066,0.035110163468372424,510.24,4.61512051684126,1162.1334973457977,1623.3686417989131,0.09002268261019074
249.1,0.0,98.75,158.11,12.8,987.76,889.01,3,15.36152528,0.6347250100361301,0.4545350007187006,0.0,0.28388673278712084,3.7093248478140564,0.9000263221835264,347.85,0.28388673278712084,0.03679747017392554,518.76,1.3862943611198906,345.32592535496474,482.222493515554,0.32787769572366543
249.1,0.0,98.75,158.11,12.8,987.76,889.01,14,28.6822016,0.6347250100361301,0.4545350007187006,0.0,0.28388673278712084,3.7093248478140564,0.9000263221835264,347.85,0.28388673278712084,0.03679747017392554,518.76,2.70805020110221,674.5753050945605,941.9952624534038,0.16784585475324618
249.1,0.0,98.75,158.11,12.8,987.76,889.01,28,30.84715624,0.6347250100361301,0.4545350007187006,0.0,0.28388673278712084,3.7093248478140564,0.9000263221835264,347.85,0.28388673278712084,0.03679747017392554,518.76,3.367295829986474,838.7933912496306,1171.313854460795,0.13498517019828532
249.1,0.0,98.75,158.11,12.8,987.76,889.01,56,42.03045696,0.6347250100361301,0.4545350007187006,0.0,0.28388673278712084,3.7093248478140564,0.9000263221835264,347.85,0.28388673278712084,0.03679747017392554,518.76,4.04305126783455,1007.1240708175865,1406.3753835162483,0.11242375389470355
249.1,0.0,98.75,158.11,12.8,987.76,889.01,100,51.0556978,0.6347250100361301,0.4545350007187006,0.0,0.28388673278712084,3.7093248478140564,0.9000263221835264,347.85,0.28388673278712084,0.03679747017392554,518.76,4.61512051684126,1149.6265207451577,1605.3696717832322,0.09848821911801327
252.31,0.0,98.75,146.25,14.17,987.76,889.01,3,21.78054684,0.5796440886211407,0.4165954537685866,0.0,0.28129094741639604,3.773843276829342,0.9000263221835264,351.06,0.28129094741639604,0.04036347063180083,511.48,1.3862943611198906,349.7759302541596,486.6724984147488,0.30051009760441366
252.31,0.0,98.75,146.25,14.17,987.76,889.01,14,42.29245784,0.5796440886211407,0.4165954537685866,0.0,0.28129094741639604,3.773843276829342,0.9000263221835264,351.06,0.28129094741639604,0.04036347063180083,511.48,2.70805020110221,683.2681462400986,950.6881035989419,0.15383594203646117
252.31,0.0,98.75,146.25,14.17,987.76,889.01,28,50.60064364,0.5796440886211407,0.4165954537685866,0.0,0.28129094741639604,3.773843276829342,0.9000263221835264,351.06,0.28129094741639604,0.04036347063180083,511.48,3.367295829986474,849.6024108638873,1182.1228740750516,0.12371810342848907
252.31,0.0,98.75,146.25,14.17,987.76,889.01,56,55.82687172,0.5796440886211407,0.4165954537685866,0.0,0.28129094741639604,3.773843276829342,0.9000263221835264,351.06,0.28129094741639604,0.04036347063180083,511.48,4.04305126783455,1020.1022653873354,1419.3535780859972,0.10303986424384726
252.31,0.0,98.75,146.25,14.17,987.76,889.01,100,60.9496784,0.5796440886211407,0.4165954537685866,0.0,0.28129094741639604,3.773843276829342,0.9000263221835264,351.06,0.28129094741639604,0.04036347063180083,511.48,4.61512051684126,1164.4410576042183,1620.1842086422926,0.09026751354560904
246.83,0.0,125.08,143.3,11.99,1086.8,800.89,3,23.52492112,0.5805615200745452,0.3853082735070313,0.0,0.33631792638003816,3.663923448690825,0.7369249171880751,371.91,0.33631792638003816,0.03223898254954156,527.2,1.3862943611198906,342.1790371552226,515.5767358440985,0.2779411677010412
246.83,0.0,125.08,143.3,11.99,1086.8,800.89,14,42.21661548,0.5805615200745452,0.3853082735070313,0.0,0.33631792638003816,3.663923448690825,0.7369249171880751,371.91,0.33631792638003816,0.03223898254954156,527.2,2.70805020110221,668.4280311380586,1007.150950291923,0.1422825445961844
246.83,0.0,125.08,143.3,11.99,1086.8,800.89,28,52.5035974,0.5805615200745452,0.3853082735070313,0.0,0.33631792638003816,3.663923448690825,0.7369249171880751,371.91,0.33631792638003816,0.03223898254954156,527.2,3.367295829986474,831.1496297155614,1252.3309921302696,0.11442661796322748
246.83,0.0,125.08,143.3,11.99,1086.8,800.89,56,60.32225524,0.5805615200745452,0.3853082735070313,0.0,0.33631792638003816,3.663923448690825,0.7369249171880751,371.91,0.33631792638003816,0.03223898254954156,527.2,4.04305126783455,997.9463444396021,1503.6511970203476,0.09530135731209799
246.83,0.0,125.08,143.3,11.99,1086.8,800.89,100,66.42411784,0.5805615200745452,0.3853082735070313,0.0,0.33631792638003816,3.663923448690825,0.7369249171880751,371.91,0.33631792638003816,0.03223898254954156,527.2,4.61512051684126,1139.150197171928,1716.409471418433,0.08348823656955094
275.07,0.0,121.35,159.48,9.9,1053.6,777.5,3,23.80071152,0.5797796924419238,0.40230059028303317,0.0,0.3061147268049039,3.2939377585896743,0.7379460895975704,396.41999999999996,0.3061147268049039,0.024973512940820345,565.8,1.3862943611198906,381.3279899132483,549.554810635147,0.29019853327401735
275.07,0.0,121.35,159.48,9.9,1053.6,777.5,14,38.76923548,0.5797796924419238,0.40230059028303317,0.0,0.3061147268049039,3.2939377585896743,0.7379460895975704,396.41999999999996,0.3061147268049039,0.024973512940820345,565.8,2.70805020110221,744.9033688171849,1073.525260720938,0.14855728675904598
275.07,0.0,121.35,159.48,9.9,1053.6,777.5,28,51.3314882,0.5797796924419238,0.40230059028303317,0.0,0.3061147268049039,3.2939377585896743,0.7379460895975704,396.41999999999996,0.3061147268049039,0.024973512940820345,565.8,3.367295829986474,926.2420639543794,1334.863412923238,0.1194728977182409
275.07,0.0,121.35,159.48,9.9,1053.6,777.5,56,56.8472962,0.5797796924419238,0.40230059028303317,0.0,0.3061147268049039,3.2939377585896743,0.7379460895975704,396.41999999999996,0.3061147268049039,0.024973512940820345,565.8,4.04305126783455,1112.1221122432496,1602.7463835949723,0.09950420205739921
275.07,0.0,121.35,159.48,9.9,1053.6,777.5,100,58.60546,0.5797796924419238,0.40230059028303317,0.0,0.3061147268049039,3.2939377585896743,0.7379460895975704,396.41999999999996,0.3061147268049039,0.024973512940820345,565.8,4.61512051684126,1269.4812005675253,1829.526075286212,0.0871701158864603
297.16,0.0,117.54,174.8,9.52,1022.8,753.45,3,21.91154728,0.5882352941176471,0.4215095249578008,0.0,0.2834338075717386,3.0131467345207805,0.7366542823621433,414.70000000000005,0.2834338075717386,0.022956353990836745,599.02,1.3862943611198906,411.9512323503867,574.8962715564187,0.304054850672041
297.16,0.0,117.54,174.8,9.52,1022.8,753.45,14,36.9903874,0.5882352941176471,0.4215095249578008,0.0,0.2834338075717386,3.0131467345207805,0.7366542823621433,414.70000000000005,0.2834338075717386,0.022956353990836745,599.02,2.70805020110221,804.7241977595328,1123.0284183970866,0.15565055802371802
297.16,0.0,117.54,174.8,9.52,1022.8,753.45,28,47.401475,0.5882352941176471,0.4215095249578008,0.0,0.2834338075717386,3.0131467345207805,0.7366542823621433,414.70000000000005,0.2834338075717386,0.022956353990836745,599.02,3.367295829986474,1000.6256288387807,1396.417580695391,0.1251774558101401
297.16,0.0,117.54,174.8,9.52,1022.8,753.45,56,51.95891136,0.5882352941176471,0.4215095249578008,0.0,0.2834338075717386,3.0131467345207805,0.7366542823621433,414.70000000000005,0.2834338075717386,0.022956353990836745,599.02,4.04305126783455,1201.433114749715,1676.6533607709882,0.1042553005229539
297.16,0.0,117.54,174.8,9.52,1022.8,753.45,100,56.7438748,0.5882352941176471,0.4215095249578008,0.0,0.2834338075717386,3.0131467345207805,0.7366542823621433,414.70000000000005,0.2834338075717386,0.022956353990836745,599.02,4.61512051684126,1371.4292127845488,1913.8904783340706,0.09133228989788024
213.74,0.0,174.74,154.79,10.16,1053.5,776.35,3,17.57474324,0.7241976232806212,0.398450370675453,0.0,0.44980436573311366,3.368214699872991,0.7369245372567632,388.48,0.44980436573311366,0.02615321252059308,553.43,1.3862943611198906,296.3065567457654,538.5476334078551,0.2874211869069227
213.74,0.0,174.74,154.79,10.16,1053.5,776.35,14,33.72916592,0.7241976232806212,0.398450370675453,0.0,0.44980436573311366,3.368214699872991,0.7369245372567632,388.48,0.44980436573311366,0.02615321252059308,553.43,2.70805020110221,578.8186499835864,1052.0233421241867,0.14713551857837745
213.74,0.0,174.74,154.79,10.16,1053.5,776.35,28,40.14818748,0.7241976232806212,0.398450370675453,0.0,0.44980436573311366,3.368214699872991,0.7369245372567632,388.48,0.44980436573311366,0.02615321252059308,553.43,3.367295829986474,719.725810701309,1308.1270840331456,0.11832948181361705
213.74,0.0,174.74,154.79,10.16,1053.5,776.35,56,46.6430514,0.7241976232806212,0.398450370675453,0.0,0.44980436573311366,3.368214699872991,0.7369245372567632,388.48,0.44980436573311366,0.02615321252059308,553.43,4.04305126783455,864.1617779869568,1570.6445565283661,0.09855189664435351
213.74,0.0,174.74,154.79,10.16,1053.5,776.35,100,50.07664188,0.7241976232806212,0.398450370675453,0.0,0.44980436573311366,3.368214699872991,0.7369245372567632,388.48,0.44980436573311366,0.02615321252059308,553.43,4.61512051684126,986.4358592696509,1792.8820183824926,0.0863358539005533
213.5,0.0,174.24,154.61,11.66,1052.3,775.48,3,17.36790044,0.724168618266979,0.39874658276164443,0.0,0.4493732913808222,3.370111551581082,0.7369381355126865,387.74,0.4493732913808222,0.030071697529272193,554.01,1.3862943611198906,295.97384609909665,537.5217755806264,0.2876348587608225
213.5,0.0,174.24,154.61,11.66,1052.3,775.48,14,33.70158688,0.724168618266979,0.39874658276164443,0.0,0.4493732913808222,3.370111551581082,0.7369381355126865,387.74,0.4493732913808222,0.030071697529272193,554.01,2.70805020110221,578.1687179353219,1050.019384975371,0.14724490062974077
213.5,0.0,174.24,154.61,11.66,1052.3,775.48,28,45.93978588,0.724168618266979,0.39874658276164443,0.0,0.4493732913808222,3.370111551581082,0.7369381355126865,387.74,0.4493732913808222,0.030071697529272193,554.01,3.367295829986474,718.9176597021122,1305.6352851189556,0.11841744916223952
213.5,0.0,174.24,154.61,11.66,1052.3,775.48,56,51.4349096,0.724168618266979,0.39874658276164443,0.0,0.4493732913808222,3.370111551581082,0.7369381355126865,387.74,0.4493732913808222,0.030071697529272193,554.01,4.04305126783455,863.1914456826764,1567.6526985901685,0.09862516113361389
213.5,0.0,174.24,154.61,11.66,1052.3,775.48,100,59.30183076,0.724168618266979,0.39874658276164443,0.0,0.4493732913808222,3.370111551581082,0.7369381355126865,387.74,0.4493732913808222,0.030071697529272193,554.01,4.61512051684126,985.328230345609,1789.4668292000301,0.08640003685853034
277.19,97.82,24.46,160.7,11.19,1061.7,782.46,3,30.44726016,0.5797467441105378,0.4022830250081358,0.24487445865772148,0.06123113124890481,3.2921434564507206,0.7369878496750495,399.46999999999997,0.3061055899066263,0.028012116053771248,571.36,1.3862943611198906,384.26693395882245,553.7830084365627,0.2901858626065242
277.19,97.82,24.46,160.7,11.19,1061.7,782.46,14,47.7117392,0.5797467441105378,0.4022830250081358,0.24487445865772148,0.06123113124890481,3.2921434564507206,0.7369878496750495,399.46999999999997,0.3061055899066263,0.028012116053771248,571.36,2.70805020110221,750.6444352435216,1081.7848138342997,0.14855080044099683
277.19,97.82,24.46,160.7,11.19,1061.7,782.46,28,63.14221208,0.5797467441105378,0.4022830250081358,0.24487445865772148,0.06123113124890481,3.2921434564507206,0.7369878496750495,399.46999999999997,0.3061055899066263,0.028012116053771248,571.36,3.367295829986474,933.3807311139508,1345.1336652046966,0.11946768128470367
277.19,97.82,24.46,160.7,11.19,1061.7,782.46,56,66.82401392,0.5797467441105378,0.4022830250081358,0.24487445865772148,0.06123113124890481,3.2921434564507206,0.7369878496750495,399.46999999999997,0.3061055899066263,0.028012116053771248,571.36,4.04305126783455,1120.693380931059,1615.0776899618677,0.09949985749836848
277.19,97.82,24.46,160.7,11.19,1061.7,782.46,100,66.9481196,0.5797467441105378,0.4022830250081358,0.24487445865772148,0.06123113124890481,3.2921434564507206,0.7369878496750495,399.46999999999997,0.3061055899066263,0.028012116053771248,571.36,4.61512051684126,1279.2652560632287,1843.6021928625778,0.08716630985911318
218.23,54.64,123.78,140.75,11.91,1075.7,792.67,3,27.42046052,0.6449617376162764,0.3548468423042985,0.13775368712971134,0.31206353208117993,3.4766840342389282,0.7368876080691642,396.65,0.4498172192108913,0.03002647170049162,549.31,1.3862943611198906,302.5310184271937,549.8736583382046,0.2559678898337598
218.23,54.64,123.78,140.75,11.91,1075.7,792.67,14,35.9561734,0.6449617376162764,0.3548468423042985,0.13775368712971134,0.31206353208117993,3.4766840342389282,0.7368876080691642,396.65,0.4498172192108913,0.03002647170049162,549.31,2.70805020110221,590.9777953865353,1074.1481122671917,0.1310340709931712
218.23,54.64,123.78,140.75,11.91,1075.7,792.67,28,55.50971276,0.6449617376162764,0.3548468423042985,0.13775368712971134,0.31206353208117993,3.4766840342389282,0.7368876080691642,396.65,0.4498172192108913,0.03002647170049162,549.31,3.367295829986474,734.8449689779483,1335.6378909641348,0.10538035866772177
218.23,54.64,123.78,140.75,11.91,1075.7,792.67,56,61.99078716,0.6449617376162764,0.3548468423042985,0.13775368712971134,0.31206353208117993,3.4766840342389282,0.7368876080691642,396.65,0.4498172192108913,0.03002647170049162,549.31,4.04305126783455,882.3150781795339,1603.6762853865744,0.08776708945725384
218.23,54.64,123.78,140.75,11.91,1075.7,792.67,100,63.52831864,0.6449617376162764,0.3548468423042985,0.13775368712971134,0.31206353208117993,3.4766840342389282,0.7368876080691642,396.65,0.4498172192108913,0.03002647170049162,549.31,4.61512051684126,1007.157750390268,1830.5875530050855,0.07688788212776021
214.9,53.8,121.89,155.63,9.61,1014.3,780.58,3,18.01600788,0.7241973010702653,0.39844850098568835,0.1377403415346015,0.3120663611459587,3.2860019772252937,0.7695750764073747,390.59,0.4498067026805602,0.02460380450088328,555.83,1.3862943611198906,297.9146582046645,541.472714509818,0.28741983821084693
214.9,53.8,121.89,155.63,9.61,1014.3,780.58,14,38.60376124,0.7241973010702653,0.39844850098568835,0.1377403415346015,0.3120663611459587,3.2860019772252937,0.7695750764073747,390.59,0.4498067026805602,0.02460380450088328,555.83,2.70805020110221,581.959988216865,1057.7373280485122,0.14713482815921022
214.9,53.8,121.89,155.63,9.61,1014.3,780.58,28,52.20022796,0.7241973010702653,0.39844850098568835,0.1377403415346015,0.3120663611459587,3.2860019772252937,0.7695750764073747,390.59,0.4498067026805602,0.02460380450088328,555.83,3.367295829986474,723.6318738640933,1315.2320782344168,0.11832892656398676
214.9,53.8,121.89,155.63,9.61,1014.3,780.58,56,53.95839176,0.7241973010702653,0.39844850098568835,0.1377403415346015,0.3120663611459587,3.2860019772252937,0.7695750764073747,390.59,0.4498067026805602,0.02460380450088328,555.83,4.04305126783455,868.8517174576449,1579.175394703497,0.09855143419912568
214.9,53.8,121.89,155.63,9.61,1014.3,780.58,100,56.63355864,0.7241973010702653,0.39844850098568835,0.1377403415346015,0.3120663611459587,3.2860019772252937,0.7695750764073747,390.59,0.4498067026805602,0.02460380450088328,555.83,4.61512051684126,991.7893990691867,1802.6199226730275,0.08633544877792262
218.85,0.0,124.13,158.49,11.33,1078.7,794.91,3,15.340841,0.7241946538725155,0.4620969152720275,0.0,0.3619161467140941,3.736235467724889,0.736914804857699,342.98,0.3619161467140941,0.033033996151379086,512.8000000000001,1.3862943611198906,303.390520931088,475.4712399769001,0.3333324640365208
218.85,0.0,124.13,158.49,11.33,1078.7,794.91,14,26.04840328,0.7241946538725155,0.4620969152720275,0.0,0.3619161467140941,3.736235467724889,0.736914804857699,342.98,0.3619161467140941,0.033033996151379086,512.8000000000001,2.70805020110221,592.6567865112187,928.8070579740361,0.17063823819955343
218.85,0.0,124.13,158.49,11.33,1078.7,794.91,28,30.21973308,0.7241946538725155,0.4620969152720275,0.0,0.3619161467140941,3.736235467724889,0.736914804857699,342.98,0.3619161467140941,0.033033996151379086,512.8000000000001,3.367295829986474,736.9326923925398,1154.9151237687608,0.13723086375629898
218.85,0.0,124.13,158.49,11.33,1078.7,794.91,56,37.2661778,0.7241946538725155,0.4620969152720275,0.0,0.3619161467140941,3.736235467724889,0.736914804857699,342.98,0.3619161467140941,0.033033996151379086,512.8000000000001,4.04305126783455,884.8217699655913,1386.685723841894,0.11429410231533513
218.85,0.0,124.13,158.49,11.33,1078.7,794.91,100,46.2293658,0.7241946538725155,0.4620969152720275,0.0,0.3619161467140941,3.736235467724889,0.736914804857699,342.98,0.3619161467140941,0.033033996151379086,512.8000000000001,4.61512051684126,1010.0191251107096,1582.8940348662154,0.10012672769557529
376.0,0.0,0.0,214.6,0.0,1003.5,762.36,3,16.27852836,0.5707446808510638,0.5707446808510638,0.0,0.0,2.989942431425669,0.7597010463378177,376.0,0.0,0.0,590.6,1.3862943611198906,521.2466797810789,521.2466797810789,0.4117052603387919
376.0,0.0,0.0,214.6,0.0,1003.5,762.36,14,25.62092816,0.5707446808510638,0.5707446808510638,0.0,0.0,2.989942431425669,0.7597010463378177,376.0,0.0,0.0,590.6,2.70805020110221,1018.226875614431,1018.226875614431,0.21075853048025608
376.0,0.0,0.0,214.6,0.0,1003.5,762.36,28,31.97100212,0.5707446808510638,0.5707446808510638,0.0,0.0,2.989942431425669,0.7597010463378177,376.0,0.0,0.0,590.6,3.367295829986474,1266.1032320749143,1266.1032320749143,0.1694964474960777
376.0,0.0,0.0,214.6,0.0,1003.5,762.36,56,36.3009114,0.5707446808510638,0.5707446808510638,0.0,0.0,2.989942431425669,0.7597010463378177,376.0,0.0,0.0,590.6,4.04305126783455,1520.187276705791,1520.187276705791,0.14116681759436442
376.0,0.0,0.0,214.6,0.0,1003.5,762.36,100,43.0577762,0.5707446808510638,0.5707446808510638,0.0,0.0,2.989942431425669,0.7597010463378177,376.0,0.0,0.0,590.6,4.61512051684126,1735.2853143323136,1735.2853143323136,0.12366842399203481
500.0,0.0,0.0,140.0,4.0,966.0,853.0,28,67.568648,0.28,0.28,0.0,0.0,2.8421875,0.8830227743271222,500.0,0.0,0.008,644.0,3.367295829986474,1683.647914993237,1683.647914993237,0.08315277722454363
475.0,0.0,59.0,142.0,1.9,1098.0,641.0,28,57.226508,0.29894736842105263,0.26591760299625467,0.0,0.1104868913857678,2.5724852071005917,0.5837887067395264,534.0,0.1104868913857678,0.0035580524344569287,677.9,3.367295829986474,1599.4655192435753,1798.1359732127771,0.07897066857868643
315.0,137.0,0.0,145.0,5.9,1130.0,745.0,28,81.75116932,0.4603174603174603,0.32079646017699115,0.3030973451327434,0.0,3.14070351758794,0.6592920353982301,452.0,0.3030973451327434,0.013053097345132745,602.9,3.367295829986474,1060.6981864457393,1522.0177151538862,0.09526827352685545
505.0,0.0,60.0,195.0,0.0,1030.0,630.0,28,64.0178466,0.38613861386138615,0.34513274336283184,0.0,0.10619469026548672,2.1842105263157894,0.6116504854368932,565.0,0.10619469026548672,0.0,760.0,3.367295829986474,1700.4843941431695,1902.5221439423578,0.1024955218633755
451.0,0.0,0.0,165.0,11.25,1030.0,745.0,28,78.80021204,0.36585365853658536,0.36585365853658536,0.0,0.0,2.8814935064935066,0.7233009708737864,451.0,0.0,0.024944567627494457,627.25,3.367295829986474,1518.6504193238998,1518.6504193238998,0.10864909916098905
516.0,0.0,0.0,162.0,8.2,801.0,802.0,28,41.36856,0.313953488372093,0.313953488372093,0.0,0.0,2.364306784660767,1.0012484394506866,516.0,0.0,0.015891472868217054,686.2,3.367295829986474,1737.5246482730206,1737.5246482730206,0.09323608741954642
520.0,0.0,0.0,170.0,5.2,855.0,855.0,28,60.28088668,0.3269230769230769,0.3269230769230769,0.0,0.0,2.4782608695652173,1.0,520.0,0.0,0.01,695.2,3.367295829986474,1750.9938315929664,1750.9938315929664,0.09708772066052483
528.0,0.0,0.0,185.0,6.86,920.0,720.0,28,56.83350668,0.3503787878787879,0.3503787878787879,0.0,0.0,2.300140252454418,0.782608695652174,528.0,0.0,0.012992424242424243,719.86,3.367295829986474,1777.9321982328584,1777.9321982328584,0.10405346175960885
520.0,0.0,0.0,175.0,5.2,870.0,805.0,28,51.021224,0.33653846153846156,0.33653846153846156,0.0,0.0,2.4100719424460433,0.9252873563218391,520.0,0.0,0.01,700.2,3.367295829986474,1750.9938315929664,1750.9938315929664,0.09994324185642263
385.0,0.0,136.0,158.0,20.0,903.0,768.0,28,55.55108132,0.4103896103896104,0.30326295585412666,0.0,0.26103646833013433,2.4609720176730487,0.8504983388704319,521.0,0.26103646833013433,0.03838771593090211,699.0,3.367295829986474,1296.4088945447925,1754.3611274229531,0.09006127503069572
500.1,0.0,0.0,200.0,3.0,1124.4,613.2,28,44.13335876,0.3999200159968006,0.3999200159968006,0.0,0.0,2.4819311526924728,0.5453575240128068,500.1,0.0,0.005998800239952009,703.1,3.367295829986474,1683.9846445762357,1683.9846445762357,0.1187659285636353
450.1,50.0,0.0,200.0,3.0,1124.4,613.2,28,39.37597436,0.44434570095534326,0.3999200159968006,0.09998000399920015,0.0,2.4819311526924728,0.5453575240128068,500.1,0.09998000399920015,0.005998800239952009,703.1,3.367295829986474,1515.619853076912,1683.9846445762357,0.1187659285636353
397.0,17.2,158.0,167.0,20.8,967.0,633.0,28,55.64760796,0.42065491183879095,0.2918559944075498,0.030059419783292553,0.27612722824187347,2.1645021645021645,0.6546018614270941,572.2,0.306186648025166,0.03635092624956309,760.0,3.367295829986474,1336.8164445046302,1926.7666739182607,0.08667370173078084
333.0,17.5,163.0,167.0,17.9,996.0,652.0,28,47.27736932,0.5015015015015015,0.3252190847127556,0.034079844206426485,0.317429406037001,2.4217487141807497,0.6546184738955824,513.5,0.35150925024342744,0.034858812074001946,698.4,3.367295829986474,1121.3095113854959,1729.1064086980546,0.09658167892960624
334.0,17.6,158.0,189.0,15.3,967.0,633.0,28,44.32641204,0.5658682634730539,0.37087912087912084,0.03453689167974883,0.31004709576138145,2.290294875465216,0.6546018614270941,509.6,0.3445839874411303,0.030023547880690737,713.9,3.367295829986474,1124.6768072154823,1715.9739549611072,0.11014153184177186
405.0,0.0,0.0,175.0,0.0,1120.0,695.0,28,52.30364936,0.43209876543209874,0.43209876543209874,0.0,0.0,3.1293103448275863,0.6205357142857143,405.0,0.0,0.0,580.0,3.367295829986474,1363.7548111445221,1363.7548111445221,0.128322187074913
200.0,200.0,0.0,190.0,0.0,1145.0,660.0,28,49.24927068,0.95,0.475,0.5,0.0,3.059322033898305,0.5764192139737991,400.0,0.5,0.0,590.0,3.367295829986474,673.4591659972948,1346.9183319945896,0.14106274707735078
516.0,0.0,0.0,162.0,8.26,801.0,802.0,28,41.36856,0.313953488372093,0.313953488372093,0.0,0.0,2.364306784660767,1.0012484394506866,516.0,0.0,0.016007751937984496,686.26,3.367295829986474,1737.5246482730206,1737.5246482730206,0.09323608741954642
145.0,116.0,119.0,184.0,5.7,833.0,880.0,28,29.15794004,1.2689655172413794,0.4842105263157895,0.30526315789473685,0.3131578947368421,3.0372340425531914,1.056422569027611,380.0,0.618421052631579,0.015000000000000001,569.7,3.367295829986474,488.25789534803874,1279.5724153948602,0.14379803580184236
160.0,128.0,122.0,182.0,6.4,824.0,879.0,28,39.39665864,1.1375,0.44390243902439025,0.3121951219512195,0.2975609756097561,2.876689189189189,1.066747572815534,410.0,0.6097560975609756,0.015609756097560977,598.4,3.367295829986474,538.7673327978358,1380.5912902944544,0.1318275736486667
234.0,156.0,0.0,189.0,5.85,981.0,760.0,28,39.300132,0.8076923076923077,0.4846153846153846,0.4,0.0,3.006908462867012,0.7747196738022426,390.0,0.4,0.015,584.85,3.367295829986474,787.9472242168349,1313.245373694725,0.14391826827324858
250.0,180.0,95.0,159.0,9.45,860.0,800.0,28,67.86512268,0.636,0.3028571428571429,0.34285714285714286,0.18095238095238095,2.426900584795322,0.9302325581395349,525.0,0.5238095238095238,0.018,693.45,3.367295829986474,841.8239574966185,1767.830310742899,0.08994075903879209
475.0,0.0,0.0,162.0,9.5,1044.0,662.0,28,58.52272288,0.3410526315789474,0.3410526315789474,0.0,0.0,2.6781789638932496,0.6340996168582376,475.0,0.0,0.02,646.5,3.367295829986474,1599.4655192435753,1599.4655192435753,0.10128383391260201
285.0,190.0,0.0,163.0,7.6,1031.0,685.0,28,53.57917996,0.5719298245614035,0.3431578947368421,0.4,0.0,2.689655172413793,0.6644034917555771,475.0,0.4,0.016,645.6,3.367295829986474,959.6793115461452,1599.4655192435753,0.10190904276391437
356.0,119.0,0.0,160.0,9.03,1061.0,657.0,28,58.99846132,0.449438202247191,0.3368421052631579,0.2505263157894737,0.0,2.705511811023622,0.6192271442035815,475.0,0.2505263157894737,0.01901052631578947,644.03,3.367295829986474,1198.757315475185,1599.4655192435753,0.10003341620997729
275.0,180.0,120.0,162.0,10.35,830.0,765.0,28,76.23536132,0.5890909090909091,0.2817391304347826,0.3130434782608696,0.20869565217391303,2.1641791044776117,0.9216867469879518,575.0,0.5217391304347826,0.018,747.35,3.367295829986474,926.0063532462804,1936.1951022422227,0.0836692541017147
500.0,0.0,0.0,151.0,9.0,1033.0,655.0,28,69.83702404,0.302,0.302,0.0,0.0,2.5929339477726576,0.6340755082284608,500.0,0.0,0.018,660.0,3.367295829986474,1683.647914993237,1683.647914993237,0.08968620972075776
165.0,0.02,143.57,163.81,0.0,1005.6,900.9,3,14.39625888,0.9927878787878788,0.5308337924106419,6.481091415794419e-05,0.46524514728280236,4.035774767146486,0.8958830548926013,308.59000000000003,0.4653099581969603,0.0,472.40000000000003,1.3862943611198906,228.73856958478194,427.79657689798705,0.38291563992355726
165.0,128.5,132.1,175.06,8.08,1005.8,746.6,3,19.41564416,1.060969696969697,0.4113251879699248,0.3019266917293233,0.3103853383458646,2.9174574634568637,0.7422946907933984,425.6,0.612312030075188,0.018984962406015035,608.7400000000001,1.3862943611198906,228.73856958478194,590.0068800926255,0.29670840443846563
178.03,129.8,118.6,179.94,3.57,1007.3,746.8,3,20.72564856,1.0107285288996237,0.42196843561663105,0.3043875899913233,0.27812302136341244,2.8927882316077635,0.7413878685595156,426.43000000000006,0.5825106113547358,0.008371831250146565,609.9400000000002,1.3862943611198906,246.80198511017412,591.157504412355,0.30438588473789374
167.35,129.9,128.62,175.46,7.79,1006.3,746.6,3,14.94094492,1.0484613086345982,0.4120036630896753,0.3050226594970296,0.3020170474557964,2.915038331698069,0.7419258670376628,425.87,0.6070397069528259,0.01829196703219292,609.12,1.3862943611198906,231.9963613334137,590.3811795701278,0.29719782078378093
172.38,13.61,172.37,156.76,4.14,1006.3,856.4,3,21.29101888,0.9093862397029817,0.4374372139747739,0.037978569036722844,0.48099676303158834,3.616050628979655,0.8510384577163868,358.36,0.5189753320683113,0.011552628641589461,519.26,1.3862943611198906,238.96942196984674,496.792447250924,0.3155442496508454
173.54,50.05,173.53,164.77,6.47,1006.2,793.5,3,23.07676172,0.9494641004955631,0.41491236905721196,0.12603243352135374,0.4369711925866237,3.2029400772393175,0.7886106141920095,397.12,0.5630036261079774,0.016292304593070104,568.36,1.3862943611198906,240.5775234287458,550.525216687931,0.29929600862116557
167.0,75.4,167.0,164.03,7.91,1007.3,770.1,3,15.52010476,0.9822155688622755,0.4006595017098193,0.18417195896433808,0.407914020517831,3.099593673159758,0.7645190112181078,409.4,0.5920859794821691,0.019320957498778702,581.3399999999999,1.3862943611198906,231.51115830702173,567.5489114424831,0.2890147381008997
173.81,93.37,159.9,172.34,9.73,1007.2,746.6,3,15.81657944,0.9915424889246879,0.4035309543879367,0.2186241453591833,0.3744029221691486,2.9258283006906676,0.7412629070691025,427.08000000000004,0.5930270675283319,0.02278261683993631,609.1500000000001,1.3862943611198906,240.9518229062482,592.0585957470829,0.2910860533703334
190.34,0.0,125.18,166.61,9.88,1079.0,798.9,3,12.5484632,0.8753283597772408,0.5280489350912779,0.0,0.39674188640973634,3.8950075705722527,0.7404077849860983,315.52,0.39674188640973634,0.03131338742393509,492.01,1.3862943611198906,263.86726869555997,437.4035968205479,0.3809067900014424
250.0,0.0,95.69,191.84,5.33,948.9,857.2,3,8.48744956,0.76736,0.5549480748647633,0.0,0.2768087014377043,3.359998511710974,0.9033617873327011,345.69,0.2768087014377043,0.015418438485348145,542.86,1.3862943611198906,346.5735902799726,479.228097695535,0.4003104177791356
213.5,0.0,174.24,159.21,11.66,1043.6,771.9,3,15.60973664,0.7457142857142858,0.4106102027131583,0.0,0.4493732913808222,3.3193162080628937,0.7396512073591415,387.74,0.4493732913808222,0.030071697529272193,558.61,1.3862943611198906,295.97384609909665,537.5217755806264,0.2961926515963427
194.68,0.0,100.52,170.17,7.48,998.0,901.8,3,12.17614616,0.8741010889665091,0.5764566395663956,0.0,0.34051490514905147,4.082343081848851,0.9036072144288577,295.2,0.34051490514905147,0.02533875338753388,472.85,1.3862943611198906,269.88378622282033,409.23409540259166,0.4158255675949778
251.37,0.0,118.27,192.94,5.75,1043.6,754.3,3,11.98309288,0.76755380514779,0.5219673195541609,0.0,0.31995996104317714,3.195812151160724,0.7227865082407052,369.64,0.31995996104317714,0.015555675792663133,568.3299999999999,1.3862943611198906,348.4728135547069,512.4298476443563,0.3765198317134464
165.0,0.02,143.57,163.81,0.0,1005.6,900.9,14,16.87837248,0.9927878787878788,0.5308337924106419,6.481091415794419e-05,0.46524514728280236,4.035774767146486,0.8958830548926013,308.59000000000003,0.4653099581969603,0.0,472.40000000000003,2.70805020110221,446.82828318186466,835.677211558131,0.19602066172724047
165.0,128.5,132.1,175.06,8.08,1005.8,746.6,14,33.08795324,1.060969696969697,0.4113251879699248,0.3019266917293233,0.3103853383458646,2.9174574634568637,0.7422946907933984,425.6,0.612312030075188,0.018984962406015035,608.7400000000001,2.70805020110221,446.82828318186466,1152.5461655891006,0.15188979428908309
178.03,129.8,118.6,179.94,3.57,1007.3,746.8,14,34.23937816,1.0107285288996237,0.42196843561663105,0.3043875899913233,0.27812302136341244,2.8927882316077635,0.7413878685595156,426.43000000000006,0.5825106113547358,0.008371831250146565,609.9400000000002,2.70805020110221,482.11417730222644,1154.7938472560156,0.1558200196749989
167.35,129.9,128.62,175.46,7.79,1006.3,746.6,14,31.81242264,1.0484613086345982,0.4120036630896753,0.3050226594970296,0.3020170474557964,2.915038331698069,0.7419258670376628,425.87,0.6070397069528259,0.01829196703219292,609.12,2.70805020110221,453.19220115445484,1153.2773391433982,0.15214033437119617
172.38,13.61,172.37,156.76,4.14,1006.3,856.4,14,29.7508894,0.9093862397029817,0.4374372139747739,0.037978569036722844,0.48099676303158834,3.616050628979655,0.8510384577163868,358.36,0.5189753320683113,0.011552628641589461,519.26,2.70805020110221,466.813693665999,970.456870066988,0.16153216576145138
173.54,50.05,173.53,164.77,6.47,1006.2,793.5,14,33.00521612,0.9494641004955631,0.41491236905721196,0.12603243352135374,0.4369711925866237,3.2029400772393175,0.7886106141920095,397.12,0.5630036261079774,0.016292304593070104,568.36,2.70805020110221,469.9550318992775,1075.4208958617096,0.15321443040027008
167.0,75.4,167.0,164.03,7.91,1007.3,770.1,14,32.90179472,0.9822155688622755,0.4006595017098193,0.18417195896433808,0.407914020517831,3.099593673159758,0.7645190112181078,409.4,0.5920859794821691,0.019320957498778702,581.3399999999999,2.70805020110221,452.24438358406906,1108.6757523312447,0.14795128301046484
173.81,93.37,159.9,172.34,9.73,1007.2,746.6,14,29.55094136,0.9915424889246879,0.4035309543879367,0.2186241453591833,0.3744029221691486,2.9258283006906676,0.7412629070691025,427.08000000000004,0.5930270675283319,0.02278261683993631,609.1500000000001,2.70805020110221,470.68620545357516,1156.554079886732,0.14901162254071013
190.34,0.0,125.18,166.61,9.88,1079.0,798.9,14,19.41564416,0.8753283597772408,0.5280489350912779,0.0,0.39674188640973634,3.8950075705722527,0.7404077849860983,315.52,0.39674188640973634,0.03131338742393509,492.01,2.70805020110221,515.4502752777946,854.4439994517693,0.19499229921083275
250.0,0.0,95.69,191.84,5.33,948.9,857.2,14,24.65566176,0.76736,0.5549480748647633,0.0,0.2768087014377043,3.359998511710974,0.9033617873327011,345.69,0.2768087014377043,0.015418438485348145,542.86,2.70805020110221,677.0125502755525,936.145874019023,0.20492532769107918
213.5,0.0,174.24,159.21,11.66,1043.6,771.9,14,29.59230992,0.7457142857142858,0.4106102027131583,0.0,0.4493732913808222,3.3193162080628937,0.7396512073591415,387.74,0.4493732913808222,0.030071697529272193,558.61,2.70805020110221,578.1687179353219,1050.019384975371,0.15162577213156345
194.68,0.0,100.52,170.17,7.48,998.0,901.8,14,24.28334472,0.8741010889665091,0.5764566395663956,0.0,0.34051490514905147,4.082343081848851,0.9036072144288577,295.2,0.34051490514905147,0.02533875338753388,472.85,2.70805020110221,527.2032131505782,799.4164193653723,0.21286778189406186
251.37,0.0,118.27,192.94,5.75,1043.6,754.3,14,20.72564856,0.76755380514779,0.5219673195541609,0.0,0.31995996104317714,3.195812151160724,0.7227865082407052,369.64,0.31995996104317714,0.015555675792663133,568.3299999999999,2.70805020110221,680.7225790510626,1001.0036763354209,0.1927465448541957
165.0,0.02,143.57,163.81,0.0,1005.6,900.9,28,26.200088,0.9927878787878788,0.5308337924106419,6.481091415794419e-05,0.46524514728280236,4.035774767146486,0.8958830548926013,308.59000000000003,0.4653099581969603,0.0,472.40000000000003,3.367295829986474,555.6038119477682,1039.1138201755261,0.15764394315564906
165.0,128.5,132.1,175.06,8.08,1005.8,746.6,28,46.38794528,1.060969696969697,0.4113251879699248,0.3019266917293233,0.3103853383458646,2.9174574634568637,0.7422946907933984,425.6,0.612312030075188,0.018984962406015035,608.7400000000001,3.367295829986474,555.6038119477682,1433.1211052422434,0.12215297043609531
178.03,129.8,118.6,179.94,3.57,1007.3,746.8,28,39.1622368,1.0107285288996237,0.42196843561663105,0.3043875899913233,0.27812302136341244,2.8927882316077635,0.7413878685595156,426.43000000000006,0.5825106113547358,0.008371831250146565,609.9400000000002,3.367295829986474,599.479676612492,1435.9159607811323,0.12531374043792465
167.35,129.9,128.62,175.46,7.79,1006.3,746.6,28,41.20308576,1.0484613086345982,0.4120036630896753,0.3050226594970296,0.3020170474557964,2.915038331698069,0.7419258670376628,425.87,0.6070397069528259,0.01829196703219292,609.12,3.367295829986474,563.5169571482364,1434.0302751163397,0.12235446004497035
172.38,13.61,172.37,156.76,4.14,1006.3,856.4,28,33.68779736,0.9093862397029817,0.4374372139747739,0.037978569036722844,0.48099676303158834,3.616050628979655,0.8510384577163868,358.36,0.5189753320683113,0.011552628641589461,519.26,3.367295829986474,580.4544551730684,1206.704133633953,0.12990756858346214
173.54,50.05,173.53,164.77,6.47,1006.2,793.5,28,38.20386516,0.9494641004955631,0.41491236905721196,0.12603243352135374,0.4369711925866237,3.2029400772393175,0.7886106141920095,397.12,0.5630036261079774,0.016292304593070104,568.36,3.367295829986474,584.3605183358527,1337.2205200042285,0.12321827068543562
167.0,75.4,167.0,164.03,7.91,1007.3,770.1,28,41.40992856,0.9822155688622755,0.4006595017098193,0.18417195896433808,0.407914020517831,3.099593673159758,0.7645190112181078,409.4,0.5920859794821691,0.019320957498778702,581.3399999999999,3.367295829986474,562.3384036077412,1378.5709127964624,0.11898553674490449
173.81,93.37,159.9,172.34,9.73,1007.2,746.6,28,37.81086384,0.9915424889246879,0.4035309543879367,0.2186241453591833,0.3744029221691486,2.9258283006906676,0.7412629070691025,427.08000000000004,0.5930270675283319,0.02278261683993631,609.1500000000001,3.367295829986474,585.2696882099491,1438.1047030706236,0.11983828411938419
190.34,0.0,125.18,166.61,9.88,1079.0,798.9,28,24.84871504,0.8753283597772408,0.5280489350912779,0.0,0.39674188640973634,3.8950075705722527,0.7404077849860983,315.52,0.39674188640973634,0.03131338742393509,492.01,3.367295829986474,640.9310882796256,1062.4491802773323,0.1568169123689376
250.0,0.0,95.69,191.84,5.33,948.9,857.2,28,27.22051248,0.76736,0.5549480748647633,0.0,0.2768087014377043,3.359998511710974,0.9033617873327011,345.69,0.2768087014377043,0.015418438485348145,542.86,3.367295829986474,841.8239574966185,1164.0404954680243,0.16480526300149648
213.5,0.0,174.24,159.21,11.66,1043.6,771.9,28,44.63667624,0.7457142857142858,0.4106102027131583,0.0,0.4493732913808222,3.3193162080628937,0.7396512073591415,387.74,0.4493732913808222,0.030071697529272193,558.61,3.367295829986474,718.9176597021122,1305.6352851189556,0.12194063825832839
194.68,0.0,100.52,170.17,7.48,998.0,901.8,28,37.2661778,0.8741010889665091,0.5764566395663956,0.0,0.34051490514905147,4.082343081848851,0.9036072144288577,295.2,0.34051490514905147,0.02533875338753388,472.85,3.367295829986474,655.5451521817668,994.0257290120071,0.1711927518909769
251.37,0.0,118.27,192.94,5.75,1043.6,754.3,28,33.27411176,0.76755380514779,0.5219673195541609,0.0,0.31995996104317714,3.195812151160724,0.7227865082407052,369.64,0.31995996104317714,0.015555675792663133,568.3299999999999,3.367295829986474,846.4371527837001,1244.6872305962002,0.15501082943349753
165.0,0.02,143.57,163.81,0.0,1005.6,900.9,56,36.56291228,0.9927878787878788,0.5308337924106419,6.481091415794419e-05,0.46524514728280236,4.035774767146486,0.8958830548926013,308.59000000000003,0.4653099581969603,0.0,472.40000000000003,4.04305126783455,667.1034591927008,1247.645190741064,0.13129534038655793
165.0,128.5,132.1,175.06,8.08,1005.8,746.6,56,53.72396992,1.060969696969697,0.4113251879699248,0.3019266917293233,0.3103853383458646,2.9174574634568637,0.7422946907933984,425.6,0.612312030075188,0.018984962406015035,608.7400000000001,4.04305126783455,667.1034591927008,1720.7226195903847,0.10173632752132518
178.03,129.8,118.6,179.94,3.57,1007.3,746.8,56,48.58737372,1.0107285288996237,0.42196843561663105,0.3043875899913233,0.27812302136341244,2.8927882316077635,0.7413878685595156,426.43000000000006,0.5825106113547358,0.008371831250146565,609.9400000000002,4.04305126783455,719.784417212585,1724.0783521426874,0.10436880654314247
167.35,129.9,128.62,175.46,7.79,1006.3,746.6,56,51.72448952,1.0484613086345982,0.4120036630896753,0.3050226594970296,0.3020170474557964,2.915038331698069,0.7419258670376628,425.87,0.6070397069528259,0.01829196703219292,609.12,4.04305126783455,676.604629672112,1721.8142434326999,0.10190414016450094
172.38,13.61,172.37,156.76,4.14,1006.3,856.4,56,35.852752,0.9093862397029817,0.4374372139747739,0.037978569036722844,0.48099676303158834,3.616050628979655,0.8510384577163868,358.36,0.5189753320683113,0.011552628641589461,519.26,4.04305126783455,696.9411775493197,1448.8678523411895,0.10819482242407091
173.54,50.05,173.53,164.77,6.47,1006.2,793.5,56,53.77223324,0.9494641004955631,0.41491236905721196,0.12603243352135374,0.4369711925866237,3.2029400772393175,0.7886106141920095,397.12,0.5630036261079774,0.016292304593070104,568.36,4.04305126783455,701.6311170200079,1605.5765194824567,0.10262357352679284
167.0,75.4,167.0,164.03,7.91,1007.3,770.1,56,53.46196904,0.9822155688622755,0.4006595017098193,0.18417195896433808,0.407914020517831,3.099593673159758,0.7645190112181078,409.4,0.5920859794821691,0.019320957498778702,581.3399999999999,4.04305126783455,675.1895617283699,1655.225189051465,0.0990982985789373
173.81,93.37,159.9,172.34,9.73,1007.2,746.6,56,48.9872698,0.9915424889246879,0.4035309543879367,0.2186241453591833,0.3744029221691486,2.9258283006906676,0.7412629070691025,427.08000000000004,0.5930270675283319,0.02278261683993631,609.1500000000001,4.04305126783455,702.7227408623232,1726.7063354667798,0.09980851778910708
190.34,0.0,125.18,166.61,9.88,1079.0,798.9,56,31.715896,0.8753283597772408,0.5280489350912779,0.0,0.39674188640973634,3.8950075705722527,0.7404077849860983,315.52,0.39674188640973634,0.03131338742393509,492.01,4.04305126783455,769.5543783196283,1275.6635360271573,0.13060653949463763
250.0,0.0,95.69,191.84,5.33,948.9,857.2,56,39.64487,0.76736,0.5549480748647633,0.0,0.2768087014377043,3.359998511710974,0.9033617873327011,345.69,0.2768087014377043,0.015418438485348145,542.86,4.04305126783455,1010.7628169586376,1397.6423927777257,0.13725971750093396
213.5,0.0,174.24,159.21,11.66,1043.6,771.9,56,51.25564584,0.7457142857142858,0.4106102027131583,0.0,0.4493732913808222,3.3193162080628937,0.7396512073591415,387.74,0.4493732913808222,0.030071697529272193,558.61,4.04305126783455,863.1914456826764,1567.6526985901685,0.101559484535817
194.68,0.0,100.52,170.17,7.48,998.0,901.8,56,43.38872468,0.8741010889665091,0.5764566395663956,0.0,0.34051490514905147,4.082343081848851,0.9036072144288577,295.2,0.34051490514905147,0.02533875338753388,472.85,4.04305126783455,787.1012208220303,1193.5087342647591,0.14257960173607806
251.37,0.0,118.27,192.94,5.75,1043.6,754.3,56,39.2656582,0.76755380514779,0.5219673195541609,0.0,0.31995996104317714,3.195812151160724,0.7227865082407052,369.64,0.31995996104317714,0.015555675792663133,568.3299999999999,4.04305126783455,1016.3017971955709,1494.473470642363,0.12910232519354756
165.0,0.02,143.57,163.81,0.0,1005.6,900.9,100,37.9556538,0.9927878787878788,0.5308337924106419,6.481091415794419e-05,0.46524514728280236,4.035774767146486,0.8958830548926013,308.59000000000003,0.4653099581969603,0.0,472.40000000000003,4.61512051684126,761.4948852788078,1424.1800402920444,0.11502056998805353
165.0,128.5,132.1,175.06,8.08,1005.8,746.6,100,55.0201848,1.060969696969697,0.4113251879699248,0.3019266917293233,0.3103853383458646,2.9174574634568637,0.7422946907933984,425.6,0.612312030075188,0.018984962406015035,608.7400000000001,4.61512051684126,761.4948852788078,1964.1952919676403,0.08912555727828518
178.03,129.8,118.6,179.94,3.57,1007.3,746.8,100,49.99390476,1.0107285288996237,0.42196843561663105,0.3043875899913233,0.27812302136341244,2.8927882316077635,0.7413878685595156,426.43000000000006,0.5825106113547358,0.008371831250146565,609.9400000000002,4.61512051684126,821.6299056132494,1968.0258419966187,0.09143172623050809
167.35,129.9,128.62,175.46,7.79,1006.3,746.6,100,53.65502232,1.0484613086345982,0.4120036630896753,0.3050226594970296,0.3020170474557964,2.915038331698069,0.7419258670376628,425.87,0.6070397069528259,0.01829196703219292,609.12,4.61512051684126,772.3404184933847,1965.4413745071872,0.08927256863308614
172.38,13.61,172.37,156.76,4.14,1006.3,856.4,100,37.6798634,0.9093862397029817,0.4374372139747739,0.037978569036722844,0.48099676303158834,3.616050628979655,0.8510384577163868,358.36,0.5189753320683113,0.011552628641589461,519.26,4.61512051684126,795.5544746930963,1653.8745884152338,0.09478348666703298
173.54,50.05,173.53,164.77,6.47,1006.2,793.5,100,56.06129356,0.9494641004955631,0.41491236905721196,0.12603243352135374,0.4369711925866237,3.2029400772393175,0.7886106141920095,397.12,0.5630036261079774,0.016292304593070104,568.36,4.61512051684126,800.9080144926322,1832.756659648001,0.08990282432346786
167.0,75.4,167.0,164.03,7.91,1007.3,770.1,100,56.8128224,0.9822155688622755,0.4006595017098193,0.18417195896433808,0.407914020517831,3.099593673159758,0.7645190112181078,409.4,0.5920859794821691,0.019320957498778702,581.3399999999999,4.61512051684126,770.7251263124904,1889.4303395948116,0.0868145263482835
173.81,93.37,159.9,172.34,9.73,1007.2,746.6,100,50.93848688,0.9915424889246879,0.4035309543879367,0.2186241453591833,0.3744029221691486,2.9258283006906676,0.7412629070691025,427.08000000000004,0.5930270675283319,0.02278261683993631,609.1500000000001,4.61512051684126,802.1540970321794,1971.0256703325654,0.08743671003073318
190.34,0.0,125.18,166.61,9.88,1079.0,798.9,100,33.56369168,0.8753283597772408,0.5280489350912779,0.0,0.39674188640973634,3.8950075705722527,0.7404077849860983,315.52,0.39674188640973634,0.03131338742393509,492.01,4.61512051684126,878.4420391755654,1456.162825473754,0.11441714970700093
250.0,0.0,95.69,191.84,5.33,948.9,857.2,100,41.1617172,0.76736,0.5549480748647633,0.0,0.2768087014377043,3.359998511710974,0.9033617873327011,345.69,0.2768087014377043,0.015418438485348145,542.86,4.61512051684126,1153.780129210315,1595.4010114668552,0.12024563017144957
213.5,0.0,174.24,159.21,11.66,1043.6,771.9,100,52.95865156,0.7457142857142858,0.4106102027131583,0.0,0.4493732913808222,3.3193162080628937,0.7396512073591415,387.74,0.4493732913808222,0.030071697529272193,558.61,4.61512051684126,985.328230345609,1789.4668292000301,0.08897063494112033
194.68,0.0,100.52,170.17,7.48,998.0,901.8,100,44.27814872,0.8741010889665091,0.5764566395663956,0.0,0.34051490514905147,4.082343081848851,0.9036072144288577,295.2,0.34051490514905147,0.02533875338753388,472.85,4.61512051684126,898.4716622186564,1362.3835765715398,0.12490608586770806
251.37,0.0,118.27,192.94,5.75,1043.6,754.3,100,40.14818748,0.76755380514779,0.5219673195541609,0.0,0.31995996104317714,3.195812151160724,0.7227865082407052,369.64,0.31995996104317714,0.015555675792663133,568.3299999999999,4.61512051684126,1160.1028443183875,1705.9331478452032,0.11309939093668836
446.0,24.0,79.0,162.0,11.61,967.0,712.0,28,57.02655996,0.3632286995515695,0.29508196721311475,0.04371584699453552,0.14389799635701275,2.361462728551336,0.7362978283350569,549.0,0.18761384335154827,0.021147540983606557,722.61,3.367295829986474,1501.8139401739675,1848.6454106625742,0.08763173243804363
446.0,24.0,79.0,162.0,11.64,967.0,712.0,28,44.42293868,0.3632286995515695,0.29508196721311475,0.04371584699453552,0.14389799635701275,2.361462728551336,0.7362978283350569,549.0,0.18761384335154827,0.02120218579234973,722.64,3.367295829986474,1501.8139401739675,1848.6454106625742,0.08763173243804363
446.0,24.0,79.0,162.0,11.64,967.0,712.0,28,51.021224,0.3632286995515695,0.29508196721311475,0.04371584699453552,0.14389799635701275,2.361462728551336,0.7362978283350569,549.0,0.18761384335154827,0.02120218579234973,722.64,3.367295829986474,1501.8139401739675,1848.6454106625742,0.08763173243804363
446.0,24.0,79.0,162.0,10.3,967.0,712.0,28,53.38612668,0.3632286995515695,0.29508196721311475,0.04371584699453552,0.14389799635701275,2.361462728551336,0.7362978283350569,549.0,0.18761384335154827,0.01876138433515483,721.3,3.367295829986474,1501.8139401739675,1848.6454106625742,0.08763173243804363
446.0,24.0,79.0,162.0,11.61,967.0,712.0,3,35.36322404,0.3632286995515695,0.29508196721311475,0.04371584699453552,0.14389799635701275,2.361462728551336,0.7362978283350569,549.0,0.18761384335154827,0.021147540983606557,722.61,1.3862943611198906,618.2872850594712,761.07560425482,0.21285664537706017
446.0,24.0,79.0,162.0,11.64,967.0,712.0,3,25.02108404,0.3632286995515695,0.29508196721311475,0.04371584699453552,0.14389799635701275,2.361462728551336,0.7362978283350569,549.0,0.18761384335154827,0.02120218579234973,722.64,1.3862943611198906,618.2872850594712,761.07560425482,0.21285664537706017
446.0,24.0,79.0,162.0,11.64,967.0,712.0,3,23.34565736,0.3632286995515695,0.29508196721311475,0.04371584699453552,0.14389799635701275,2.361462728551336,0.7362978283350569,549.0,0.18761384335154827,0.02120218579234973,722.64,1.3862943611198906,618.2872850594712,761.07560425482,0.21285664537706017
446.0,24.0,79.0,162.0,11.61,967.0,712.0,7,52.00717468,0.3632286995515695,0.29508196721311475,0.04371584699453552,0.14389799635701275,2.361462728551336,0.7362978283350569,549.0,0.18761384335154827,0.021147540983606557,722.61,2.0794415416798357,927.4309275892067,1141.6134063822299,0.14190443025137345
446.0,24.0,79.0,162.0,11.64,967.0,712.0,7,38.01770664,0.3632286995515695,0.29508196721311475,0.04371584699453552,0.14389799635701275,2.361462728551336,0.7362978283350569,549.0,0.18761384335154827,0.02120218579234973,722.64,2.0794415416798357,927.4309275892067,1141.6134063822299,0.14190443025137345
446.0,24.0,79.0,162.0,11.64,967.0,712.0,7,39.300132,0.3632286995515695,0.29508196721311475,0.04371584699453552,0.14389799635701275,2.361462728551336,0.7362978283350569,549.0,0.18761384335154827,0.02120218579234973,722.64,2.0794415416798357,927.4309275892067,1141.6134063822299,0.14190443025137345
446.0,24.0,79.0,162.0,11.61,967.0,712.0,56,61.06688932,0.3632286995515695,0.29508196721311475,0.04371584699453552,0.14389799635701275,2.361462728551336,0.7362978283350569,549.0,0.18761384335154827,0.021147540983606557,722.61,4.04305126783455,1803.2008654542094,2219.635146041168,0.07298496795247418
446.0,24.0,79.0,162.0,11.64,967.0,712.0,56,56.14403068,0.3632286995515695,0.29508196721311475,0.04371584699453552,0.14389799635701275,2.361462728551336,0.7362978283350569,549.0,0.18761384335154827,0.02120218579234973,722.64,4.04305126783455,1803.2008654542094,2219.635146041168,0.07298496795247418
446.0,24.0,79.0,162.0,11.64,967.0,712.0,56,55.25460664,0.3632286995515695,0.29508196721311475,0.04371584699453552,0.14389799635701275,2.361462728551336,0.7362978283350569,549.0,0.18761384335154827,0.02120218579234973,722.64,4.04305126783455,1803.2008654542094,2219.635146041168,0.07298496795247418
446.0,24.0,79.0,162.0,10.3,967.0,712.0,56,54.76507868,0.3632286995515695,0.29508196721311475,0.04371584699453552,0.14389799635701275,2.361462728551336,0.7362978283350569,549.0,0.18761384335154827,0.01876138433515483,721.3,4.04305126783455,1803.2008654542094,2219.635146041168,0.07298496795247418
387.0,20.0,94.0,157.0,14.32,938.0,845.0,28,50.23522136,0.40568475452196384,0.313373253493014,0.03992015968063872,0.18762475049900199,2.709726443768997,0.9008528784648188,501.0,0.2275449101796407,0.028582834331337327,672.32,3.367295829986474,1303.1434862047654,1687.0152108232235,0.09306377262798224
387.0,20.0,94.0,157.0,13.93,938.0,845.0,28,46.68441996,0.40568475452196384,0.313373253493014,0.03992015968063872,0.18762475049900199,2.709726443768997,0.9008528784648188,501.0,0.2275449101796407,0.02780439121756487,671.93,3.367295829986474,1303.1434862047654,1687.0152108232235,0.09306377262798224
387.0,20.0,94.0,157.0,11.61,938.0,845.0,28,46.68441996,0.40568475452196384,0.313373253493014,0.03992015968063872,0.18762475049900199,2.709726443768997,0.9008528784648188,501.0,0.2275449101796407,0.023173652694610778,669.61,3.367295829986474,1303.1434862047654,1687.0152108232235,0.09306377262798224
387.0,20.0,94.0,157.0,14.32,938.0,845.0,3,22.752708,0.40568475452196384,0.313373253493014,0.03992015968063872,0.18762475049900199,2.709726443768997,0.9008528784648188,501.0,0.2275449101796407,0.028582834331337327,672.32,1.3862943611198906,536.4959177533976,694.5334749210651,0.22605101938080566
387.0,20.0,94.0,157.0,13.93,938.0,845.0,3,25.510612,0.40568475452196384,0.313373253493014,0.03992015968063872,0.18762475049900199,2.709726443768997,0.9008528784648188,501.0,0.2275449101796407,0.02780439121756487,671.93,1.3862943611198906,536.4959177533976,694.5334749210651,0.22605101938080566
387.0,20.0,94.0,157.0,11.61,938.0,845.0,3,34.77027468,0.40568475452196384,0.313373253493014,0.03992015968063872,0.18762475049900199,2.709726443768997,0.9008528784648188,501.0,0.2275449101796407,0.023173652694610778,669.61,1.3862943611198906,536.4959177533976,694.5334749210651,0.22605101938080566
387.0,20.0,94.0,157.0,14.32,938.0,845.0,7,36.83870268,0.40568475452196384,0.313373253493014,0.03992015968063872,0.18762475049900199,2.709726443768997,0.9008528784648188,501.0,0.2275449101796407,0.028582834331337327,672.32,2.0794415416798357,804.7438766300965,1041.8002123815977,0.1507006795872038
387.0,20.0,94.0,157.0,13.93,938.0,845.0,7,45.89841732,0.40568475452196384,0.313373253493014,0.03992015968063872,0.18762475049900199,2.709726443768997,0.9008528784648188,501.0,0.2275449101796407,0.02780439121756487,671.93,2.0794415416798357,804.7438766300965,1041.8002123815977,0.1507006795872038
387.0,20.0,94.0,157.0,11.61,938.0,845.0,7,41.66503468,0.40568475452196384,0.313373253493014,0.03992015968063872,0.18762475049900199,2.709726443768997,0.9008528784648188,501.0,0.2275449101796407,0.023173652694610778,669.61,2.0794415416798357,804.7438766300965,1041.8002123815977,0.1507006795872038
387.0,20.0,94.0,157.0,14.32,938.0,845.0,56,56.33708396,0.40568475452196384,0.313373253493014,0.03992015968063872,0.18762475049900199,2.709726443768997,0.9008528784648188,501.0,0.2275449101796407,0.028582834331337327,672.32,4.04305126783455,1564.660840651971,2025.5686851851096,0.0775090971480201
387.0,20.0,94.0,157.0,13.93,938.0,845.0,56,47.96684532,0.40568475452196384,0.313373253493014,0.03992015968063872,0.18762475049900199,2.709726443768997,0.9008528784648188,501.0,0.2275449101796407,0.02780439121756487,671.93,4.04305126783455,1564.660840651971,2025.5686851851096,0.0775090971480201
387.0,20.0,94.0,157.0,11.61,938.0,845.0,56,61.45989064,0.40568475452196384,0.313373253493014,0.03992015968063872,0.18762475049900199,2.709726443768997,0.9008528784648188,501.0,0.2275449101796407,0.023173652694610778,669.61,4.04305126783455,1564.660840651971,2025.5686851851096,0.0775090971480201
355.0,19.0,97.0,145.0,13.13,967.0,871.0,28,44.02993736,0.4084507042253521,0.3078556263269639,0.040339702760084924,0.2059447983014862,2.9837662337662336,0.9007238883143743,471.0,0.24628450106157113,0.027876857749469217,629.13,3.367295829986474,1195.3900196451982,1585.9963359236294,0.09142517969031562
355.0,19.0,97.0,145.0,12.25,967.0,871.0,28,55.45455468,0.4084507042253521,0.3078556263269639,0.040339702760084924,0.2059447983014862,2.9837662337662336,0.9007238883143743,471.0,0.24628450106157113,0.026008492569002124,628.25,3.367295829986474,1195.3900196451982,1585.9963359236294,0.09142517969031562
491.0,26.0,123.0,210.0,3.93,882.0,699.0,28,55.55108132,0.42769857433808556,0.328125,0.040625,0.1921875,1.86,0.7925170068027211,640.0,0.2328125,0.006140625,853.93,3.367295829986474,1653.3422525233589,2155.0693311913433,0.09744466081001206
491.0,26.0,123.0,201.0,3.93,822.0,699.0,28,57.915984,0.4093686354378819,0.3140625,0.040625,0.1921875,1.8085612366230677,0.8503649635036497,640.0,0.2328125,0.006140625,844.93,3.367295829986474,1653.3422525233589,2155.0693311913433,0.09326846106101155
491.0,26.0,123.0,210.0,3.93,882.0,699.0,3,25.6091085694586,0.42769857433808556,0.328125,0.040625,0.1921875,1.86,0.7925170068027211,640.0,0.2328125,0.006140625,853.93,1.3862943611198906,680.6705313098663,887.22839111673,0.23669215514584557
491.0,26.0,123.0,210.0,3.93,882.0,699.0,7,33.4888342847293,0.42769857433808556,0.328125,0.040625,0.1921875,1.86,0.7925170068027211,640.0,0.2328125,0.006140625,853.93,2.0794415416798357,1021.0057969647994,1330.842586675095,0.1577947700972304
491.0,26.0,123.0,210.0,3.93,882.0,699.0,56,59.5904257152707,0.42769857433808556,0.328125,0.040625,0.1921875,1.86,0.7925170068027211,640.0,0.2328125,0.006140625,853.93,4.04305126783455,1985.1381725067642,2587.552811414112,0.0811577638429856
491.0,26.0,123.0,201.0,3.93,822.0,699.0,3,29.5489714305414,0.4093686354378819,0.3140625,0.040625,0.1921875,1.8085612366230677,0.8503649635036497,640.0,0.2328125,0.006140625,844.93,1.3862943611198906,680.6705313098663,887.22839111673,0.22654820563959505
491.0,26.0,123.0,201.0,3.93,822.0,699.0,7,37.92118,0.4093686354378819,0.3140625,0.040625,0.1921875,1.8085612366230677,0.8503649635036497,640.0,0.2328125,0.006140625,844.93,2.0794415416798357,1021.0057969647994,1330.842586675095,0.15103213709306337
491.0,26.0,123.0,201.0,3.93,822.0,699.0,56,61.855846854188,0.4093686354378819,0.3140625,0.040625,0.1921875,1.8085612366230677,0.8503649635036497,640.0,0.2328125,0.006140625,844.93,4.04305126783455,1985.1381725067642,2587.552811414112,0.07767957396400052
424.0,22.0,132.0,178.0,8.48,822.0,750.0,28,62.05284,0.419811320754717,0.3079584775086505,0.03806228373702422,0.22837370242214533,2.0793650793650795,0.9124087591240876,578.0,0.2664359861591695,0.01467128027681661,764.48,3.367295829986474,1427.733431914265,1946.296989732182,0.09145572383816587
424.0,22.0,132.0,178.0,8.48,882.0,750.0,3,32.0113857152707,0.419811320754717,0.3079584775086505,0.03806228373702422,0.22837370242214533,2.1587301587301586,0.8503401360544217,578.0,0.2664359861591695,0.01467128027681661,764.48,1.3862943611198906,587.7888091148336,801.2781407272968,0.22214508415072276
424.0,22.0,132.0,168.0,8.92,822.0,750.0,28,72.09850532,0.39622641509433965,0.2906574394463668,0.03806228373702422,0.22837370242214533,2.1072386058981234,0.9124087591240876,578.0,0.2664359861591695,0.015432525951557093,754.92,3.367295829986474,1427.733431914265,1946.296989732182,0.08631776182478577
424.0,22.0,132.0,178.0,8.48,822.0,750.0,7,39.0046422847293,0.419811320754717,0.3079584775086505,0.03806228373702422,0.22837370242214533,2.0793650793650795,0.9124087591240876,578.0,0.2664359861591695,0.01467128027681661,764.48,2.0794415416798357,881.6832136722503,1201.917211090945,0.1480967227671485
424.0,22.0,132.0,178.0,8.48,822.0,750.0,56,65.697213145812,0.419811320754717,0.3079584775086505,0.03806228373702422,0.22837370242214533,2.0793650793650795,0.9124087591240876,578.0,0.2664359861591695,0.01467128027681661,764.48,4.04305126783455,1714.2537375618492,2336.88363280837,0.0761698175728532
424.0,22.0,132.0,168.0,8.92,822.0,750.0,3,32.1098822847293,0.39622641509433965,0.2906574394463668,0.03806228373702422,0.22837370242214533,2.1072386058981234,0.9124087591240876,578.0,0.2664359861591695,0.015432525951557093,754.92,1.3862943611198906,587.7888091148336,801.2781407272968,0.20966502324337877
424.0,22.0,132.0,168.0,8.92,822.0,750.0,7,40.2850977152707,0.39622641509433965,0.2906574394463668,0.03806228373702422,0.22837370242214533,2.1072386058981234,0.9124087591240876,578.0,0.2664359861591695,0.015432525951557093,754.92,2.0794415416798357,881.6832136722503,1201.917211090945,0.13977668216225253
424.0,22.0,132.0,168.0,8.92,822.0,750.0,56,74.3649114581204,0.39622641509433965,0.2906574394463668,0.03806228373702422,0.22837370242214533,2.1072386058981234,0.9124087591240876,578.0,0.2664359861591695,0.015432525951557093,754.92,4.04305126783455,1714.2537375618492,2336.88363280837,0.07189061433842324
202.0,11.0,141.0,206.0,1.72,942.0,801.0,28,21.96670536,1.0198019801980198,0.5819209039548022,0.031073446327683617,0.3983050847457627,3.1125,0.8503184713375797,354.0,0.4293785310734463,0.004858757062146893,561.72,3.367295829986474,680.1937576572677,1192.0227238152117,0.1728154974602097
202.0,11.0,141.0,206.0,1.72,942.0,801.0,3,9.84965714581204,1.0198019801980198,0.5819209039548022,0.031073446327683617,0.3983050847457627,3.1125,0.8503184713375797,354.0,0.4293785310734463,0.004858757062146893,561.72,1.3862943611198906,280.0314609462179,490.74820383644123,0.41976720116260796
202.0,11.0,141.0,206.0,1.72,942.0,801.0,7,15.0699754305414,1.0198019801980198,0.5819209039548022,0.031073446327683617,0.3983050847457627,3.1125,0.8503184713375797,354.0,0.4293785310734463,0.004858757062146893,561.72,2.0794415416798357,420.0471914193268,736.1223057546619,0.279844800775072
202.0,11.0,141.0,206.0,1.72,942.0,801.0,56,23.245190854188,1.0198019801980198,0.5819209039548022,0.031073446327683617,0.3983050847457627,3.1125,0.8503184713375797,354.0,0.4293785310734463,0.004858757062146893,561.72,4.04305126783455,816.6963561025791,1431.2401488134308,0.14393112167149882
284.0,15.0,141.0,179.0,5.46,842.0,801.0,28,43.73346268,0.6302816901408451,0.4068181818181818,0.03409090909090909,0.32045454545454544,2.654281098546042,0.9513064133016627,440.0,0.35454545454545455,0.01240909090909091,624.46,3.367295829986474,956.3120157161586,1481.6101651940487,0.12081450587007556
284.0,15.0,141.0,179.0,5.46,842.0,801.0,3,13.3955337152707,0.6302816901408451,0.4068181818181818,0.03409090909090909,0.32045454545454544,2.654281098546042,0.9513064133016627,440.0,0.35454545454545455,0.01240909090909091,624.46,1.3862943611198906,393.7075985580489,609.9695188927518,0.2934572867262778
284.0,15.0,141.0,179.0,5.46,842.0,801.0,7,24.13166,0.6302816901408451,0.4068181818181818,0.03409090909090909,0.32045454545454544,2.654281098546042,0.9513064133016627,440.0,0.35454545454545455,0.01240909090909091,624.46,2.0794415416798357,590.5613978370734,914.9542783391278,0.19563819115085188
284.0,15.0,141.0,179.0,5.46,842.0,801.0,56,44.5204502847293,0.6302816901408451,0.4068181818181818,0.03409090909090909,0.32045454545454544,2.654281098546042,0.9513064133016627,440.0,0.35454545454545455,0.01240909090909091,624.46,4.04305126783455,1148.2265600650123,1778.9425578472021,0.10062157387286182
359.0,19.0,141.0,154.0,10.91,942.0,801.0,28,62.93536928,0.42896935933147634,0.29672447013487474,0.036608863198458574,0.27167630057803466,2.5898959881129273,0.8503184713375797,519.0,0.30828516377649323,0.021021194605009633,683.91,3.367295829986474,1208.8592029651443,1747.62653576298,0.08811951343641423
359.0,19.0,141.0,154.0,10.91,942.0,801.0,28,59.49488404,0.42896935933147634,0.29672447013487474,0.036608863198458574,0.27167630057803466,2.5898959881129273,0.8503184713375797,519.0,0.30828516377649323,0.021021194605009633,683.91,3.367295829986474,1208.8592029651443,1747.62653576298,0.08811951343641423
359.0,19.0,141.0,154.0,10.91,942.0,801.0,3,25.1166257152707,0.42896935933147634,0.29672447013487474,0.036608863198458574,0.27167630057803466,2.5898959881129273,0.8503184713375797,519.0,0.30828516377649323,0.021021194605009633,683.91,1.3862943611198906,497.6796756420407,719.4867734212232,0.21404146078699457
359.0,19.0,141.0,154.0,10.91,942.0,801.0,3,23.639177145812,0.42896935933147634,0.29672447013487474,0.036608863198458574,0.27167630057803466,2.5898959881129273,0.8503184713375797,519.0,0.30828516377649323,0.021021194605009633,683.91,1.3862943611198906,497.6796756420407,719.4867734212232,0.21404146078699457
359.0,19.0,141.0,154.0,10.91,942.0,801.0,7,35.7542554305414,0.42896935933147634,0.29672447013487474,0.036608863198458574,0.27167630057803466,2.5898959881129273,0.8503184713375797,519.0,0.30828516377649323,0.021021194605009633,683.91,2.0794415416798357,746.519513463061,1079.2301601318347,0.14269430719132972
359.0,19.0,141.0,154.0,10.91,942.0,801.0,7,38.610656,0.42896935933147634,0.29672447013487474,0.036608863198458574,0.27167630057803466,2.5898959881129273,0.8503184713375797,519.0,0.30828516377649323,0.021021194605009633,683.91,2.0794415416798357,746.519513463061,1079.2301601318347,0.14269430719132972
359.0,19.0,141.0,154.0,10.91,942.0,801.0,56,68.750606854188,0.42896935933147634,0.29672447013487474,0.036608863198458574,0.27167630057803466,2.5898959881129273,0.8503184713375797,519.0,0.30828516377649323,0.021021194605009633,683.91,4.04305126783455,1451.4554051526036,2098.3436080061315,0.07339122125300175
359.0,19.0,141.0,154.0,10.91,942.0,801.0,56,66.7806754305414,0.42896935933147634,0.29672447013487474,0.036608863198458574,0.27167630057803466,2.5898959881129273,0.8503184713375797,519.0,0.30828516377649323,0.021021194605009633,683.91,4.04305126783455,1451.4554051526036,2098.3436080061315,0.07339122125300175
436.0,0.0,0.0,218.0,0.0,838.4,719.7,28,23.84897484,0.5,0.5,0.0,0.0,2.382415902140673,0.8584208015267176,436.0,0.0,0.0,654.0,3.367295829986474,1468.1409818741026,1468.1409818741026,0.14848710218668504
289.0,0.0,0.0,192.0,0.0,913.2,895.3,90,32.068218236,0.6643598615916955,0.6643598615916955,0.0,0.0,3.75987525987526,0.9803985983355233,289.0,0.0,0.0,481.0,4.51085950651685,1303.6383973833695,1303.6383973833695,0.147280104962678
289.0,0.0,0.0,192.0,0.0,913.2,895.3,3,11.654902304,0.6643598615916955,0.6643598615916955,0.0,0.0,3.75987525987526,0.9803985983355233,289.0,0.0,0.0,481.0,1.3862943611198906,400.6390703636484,400.6390703636484,0.4792343388420086
393.0,0.0,0.0,192.0,0.0,940.6,785.6,3,19.199148696,0.48854961832061067,0.48854961832061067,0.0,0.0,2.950769230769231,0.8352115670848395,393.0,0.0,0.0,585.0,1.3862943611198906,544.813683920117,544.813683920117,0.35241405578967044
393.0,0.0,0.0,192.0,0.0,940.6,785.6,90,48.846616696,0.48854961832061067,0.48854961832061067,0.0,0.0,2.950769230769231,0.8352115670848395,393.0,0.0,0.0,585.0,4.51085950651685,1772.767786061122,1772.767786061122,0.10830521713540442
393.0,0.0,0.0,192.0,0.0,940.6,785.6,28,39.604880392,0.48854961832061067,0.48854961832061067,0.0,0.0,2.950769230769231,0.8352115670848395,393.0,0.0,0.0,585.0,3.367295829986474,1323.3472611846844,1323.3472611846844,0.14508663419767698
480.0,0.0,0.0,192.0,0.0,936.2,712.2,28,43.942373908,0.4,0.4,0.0,0.0,2.4529761904761904,0.760734885708182,480.0,0.0,0.0,672.0,3.367295829986474,1616.3019983935076,1616.3019983935076,0.11878968174934804
480.0,0.0,0.0,192.0,0.0,936.2,712.2,7,34.569637164,0.4,0.4,0.0,0.0,2.4529761904761904,0.760734885708182,480.0,0.0,0.0,672.0,2.0794415416798357,998.1319400063212,998.1319400063212,0.19235933878519515
480.0,0.0,0.0,192.0,0.0,936.2,712.2,90,54.315540328,0.4,0.4,0.0,0.0,2.4529761904761904,0.760734885708182,480.0,0.0,0.0,672.0,4.51085950651685,2165.212563128088,2165.212563128088,0.08867489652961238
480.0,0.0,0.0,192.0,0.0,936.2,712.2,3,24.404692496,0.4,0.4,0.0,0.0,2.4529761904761904,0.760734885708182,480.0,0.0,0.0,672.0,1.3862943611198906,665.4212933375475,665.4212933375475,0.2885390081777927
333.0,0.0,0.0,192.0,0.0,931.2,842.6,3,15.615941924,0.5765765765765766,0.5765765765765766,0.0,0.0,3.378666666666667,0.9048539518900344,333.0,0.0,0.0,525.0,1.3862943611198906,461.63602225292357,461.63602225292357,0.4159120838598814
255.0,0.0,0.0,192.0,0.0,889.8,945.0,90,21.859147104,0.7529411764705882,0.7529411764705882,0.0,0.0,4.1046979865771815,1.062036412677006,255.0,0.0,0.0,447.0,4.51085950651685,1150.2691741617966,1150.2691741617966,0.16691745229103505
255.0,0.0,0.0,192.0,0.0,889.8,945.0,7,10.222171176,0.7529411764705882,0.7529411764705882,0.0,0.0,4.1046979865771815,1.062036412677006,255.0,0.0,0.0,447.0,2.0794415416798357,530.2575931283582,530.2575931283582,0.3620881671250732
289.0,0.0,0.0,192.0,0.0,913.2,895.3,7,14.596896396,0.6643598615916955,0.6643598615916955,0.0,0.0,3.75987525987526,0.9803985983355233,289.0,0.0,0.0,481.0,2.0794415416798357,600.9586055454726,600.9586055454726,0.31948955922800576
255.0,0.0,0.0,192.0,0.0,889.8,945.0,28,18.746162964,0.7529411764705882,0.7529411764705882,0.0,0.0,4.1046979865771815,1.062036412677006,255.0,0.0,0.0,447.0,3.367295829986474,858.6604366465509,858.6604366465509,0.22360410682230217
333.0,0.0,0.0,192.0,0.0,931.2,842.6,28,31.966865264,0.5765765765765766,0.5765765765765766,0.0,0.0,3.378666666666667,0.9048539518900344,333.0,0.0,0.0,525.0,3.367295829986474,1121.3095113854959,1121.3095113854959,0.17122837008915032
333.0,0.0,0.0,192.0,0.0,931.2,842.6,7,23.404952296,0.5765765765765766,0.5765765765765766,0.0,0.0,3.378666666666667,0.9048539518900344,333.0,0.0,0.0,525.0,2.0794415416798357,692.4540333793854,692.4540333793854,0.27727472257325425
289.0,0.0,0.0,192.0,0.0,913.2,895.3,28,25.573354316,0.6643598615916955,0.6643598615916955,0.0,0.0,3.75987525987526,0.9803985983355233,289.0,0.0,0.0,481.0,3.367295829986474,973.148494866091,973.148494866091,0.19729774131379602
333.0,0.0,0.0,192.0,0.0,931.2,842.6,90,41.680203152,0.5765765765765766,0.5765765765765766,0.0,0.0,3.378666666666667,0.9048539518900344,333.0,0.0,0.0,525.0,4.51085950651685,1502.116215670111,1502.116215670111,0.12781967067331515
393.0,0.0,0.0,192.0,0.0,940.6,785.6,7,27.742445812,0.48854961832061067,0.48854961832061067,0.0,0.0,2.950769230769231,0.8352115670848395,393.0,0.0,0.0,585.0,2.0794415416798357,817.2205258801755,817.2205258801755,0.2349427038597803
255.0,0.0,0.0,192.0,0.0,889.8,945.0,3,8.204074924,0.7529411764705882,0.7529411764705882,0.0,0.0,4.1046979865771815,1.062036412677006,255.0,0.0,0.0,447.0,1.3862943611198906,353.5050620855721,353.5050620855721,0.5431322506876097
158.8,238.2,0.0,185.7,0.0,1040.6,734.3,7,9.617500724,1.1693954659949621,0.46775818639798483,0.6,0.0,3.0459927921743604,0.7056505862002691,397.0,0.6,0.0,582.7,2.0794415416798357,330.2153168187579,825.5382920468948,0.22494413861719606
239.6,359.4,0.0,185.7,0.0,941.6,664.3,7,25.422359072,0.7750417362270451,0.31001669449081803,0.6,0.0,2.046514591563655,0.705501274426508,599.0,0.6,0.0,784.7,2.0794415416798357,498.23419338648864,1245.5854834662216,0.14908651591156402
238.2,158.8,0.0,185.7,0.0,1040.6,734.3,7,15.691094808,0.7795969773299748,0.46775818639798483,0.4,0.0,3.0459927921743604,0.7056505862002691,397.0,0.4,0.0,582.7,2.0794415416798357,495.32297522813684,825.5382920468948,0.22494413861719606
181.9,272.8,0.0,185.7,0.0,1012.4,714.3,28,27.935499092,1.0208905992303463,0.40840114361117213,0.5999560149549152,0.0,2.69628357276702,0.7055511655472145,454.70000000000005,0.5999560149549152,0.0,640.4000000000001,3.367295829986474,612.5111114745397,1531.10941389485,0.1212846046891023
193.5,290.2,0.0,185.7,0.0,998.2,704.3,28,32.626693796,0.9596899224806201,0.3839156501964027,0.5999586520570601,0.0,2.5433223782491785,0.7055700260468843,483.7,0.5999586520570601,0.0,669.4,3.367295829986474,651.5717431023827,1628.7609929644575,0.11401304476356176
255.5,170.3,0.0,185.7,0.0,1026.6,724.3,7,17.236210524,0.7268101761252446,0.4361202442461249,0.3999530295913575,0.0,2.863286999182338,0.7055328268069355,425.8,0.3999530295913575,0.0,611.5,2.0794415416798357,531.297313899198,885.4262084472741,0.20972950453505598
272.8,181.9,0.0,185.7,0.0,1012.4,714.3,7,19.765208492,0.6807184750733137,0.40840114361117213,0.40004398504508465,0.0,2.69628357276702,0.7055511655472145,454.70000000000005,0.40004398504508465,0.0,640.4000000000001,2.0794415416798357,567.2716525702592,945.5220690018214,0.19639943486040648
239.6,359.4,0.0,185.7,0.0,941.6,664.3,28,39.435269296,0.7750417362270451,0.31001669449081803,0.6,0.0,2.046514591563655,0.705501274426508,599.0,0.6,0.0,784.7,3.367295829986474,806.8040808647592,2017.010202161898,0.09206696118887282
220.8,147.2,0.0,185.7,0.0,1055.0,744.3,28,25.74503384,0.8410326086956521,0.5046195652173913,0.39999999999999997,0.0,3.249593642766841,0.7054976303317535,368.0,0.39999999999999997,0.0,553.7,3.367295829986474,743.4989192610135,1239.1648654350224,0.1498589938916707
397.0,0.0,0.0,185.7,0.0,1040.6,734.3,28,33.082437432,0.46775818639798483,0.46775818639798483,0.0,0.0,3.0459927921743604,0.7056505862002691,397.0,0.0,0.0,582.7,3.367295829986474,1336.8164445046302,1336.8164445046302,0.1389121152446721
382.5,0.0,0.0,185.7,0.0,1047.8,739.3,7,24.065470304,0.48549019607843136,0.48549019607843136,0.0,0.0,3.1451953537486794,0.7055735827447986,382.5,0.0,0.0,568.2,2.0794415416798357,795.3863896925371,795.3863896925371,0.2334714327608545
210.7,316.1,0.0,185.7,0.0,977.0,689.3,7,21.819846972,0.8813478879924063,0.35250569476082005,0.6000379650721337,0.0,2.3386666666666667,0.7055271238485158,526.8,0.6000379650721337,0.0,712.5,2.0794415416798357,438.13833283194134,1095.4498041569375,0.16951940590551792
158.8,238.2,0.0,185.7,0.0,1040.6,734.3,28,21.066249704,1.1693954659949621,0.46775818639798483,0.6,0.0,3.0459927921743604,0.7056505862002691,397.0,0.6,0.0,582.7,3.367295829986474,534.7265778018522,1336.8164445046302,0.1389121152446721
295.8,0.0,0.0,185.7,0.0,1091.4,769.3,7,14.843728804,0.627789046653144,0.627789046653144,0.0,0.0,3.8643821391484945,0.7048744731537474,295.8,0.0,0.0,481.5,2.0794415416798357,615.0988080288954,615.0988080288954,0.301902714776967
255.5,170.3,0.0,185.7,0.0,1026.6,724.3,28,32.051670812,0.7268101761252446,0.4361202442461249,0.3999530295913575,0.0,2.863286999182338,0.7055328268069355,425.8,0.3999530295913575,0.0,611.5,3.367295829986474,860.3440845615442,1433.7945644082408,0.12951646254611276
203.5,135.7,0.0,185.7,0.0,1076.2,759.3,7,11.957582268,0.9125307125307125,0.5474646226415094,0.40005896226415094,0.0,3.4968565441036388,0.7055380040884593,339.2,0.40005896226415094,0.0,524.9,2.0794415416798357,423.1663537318466,705.3465709378003,0.2632748320490178
397.0,0.0,0.0,185.7,0.0,1040.6,734.3,7,25.447869684,0.46775818639798483,0.46775818639798483,0.0,0.0,3.0459927921743604,0.7056505862002691,397.0,0.0,0.0,582.7,2.0794415416798357,825.5382920468948,825.5382920468948,0.22494413861719606
381.4,0.0,0.0,185.7,0.0,1104.6,784.3,28,22.489328168,0.4868904037755637,0.4868904037755637,0.0,0.0,3.3308058543466763,0.7100307803729857,381.4,0.0,0.0,567.0999999999999,3.367295829986474,1284.2866295568413,1284.2866295568413,0.14459389027827693
295.8,0.0,0.0,185.7,0.0,1091.4,769.3,28,25.216895224,0.627789046653144,0.627789046653144,0.0,0.0,3.8643821391484945,0.7048744731537474,295.8,0.0,0.0,481.5,3.367295829986474,996.046106509999,996.046106509999,0.18643715264413394
228.0,342.1,0.0,185.7,0.0,955.8,674.3,28,39.699338604,0.8144736842105262,0.3257323276618137,0.6000701631292756,0.0,2.15678750992326,0.7054823184766688,570.1,0.6000701631292756,0.0,755.8,3.367295829986474,767.7434492369161,1919.695352675289,0.09673409884605301
220.8,147.2,0.0,185.7,0.0,1055.0,744.3,7,13.089012384,0.8410326086956521,0.5046195652173913,0.39999999999999997,0.0,3.249593642766841,0.7054976303317535,368.0,0.39999999999999997,0.0,553.7,2.0794415416798357,459.14069240290775,765.2344873381795,0.2426707147582251
316.1,210.7,0.0,185.7,0.0,977.0,689.3,28,38.70028788,0.5874723188864283,0.35250569476082005,0.39996203492786636,0.0,2.3386666666666667,0.7055271238485158,526.8,0.39996203492786636,0.0,712.5,3.367295829986474,1064.4022118587245,1773.8914432368745,0.10468509823867658
135.7,203.5,0.0,185.7,0.0,1076.2,759.3,7,7.507014688,1.3684598378776713,0.5474646226415094,0.5999410377358491,0.0,3.4968565441036388,0.7055380040884593,339.2,0.5999410377358491,0.0,524.9,2.0794415416798357,282.1802172059537,705.3465709378003,0.2632748320490178
238.1,0.0,0.0,185.7,0.0,1118.8,789.3,28,17.576122192,0.7799244015119697,0.7799244015119697,0.0,0.0,4.502359603586598,0.7054880228816589,238.1,0.0,0.0,423.79999999999995,3.367295829986474,801.7531371197795,801.7531371197795,0.23161742861039405
339.2,0.0,0.0,185.7,0.0,1069.2,754.3,7,21.179323768,0.5474646226415094,0.5474646226415094,0.0,0.0,3.4739950466755576,0.705480733258511,339.2,0.0,0.0,524.9,2.0794415416798357,705.3465709378003,705.3465709378003,0.2632748320490178
135.7,203.5,0.0,185.7,0.0,1076.2,759.3,28,18.19871902,1.3684598378776713,0.5474646226415094,0.5999410377358491,0.0,3.4968565441036388,0.7055380040884593,339.2,0.5999410377358491,0.0,524.9,3.367295829986474,456.9420441291645,1142.186745531412,0.16258287073152955
193.5,290.2,0.0,185.7,0.0,998.2,704.3,7,17.200357772,0.9596899224806201,0.3839156501964027,0.5999586520570601,0.0,2.5433223782491785,0.7055700260468843,483.7,0.5999586520570601,0.0,669.4,2.0794415416798357,402.3719383150482,1005.8258737105365,0.18462440155267074
203.5,135.7,0.0,185.7,0.0,1076.2,759.3,28,22.629981272,0.9125307125307125,0.5474646226415094,0.40005896226415094,0.0,3.4968565441036388,0.7055380040884593,339.2,0.40005896226415094,0.0,524.9,3.367295829986474,685.2447014022475,1142.186745531412,0.16258287073152955
290.2,193.5,0.0,185.7,0.0,998.2,704.3,7,21.859147104,0.6399035148173673,0.3839156501964027,0.40004134794293983,0.0,2.5433223782491785,0.7055700260468843,483.7,0.40004134794293983,0.0,669.4,2.0794415416798357,603.4539353954883,1005.8258737105365,0.18462440155267074
181.9,272.8,0.0,185.7,0.0,1012.4,714.3,7,12.37264682,1.0208905992303463,0.40840114361117213,0.5999560149549152,0.0,2.69628357276702,0.7055511655472145,454.70000000000005,0.5999560149549152,0.0,640.4000000000001,2.0794415416798357,378.25041643156214,945.5220690018214,0.19639943486040648
170.3,155.5,0.0,185.7,0.0,1026.6,724.3,28,25.726417988,1.0904286553141513,0.5699815837937384,0.4772866789441375,0.0,3.423069403714565,0.7055328268069355,325.8,0.4772866789441375,0.0,511.5,3.367295829986474,573.4504798466966,1097.0649814095932,0.16926982735461885
210.7,316.1,0.0,185.7,0.0,977.0,689.3,28,37.813621744,0.8813478879924063,0.35250569476082005,0.6000379650721337,0.0,2.3386666666666667,0.7055271238485158,526.8,0.6000379650721337,0.0,712.5,3.367295829986474,709.4892313781501,1773.8914432368745,0.10468509823867658
228.0,342.1,0.0,185.7,0.0,955.8,674.3,7,21.917063088,0.8144736842105262,0.3257323276618137,0.6000701631292756,0.0,2.15678750992326,0.7054823184766688,570.1,0.6000701631292756,0.0,755.8,2.0794415416798357,474.11267150300256,1185.4896229116744,0.15664413792497253
290.2,193.5,0.0,185.7,0.0,998.2,704.3,28,33.0431373,0.6399035148173673,0.3839156501964027,0.40004134794293983,0.0,2.5433223782491785,0.7055700260468843,483.7,0.40004134794293983,0.0,669.4,3.367295829986474,977.1892498620748,1628.7609929644575,0.11401304476356176
381.4,0.0,0.0,185.7,0.0,1104.6,784.3,7,14.54104884,0.4868904037755637,0.4868904037755637,0.0,0.0,3.3308058543466763,0.7100307803729857,381.4,0.0,0.0,567.0999999999999,2.0794415416798357,793.0990039966894,793.0990039966894,0.23414479032781027
238.2,158.8,0.0,185.7,0.0,1040.6,734.3,28,26.91369566,0.7795969773299748,0.46775818639798483,0.4,0.0,3.0459927921743604,0.7056505862002691,397.0,0.4,0.0,582.7,3.367295829986474,802.0898667027781,1336.8164445046302,0.1389121152446721
186.2,124.1,0.0,185.7,0.0,1083.4,764.3,7,7.995853172,0.9973147153598282,0.5984531098936513,0.3999355462455688,0.0,3.725201612903226,0.7054642791212847,310.29999999999995,0.3999355462455688,0.0,495.99999999999994,2.0794415416798357,387.19201506078537,645.2507103832529,0.28779511128271623
339.2,0.0,0.0,185.7,0.0,1069.2,754.3,28,31.899986092,0.5474646226415094,0.5474646226415094,0.0,0.0,3.4739950466755576,0.705480733258511,339.2,0.0,0.0,524.9,3.367295829986474,1142.186745531412,1142.186745531412,0.16258287073152955
238.1,0.0,0.0,185.7,0.0,1118.8,789.3,7,10.335934716,0.7799244015119697,0.7799244015119697,0.0,0.0,4.502359603586598,0.7054880228816589,238.1,0.0,0.0,423.79999999999995,2.0794415416798357,495.1150310739689,495.1150310739689,0.3750643554432039
252.5,0.0,0.0,185.7,0.0,1111.6,784.3,28,19.765208492,0.7354455445544554,0.7354455445544554,0.0,0.0,4.3265632131446825,0.7055595537963296,252.5,0.0,0.0,438.2,3.367295829986474,850.2421970715848,850.2421970715848,0.2184083554539993
382.5,0.0,0.0,185.7,0.0,1047.8,739.3,28,37.437857324,0.48549019607843136,0.48549019607843136,0.0,0.0,3.1451953537486794,0.7055735827447986,382.5,0.0,0.0,568.2,3.367295829986474,1287.9906549698264,1287.9906549698264,0.14417806471146358
252.5,0.0,0.0,185.7,0.0,1111.6,784.3,7,11.483912256,0.7354455445544554,0.7354455445544554,0.0,0.0,4.3265632131446825,0.7055595537963296,252.5,0.0,0.0,438.2,2.0794415416798357,525.0589892741585,525.0589892741585,0.35367454665753206
316.1,210.7,0.0,185.7,0.0,977.0,689.3,7,24.437787344,0.5874723188864283,0.35250569476082005,0.39996203492786636,0.0,2.3386666666666667,0.7055271238485158,526.8,0.39996203492786636,0.0,712.5,2.0794415416798357,657.3114713249961,1095.4498041569375,0.16951940590551792
186.2,124.1,0.0,185.7,0.0,1083.4,764.3,28,17.596806472,0.9973147153598282,0.5984531098936513,0.3999355462455688,0.0,3.725201612903226,0.7054642791212847,310.29999999999995,0.3999355462455688,0.0,495.99999999999994,3.367295829986474,626.9904835434814,1044.8718960448027,0.17772513616543612
170.3,155.5,0.0,185.7,0.0,1026.6,724.3,7,10.730314988,1.0904286553141513,0.5699815837937384,0.4772866789441375,0.0,3.423069403714565,0.7055328268069355,325.8,0.4772866789441375,0.0,511.5,2.0794415416798357,354.12889454807606,677.4820542792905,0.27410320144575456
272.8,181.9,0.0,185.7,0.0,1012.4,714.3,28,31.38150014,0.6807184750733137,0.40840114361117213,0.40004398504508465,0.0,2.69628357276702,0.7055511655472145,454.70000000000005,0.40004398504508465,0.0,640.4000000000001,3.367295829986474,918.5983024203102,1531.10941389485,0.1212846046891023
339.0,0.0,0.0,197.0,0.0,968.0,781.0,3,13.22414968,0.5811209439528023,0.5811209439528023,0.0,0.0,3.263059701492537,0.8068181818181818,339.0,0.0,0.0,536.0,1.3862943611198906,469.9537884196429,469.9537884196429,0.4191901519987106
339.0,0.0,0.0,197.0,0.0,968.0,781.0,7,20.96696516,0.5811209439528023,0.5811209439528023,0.0,0.0,3.263059701492537,0.8068181818181818,339.0,0.0,0.0,536.0,2.0794415416798357,704.9306826294643,704.9306826294643,0.27946010133247373
339.0,0.0,0.0,197.0,0.0,968.0,781.0,14,27.04124872,0.5811209439528023,0.5811209439528023,0.0,0.0,3.263059701492537,0.8068181818181818,339.0,0.0,0.0,536.0,2.70805020110221,918.0290181736492,918.0290181736492,0.21459016665063257
339.0,0.0,0.0,197.0,0.0,968.0,781.0,28,32.03994972,0.5811209439528023,0.5811209439528023,0.0,0.0,3.263059701492537,0.8068181818181818,339.0,0.0,0.0,536.0,3.367295829986474,1141.5132863654148,1141.5132863654148,0.17257792997508525
339.0,0.0,0.0,197.0,0.0,968.0,781.0,90,35.17017076,0.5811209439528023,0.5811209439528023,0.0,0.0,3.263059701492537,0.8068181818181818,339.0,0.0,0.0,536.0,4.51085950651685,1529.1813727092122,1529.1813727092122,0.12882709894051356
339.0,0.0,0.0,197.0,0.0,968.0,781.0,180,36.44570136,0.5811209439528023,0.5811209439528023,0.0,0.0,3.263059701492537,0.8068181818181818,339.0,0.0,0.0,536.0,5.198497031265826,1762.290493599115,1762.290493599115,0.11178633756212808
339.0,0.0,0.0,197.0,0.0,968.0,781.0,365,38.89334116,0.5811209439528023,0.5811209439528023,0.0,0.0,3.263059701492537,0.8068181818181818,339.0,0.0,0.0,536.0,5.902633333401366,2000.992700023063,2000.992700023063,0.0984511337786137
236.0,0.0,0.0,194.0,0.0,968.0,885.0,3,6.46728488,0.8220338983050848,0.8220338983050848,0.0,0.0,4.309302325581395,0.9142561983471075,236.0,0.0,0.0,430.0,1.3862943611198906,327.16546922429416,327.16546922429416,0.5929721142636841
236.0,0.0,0.0,194.0,0.0,968.0,885.0,14,12.83804312,0.8220338983050848,0.8220338983050848,0.0,0.0,4.309302325581395,0.9142561983471075,236.0,0.0,0.0,430.0,2.70805020110221,639.0998474601216,639.0998474601216,0.3035519422684656
236.0,0.0,0.0,194.0,0.0,968.0,885.0,28,18.41590396,0.8220338983050848,0.8220338983050848,0.0,0.0,4.309302325581395,0.9142561983471075,236.0,0.0,0.0,430.0,3.367295829986474,794.681815876808,794.681815876808,0.24412286291709237
236.0,0.0,0.0,194.0,0.0,968.0,885.0,90,21.94602108,0.8220338983050848,0.8220338983050848,0.0,0.0,4.309302325581395,0.9142561983471075,236.0,0.0,0.0,430.0,4.51085950651685,1064.5628435379765,1064.5628435379765,0.18223442719009325
236.0,0.0,0.0,193.0,0.0,968.0,885.0,180,24.10408096,0.8177966101694916,0.8177966101694916,0.0,0.0,4.31934731934732,0.9142561983471075,236.0,0.0,0.0,429.0,5.198497031265826,1226.845299378735,1226.845299378735,0.15731404774321076
236.0,0.0,0.0,193.0,0.0,968.0,885.0,365,25.08313688,0.8177966101694916,0.8177966101694916,0.0,0.0,4.31934731934732,0.9142561983471075,236.0,0.0,0.0,429.0,5.902633333401366,1393.0214666827223,1393.0214666827223,0.13854775724282367
277.0,0.0,0.0,191.0,0.0,968.0,856.0,14,21.26343984,0.6895306859205776,0.6895306859205776,0.0,0.0,3.8974358974358974,0.8842975206611571,277.0,0.0,0.0,468.0,2.70805020110221,750.1299057053122,750.1299057053122,0.2546225641016293
277.0,0.0,0.0,191.0,0.0,968.0,856.0,28,25.96566616,0.6895306859205776,0.6895306859205776,0.0,0.0,3.8974358974358974,0.8842975206611571,277.0,0.0,0.0,468.0,3.367295829986474,932.7409449062534,932.7409449062534,0.20477282684228768
277.0,0.0,0.0,191.0,0.0,968.0,856.0,3,11.36256448,0.6895306859205776,0.6895306859205776,0.0,0.0,3.8974358974358974,0.8842975206611571,277.0,0.0,0.0,468.0,1.3862943611198906,384.0035380302097,384.0035380302097,0.49739125055919137
277.0,0.0,0.0,191.0,0.0,968.0,856.0,90,31.25394708,0.6895306859205776,0.6895306859205776,0.0,0.0,3.8974358974358974,0.8842975206611571,277.0,0.0,0.0,468.0,4.51085950651685,1249.5080833051675,1249.5080833051675,0.15286015556999968
277.0,0.0,0.0,191.0,0.0,968.0,856.0,180,32.32952964,0.6895306859205776,0.6895306859205776,0.0,0.0,3.8974358974358974,0.8842975206611571,277.0,0.0,0.0,468.0,5.198497031265826,1439.983677660634,1439.983677660634,0.13264039236215125
277.0,0.0,0.0,191.0,0.0,968.0,856.0,360,33.70158688,0.6895306859205776,0.6895306859205776,0.0,0.0,3.8974358974358974,0.8842975206611571,277.0,0.0,0.0,468.0,5.8888779583328805,1631.219194458208,1631.219194458208,0.11709033381221254
254.0,0.0,0.0,198.0,0.0,968.0,863.0,3,9.307926,0.7795275590551181,0.7795275590551181,0.0,0.0,4.050884955752212,0.8915289256198347,254.0,0.0,0.0,452.0,1.3862943611198906,352.1187677244522,352.1187677244522,0.5623102718425487
254.0,0.0,0.0,198.0,0.0,968.0,863.0,90,26.94472208,0.7795275590551181,0.7795275590551181,0.0,0.0,4.050884955752212,0.8915289256198347,254.0,0.0,0.0,452.0,4.51085950651685,1145.75831465528,1145.75831465528,0.17281131410298473
254.0,0.0,0.0,198.0,0.0,968.0,863.0,180,27.62730332,0.7795275590551181,0.7795275590551181,0.0,0.0,4.050884955752212,0.8915289256198347,254.0,0.0,0.0,452.0,5.198497031265826,1320.41824594152,1320.41824594152,0.14995248710670211
254.0,0.0,0.0,198.0,0.0,968.0,863.0,365,29.7853632,0.7795275590551181,0.7795275590551181,0.0,0.0,4.050884955752212,0.8915289256198347,254.0,0.0,0.0,452.0,5.902633333401366,1499.268866683947,1499.268866683947,0.1320643711077203
307.0,0.0,0.0,193.0,0.0,968.0,812.0,180,34.48758952,0.6286644951140065,0.6286644951140065,0.0,0.0,3.56,0.8388429752066116,307.0,0.0,0.0,500.0,5.198497031265826,1595.9385885986087,1595.9385885986087,0.12093197155504148
307.0,0.0,0.0,193.0,0.0,968.0,812.0,365,36.14922668,0.6286644951140065,0.6286644951140065,0.0,0.0,3.56,0.8388429752066116,307.0,0.0,0.0,500.0,5.902633333401366,1812.1084333542194,1812.1084333542194,0.10650576778275696
307.0,0.0,0.0,193.0,0.0,968.0,812.0,3,12.54156844,0.6286644951140065,0.6286644951140065,0.0,0.0,3.56,0.8388429752066116,307.0,0.0,0.0,500.0,1.3862943611198906,425.5923688638064,425.5923688638064,0.45348557474197054
307.0,0.0,0.0,193.0,0.0,968.0,812.0,28,27.53077668,0.6286644951140065,0.6286644951140065,0.0,0.0,3.56,0.8388429752066116,307.0,0.0,0.0,500.0,3.367295829986474,1033.7598198058477,1033.7598198058477,0.18669713825426848
307.0,0.0,0.0,193.0,0.0,968.0,812.0,90,32.922479,0.6286644951140065,0.6286644951140065,0.0,0.0,3.56,0.8388429752066116,307.0,0.0,0.0,500.0,4.51085950651685,1384.833868500673,1384.833868500673,0.1393668976401888
236.0,0.0,0.0,193.0,0.0,968.0,885.0,7,9.99050724,0.8177966101694916,0.8177966101694916,0.0,0.0,4.31934731934732,0.9142561983471075,236.0,0.0,0.0,429.0,2.0794415416798357,490.74820383644123,490.74820383644123,0.39327703798244346
200.0,0.0,0.0,180.0,0.0,1125.0,845.0,7,7.83934212,0.9,0.9,0.0,0.0,5.184210526315789,0.7511111111111111,200.0,0.0,0.0,380.0,2.0794415416798357,415.88830833596717,415.88830833596717,0.4328085122666891
200.0,0.0,0.0,180.0,0.0,1125.0,845.0,28,12.24509376,0.9,0.9,0.0,0.0,5.184210526315789,0.7511111111111111,200.0,0.0,0.0,380.0,3.367295829986474,673.4591659972948,673.4591659972948,0.2672767839360331
225.0,0.0,0.0,181.0,0.0,1113.0,833.0,7,11.1695112,0.8044444444444444,0.8044444444444444,0.0,0.0,4.793103448275862,0.7484276729559748,225.0,0.0,0.0,406.0,2.0794415416798357,467.87434687796303,467.87434687796303,0.3868560035568924
225.0,0.0,0.0,181.0,0.0,1113.0,833.0,28,17.3403214,0.8044444444444444,0.8044444444444444,0.0,0.0,4.793103448275862,0.7484276729559748,225.0,0.0,0.0,406.0,3.367295829986474,757.6415617469567,757.6415617469567,0.23889924885146657
325.0,0.0,0.0,184.0,0.0,1063.0,783.0,7,17.54026944,0.5661538461538461,0.5661538461538461,0.0,0.0,3.62671905697446,0.7365945437441204,325.0,0.0,0.0,509.0,2.0794415416798357,675.8185010459466,675.8185010459466,0.27226244874212235
325.0,0.0,0.0,184.0,0.0,1063.0,783.0,28,30.57136584,0.5661538461538461,0.5661538461538461,0.0,0.0,3.62671905697446,0.7365945437441204,325.0,0.0,0.0,509.0,3.367295829986474,1094.3711447456042,1094.3711447456042,0.1681330880144618
275.0,0.0,0.0,183.0,0.0,1088.0,808.0,7,14.2032056,0.6654545454545454,0.6654545454545454,0.0,0.0,4.139737991266376,0.7426470588235294,275.0,0.0,0.0,458.0,2.0794415416798357,571.8464239619549,571.8464239619549,0.32001599088809735
275.0,0.0,0.0,183.0,0.0,1088.0,808.0,28,24.49708228,0.6654545454545454,0.6654545454545454,0.0,0.0,4.139737991266376,0.7426470588235294,275.0,0.0,0.0,458.0,3.367295829986474,926.0063532462804,926.0063532462804,0.19762283418300625
300.0,0.0,0.0,184.0,0.0,1075.0,795.0,7,15.57526284,0.6133333333333333,0.6133333333333333,0.0,0.0,3.8636363636363638,0.7395348837209302,300.0,0.0,0.0,484.0,2.0794415416798357,623.8324625039508,623.8324625039508,0.2949509861372992
300.0,0.0,0.0,184.0,0.0,1075.0,795.0,28,26.84819544,0.6133333333333333,0.6133333333333333,0.0,0.0,3.8636363636363638,0.7395348837209302,300.0,0.0,0.0,484.0,3.367295829986474,1010.1887489959422,1010.1887489959422,0.18214417868233362
375.0,0.0,0.0,186.0,0.0,1038.0,758.0,7,26.0621928,0.496,0.496,0.0,0.0,3.201426024955437,0.7302504816955684,375.0,0.0,0.0,561.0,2.0794415416798357,779.7905781299384,779.7905781299384,0.23852558009364197
375.0,0.0,0.0,186.0,0.0,1038.0,758.0,28,38.21075992,0.496,0.496,0.0,0.0,3.201426024955437,0.7302504816955684,375.0,0.0,0.0,561.0,3.367295829986474,1262.7359362449279,1262.7359362449279,0.14729920536919155
400.0,0.0,0.0,187.0,0.0,1025.0,745.0,28,43.69898888,0.4675,0.4675,0.0,0.0,3.0153321976149914,0.7268292682926829,400.0,0.0,0.0,587.0,3.367295829986474,1346.9183319945896,1346.9183319945896,0.13883544054455052
400.0,0.0,0.0,187.0,0.0,1025.0,745.0,7,30.14389072,0.4675,0.4675,0.0,0.0,3.0153321976149914,0.7268292682926829,400.0,0.0,0.0,587.0,2.0794415416798357,831.7766166719343,831.7766166719343,0.22481997720519684
250.0,0.0,0.0,182.0,0.0,1100.0,820.0,7,12.73462172,0.728,0.728,0.0,0.0,4.444444444444445,0.7454545454545455,250.0,0.0,0.0,432.0,2.0794415416798357,519.8603854199589,519.8603854199589,0.35009399658905516
250.0,0.0,0.0,182.0,0.0,1100.0,820.0,28,20.87043852,0.728,0.728,0.0,0.0,4.444444444444445,0.7454545454545455,250.0,0.0,0.0,432.0,3.367295829986474,841.8239574966185,841.8239574966185,0.2161972207838134
350.0,0.0,0.0,186.0,0.0,1050.0,770.0,7,20.27748916,0.5314285714285715,0.5314285714285715,0.0,0.0,3.3955223880597014,0.7333333333333333,350.0,0.0,0.0,536.0,2.0794415416798357,727.8045395879425,727.8045395879425,0.25556312152890215
350.0,0.0,0.0,186.0,0.0,1050.0,770.0,28,34.29453624,0.5314285714285715,0.5314285714285715,0.0,0.0,3.3955223880597014,0.7333333333333333,350.0,0.0,0.0,536.0,3.367295829986474,1178.553540495266,1178.553540495266,0.15782057718127668
203.5,305.3,0.0,203.5,0.0,963.4,630.0,7,19.539060364,1.0,0.3999606918238994,0.6000393081761006,0.0,2.2369788010669662,0.653933983807349,508.8,0.6000393081761006,0.0,712.3,2.0794415416798357,423.1663537318466,1058.0198564067005,0.19234043554828623
250.2,166.8,0.0,203.5,0.0,977.6,694.1,90,47.714497104,0.8133493205435652,0.4880095923261391,0.4,0.0,2.6941176470588237,0.7100040916530278,417.0,0.4,0.0,620.5,4.51085950651685,1128.6170485305158,1881.0284142175262,0.10818550026244676
157.0,236.0,0.0,192.0,0.0,935.4,781.2,90,43.377003588,1.2229299363057324,0.48854961832061067,0.6005089058524173,0.0,2.9343589743589744,0.8351507376523413,393.0,0.6005089058524173,0.0,585.0,4.51085950651685,708.2049425231454,1772.767786061122,0.10830521713540442
141.3,212.0,0.0,203.5,0.0,971.8,748.5,28,29.89223198,1.4401981599433828,0.5759977356354373,0.6000566091140673,0.0,3.0896192528735633,0.7702202099197366,353.3,0.6000566091140673,0.0,556.8,3.367295829986474,475.7989007770888,1189.6656167342214,0.17105646926119675
166.8,250.2,0.0,203.5,0.0,975.6,692.6,3,6.902344236,1.2200239808153477,0.4880095923261391,0.6,0.0,2.6884770346494764,0.7099220992209923,417.0,0.6,0.0,620.5,1.3862943611198906,231.23389943479776,578.0847485869944,0.35202450937758284
122.6,183.9,0.0,203.5,0.0,958.2,800.1,90,33.192064116,1.6598694942903753,0.6639477977161501,0.6,0.0,3.44764705882353,0.8350031308703819,306.5,0.6,0.0,510.0,4.51085950651685,553.0313754989658,1382.5784387474143,0.14718875565885906
183.9,122.6,0.0,203.5,0.0,959.2,800.0,3,4.903553312,1.10657966286025,0.6639477977161501,0.39999999999999997,0.0,3.4494117647058826,0.8340283569641367,306.5,0.39999999999999997,0.0,510.0,1.3862943611198906,254.9395330099479,424.8992216832465,0.4789370975871192
102.0,153.0,0.0,192.0,0.0,887.0,942.0,3,4.565020596,1.8823529411764706,0.7529411764705882,0.6,0.0,4.091722595078299,1.0620067643742954,255.0,0.6,0.0,447.0,1.3862943611198906,141.40202483422883,353.5050620855721,0.5431322506876097
102.0,153.0,0.0,192.0,0.0,887.0,942.0,90,25.460969728,1.8823529411764706,0.7529411764705882,0.6,0.0,4.091722595078299,1.0620067643742954,255.0,0.6,0.0,447.0,4.51085950651685,460.1076696647187,1150.2691741617966,0.16691745229103505
122.6,183.9,0.0,203.5,0.0,958.2,800.1,28,24.290928956,1.6598694942903753,0.6639477977161501,0.6,0.0,3.44764705882353,0.8350031308703819,306.5,0.6,0.0,510.0,3.367295829986474,412.8304687563417,1032.0761718908543,0.19717536897220495
166.8,250.2,0.0,203.5,0.0,975.6,692.6,28,33.947729812,1.2200239808153477,0.4880095923261391,0.6,0.0,2.6884770346494764,0.7099220992209923,417.0,0.6,0.0,620.5,3.367295829986474,561.664944441744,1404.1623611043597,0.14492626040762785
200.0,133.0,0.0,192.0,0.0,965.4,806.2,3,11.41427518,0.96,0.5765765765765766,0.3993993993993994,0.0,3.3744761904761904,0.8350942614460328,333.0,0.3993993993993994,0.0,525.0,1.3862943611198906,277.25887222397813,461.63602225292357,0.4159120838598814
108.3,162.4,0.0,203.5,0.0,938.2,849.0,28,20.593958644,1.8790397045244691,0.7517547100110824,0.5999261174732177,0.0,3.768873892872206,0.9049243231720315,270.7,0.5999261174732177,0.0,474.2,3.367295829986474,364.6781383875351,911.5269811773385,0.22325175688947474
305.3,203.5,0.0,203.5,0.0,965.4,631.0,7,25.893960656,0.6665574844415328,0.3999606918238994,0.3999606918238994,0.0,2.2411905096167346,0.6536150818313653,508.8,0.3999606918238994,0.0,712.3,2.0794415416798357,634.8535026748539,1058.0198564067005,0.19234043554828623
108.3,162.4,0.0,203.5,0.0,938.2,849.0,90,29.231713972,1.8790397045244691,0.7517547100110824,0.5999261174732177,0.0,3.768873892872206,0.9049243231720315,270.7,0.5999261174732177,0.0,474.2,4.51085950651685,488.5260845557748,1221.0896684141112,0.16665442781470372
116.0,173.0,0.0,192.0,0.0,909.8,891.9,90,31.023662096,1.6551724137931034,0.6643598615916955,0.5986159169550173,0.0,3.745738045738045,0.9803253462299407,289.0,0.5986159169550173,0.0,481.0,4.51085950651685,523.2597027559545,1303.6383973833695,0.147280104962678
141.3,212.0,0.0,203.5,0.0,971.8,748.5,7,10.3938507,1.4401981599433828,0.5759977356354373,0.6000566091140673,0.0,3.0896192528735633,0.7702202099197366,353.3,0.6000566091140673,0.0,556.8,2.0794415416798357,293.8250898393608,734.666696675486,0.27699635892150587
157.0,236.0,0.0,192.0,0.0,935.4,781.2,28,33.664355176,1.2229299363057324,0.48854961832061067,0.6005089058524173,0.0,2.9343589743589744,0.8351507376523413,393.0,0.6005089058524173,0.0,585.0,3.367295829986474,528.6654453078764,1323.3472611846844,0.14508663419767698
133.0,200.0,0.0,192.0,0.0,927.4,839.2,28,27.874825204,1.443609022556391,0.5765765765765766,0.6006006006006006,0.0,3.364952380952381,0.9048954065128316,333.0,0.6006006006006006,0.0,525.0,3.367295829986474,447.85034538820105,1121.3095113854959,0.17122837008915032
250.2,166.8,0.0,203.5,0.0,977.6,694.1,7,19.35014394,0.8133493205435652,0.4880095923261391,0.4,0.0,2.6941176470588237,0.7100040916530278,417.0,0.4,0.0,620.5,2.0794415416798357,520.2762737282949,867.1271228804915,0.2346830062517219
173.0,116.0,0.0,192.0,0.0,946.8,856.8,7,11.392211948,1.1098265895953756,0.6643598615916955,0.4013840830449827,0.0,3.7496881496881493,0.9049429657794676,289.0,0.4013840830449827,0.0,481.0,2.0794415416798357,359.74338671061156,600.9586055454726,0.31948955922800576
192.0,288.0,0.0,192.0,0.0,929.8,716.1,3,12.788400848,1.0,0.4,0.6,0.0,2.4492559523809527,0.7701656270165628,480.0,0.6,0.0,672.0,1.3862943611198906,266.168517335019,665.4212933375475,0.2885390081777927
192.0,288.0,0.0,192.0,0.0,929.8,716.1,28,39.321505756,1.0,0.4,0.6,0.0,2.4492559523809527,0.7701656270165628,480.0,0.6,0.0,672.0,3.367295829986474,646.520799357403,1616.3019983935076,0.11878968174934804
153.0,102.0,0.0,192.0,0.0,888.0,943.1,3,4.782205536,1.2549019607843137,0.7529411764705882,0.4,0.0,4.09642058165548,1.0620495495495497,255.0,0.4,0.0,447.0,1.3862943611198906,212.10303725134327,353.5050620855721,0.5431322506876097
288.0,192.0,0.0,192.0,0.0,932.0,717.8,3,16.10960674,0.6666666666666666,0.4,0.4,0.0,2.4550595238095236,0.7701716738197424,480.0,0.4,0.0,672.0,1.3862943611198906,399.2527760025285,665.4212933375475,0.2885390081777927
305.3,203.5,0.0,203.5,0.0,965.4,631.0,28,43.377003588,0.6665574844415328,0.3999606918238994,0.3999606918238994,0.0,2.2411905096167346,0.6536150818313653,508.8,0.3999606918238994,0.0,712.3,3.367295829986474,1028.0354168948707,1713.2801182971182,0.11877800823502518
236.0,157.0,0.0,192.0,0.0,972.6,749.1,7,20.416073836,0.8135593220338984,0.48854961832061067,0.3994910941475827,0.0,2.9430769230769234,0.770203578038248,393.0,0.3994910941475827,0.0,585.0,2.0794415416798357,490.74820383644123,817.2205258801755,0.2349427038597803
173.0,116.0,0.0,192.0,0.0,946.8,856.8,3,6.940954892,1.1098265895953756,0.6643598615916955,0.4013840830449827,0.0,3.7496881496881493,0.9049429657794676,289.0,0.4013840830449827,0.0,481.0,1.3862943611198906,239.82892447374107,400.6390703636484,0.4792343388420086
212.0,141.3,0.0,203.5,0.0,973.4,750.0,7,15.0305768,0.9599056603773585,0.5759977356354373,0.39994339088593267,0.0,3.095186781609196,0.7704951715635916,353.3,0.39994339088593267,0.0,556.8,2.0794415416798357,440.84160683612515,734.666696675486,0.27699635892150587
236.0,157.0,0.0,192.0,0.0,972.6,749.1,3,13.5654403,0.8135593220338984,0.48854961832061067,0.3994910941475827,0.0,2.9430769230769234,0.770203578038248,393.0,0.3994910941475827,0.0,585.0,1.3862943611198906,327.16546922429416,544.813683920117,0.35241405578967044
183.9,122.6,0.0,203.5,0.0,959.2,800.0,90,32.53292506,1.10657966286025,0.6639477977161501,0.39999999999999997,0.0,3.4494117647058826,0.8340283569641367,306.5,0.39999999999999997,0.0,510.0,4.51085950651685,829.5470632484487,1382.5784387474143,0.14718875565885906
166.8,250.2,0.0,203.5,0.0,975.6,692.6,7,15.748321316,1.2200239808153477,0.4880095923261391,0.6,0.0,2.6884770346494764,0.7099220992209923,417.0,0.6,0.0,620.5,2.0794415416798357,346.85084915219664,867.1271228804915,0.2346830062517219
102.0,153.0,0.0,192.0,0.0,887.0,942.0,7,7.675936308,1.8823529411764706,0.7529411764705882,0.6,0.0,4.091722595078299,1.0620067643742954,255.0,0.6,0.0,447.0,2.0794415416798357,212.10303725134324,530.2575931283582,0.3620881671250732
288.0,192.0,0.0,192.0,0.0,932.0,717.8,28,38.804398756,0.6666666666666666,0.4,0.4,0.0,2.4550595238095236,0.7701716738197424,480.0,0.4,0.0,672.0,3.367295829986474,969.7811990361046,1616.3019983935076,0.11878968174934804
212.0,141.3,0.0,203.5,0.0,973.4,750.0,28,33.003837168,0.9599056603773585,0.5759977356354373,0.39994339088593267,0.0,3.095186781609196,0.7704951715635916,353.3,0.39994339088593267,0.0,556.8,3.367295829986474,713.8667159571326,1189.6656167342214,0.17105646926119675
102.0,153.0,0.0,192.0,0.0,887.0,942.0,28,17.275510656,1.8823529411764706,0.7529411764705882,0.6,0.0,4.091722595078299,1.0620067643742954,255.0,0.6,0.0,447.0,3.367295829986474,343.4641746586204,858.6604366465509,0.22360410682230217
173.0,116.0,0.0,192.0,0.0,946.8,856.8,28,24.281965768,1.1098265895953756,0.6643598615916955,0.4013840830449827,0.0,3.7496881496881493,0.9049429657794676,289.0,0.4013840830449827,0.0,481.0,3.367295829986474,582.54217858766,973.148494866091,0.19729774131379602
183.9,122.6,0.0,203.5,0.0,959.2,800.0,28,24.046164976,1.10657966286025,0.6639477977161501,0.39999999999999997,0.0,3.4494117647058826,0.8340283569641367,306.5,0.39999999999999997,0.0,510.0,3.367295829986474,619.2457031345126,1032.0761718908543,0.19717536897220495
133.0,200.0,0.0,192.0,0.0,927.4,839.2,90,36.588422892,1.443609022556391,0.5765765765765766,0.6006006006006006,0.0,3.364952380952381,0.9048954065128316,333.0,0.6006006006006006,0.0,525.0,4.51085950651685,599.944314366741,1502.116215670111,0.12781967067331515
192.0,288.0,0.0,192.0,0.0,929.8,716.1,90,50.732333556,1.0,0.4,0.6,0.0,2.4492559523809527,0.7701656270165628,480.0,0.6,0.0,672.0,4.51085950651685,866.0850252512352,2165.212563128088,0.08867489652961238
133.0,200.0,0.0,192.0,0.0,927.4,839.2,7,13.664035368,1.443609022556391,0.5765765765765766,0.6006006006006006,0.0,3.364952380952381,0.9048954065128316,333.0,0.6006006006006006,0.0,525.0,2.0794415416798357,276.5657250434181,692.4540333793854,0.27727472257325425
305.3,203.5,0.0,203.5,0.0,965.4,631.0,3,14.143910664,0.6665574844415328,0.3999606918238994,0.3999606918238994,0.0,2.2411905096167346,0.6536150818313653,508.8,0.3999606918238994,0.0,712.3,1.3862943611198906,423.2356684499026,705.3465709378004,0.2885106533224293
236.0,157.0,0.0,192.0,0.0,972.6,749.1,90,47.782065752,0.8135593220338984,0.48854961832061067,0.3994910941475827,0.0,2.9430769230769234,0.770203578038248,393.0,0.3994910941475827,0.0,585.0,4.51085950651685,1064.5628435379765,1772.767786061122,0.10830521713540442
108.3,162.4,0.0,203.5,0.0,938.2,849.0,3,2.331807832,1.8790397045244691,0.7517547100110824,0.5999261174732177,0.0,3.768873892872206,0.9049243231720315,270.7,0.5999261174732177,0.0,474.2,1.3862943611198906,150.13567930928414,375.26988355515437,0.5422763960489547
157.0,236.0,0.0,192.0,0.0,935.4,781.2,7,16.889404096,1.2229299363057324,0.48854961832061067,0.6005089058524173,0.0,2.9343589743589744,0.8351507376523413,393.0,0.6005089058524173,0.0,585.0,2.0794415416798357,326.4723220437342,817.2205258801755,0.2349427038597803
288.0,192.0,0.0,192.0,0.0,932.0,717.8,7,23.523542168,0.6666666666666666,0.4,0.4,0.0,2.4550595238095236,0.7701716738197424,480.0,0.4,0.0,672.0,2.0794415416798357,598.8791640037927,998.1319400063212,0.19235933878519515
212.0,141.3,0.0,203.5,0.0,973.4,750.0,3,6.8085755,0.9599056603773585,0.5759977356354373,0.39994339088593267,0.0,3.095186781609196,0.7704951715635916,353.3,0.39994339088593267,0.0,556.8,1.3862943611198906,293.8944045574168,489.7777977836574,0.4154945383822588
212.0,141.3,0.0,203.5,0.0,973.4,750.0,90,39.70002808,0.9599056603773585,0.5759977356354373,0.39994339088593267,0.0,3.095186781609196,0.7704951715635916,353.3,0.39994339088593267,0.0,556.8,4.51085950651685,956.3022153815722,1593.686663652403,0.12769134902190857
153.0,102.0,0.0,192.0,0.0,888.0,943.1,28,17.96429718,1.2549019607843137,0.7529411764705882,0.4,0.0,4.09642058165548,1.0620495495495497,255.0,0.4,0.0,447.0,3.367295829986474,515.1962619879306,858.6604366465509,0.22360410682230217
236.0,157.0,0.0,192.0,0.0,972.6,749.1,28,32.88455782,0.8135593220338984,0.48854961832061067,0.3994910941475827,0.0,2.9430769230769234,0.770203578038248,393.0,0.3994910941475827,0.0,585.0,3.367295829986474,794.681815876808,1323.3472611846844,0.14508663419767698
116.0,173.0,0.0,192.0,0.0,909.8,891.9,28,22.347985588,1.6551724137931034,0.6643598615916955,0.5986159169550173,0.0,3.745738045738045,0.9803253462299407,289.0,0.5986159169550173,0.0,481.0,3.367295829986474,390.606316278431,973.148494866091,0.19729774131379602
183.9,122.6,0.0,203.5,0.0,959.2,800.0,7,10.787541496,1.10657966286025,0.6639477977161501,0.39999999999999997,0.0,3.4494117647058826,0.8340283569641367,306.5,0.39999999999999997,0.0,510.0,2.0794415416798357,382.4092995149218,637.3488325248696,0.3192913983914128
108.3,162.4,0.0,203.5,0.0,938.2,849.0,7,7.723510152,1.8790397045244691,0.7517547100110824,0.5999261174732177,0.0,3.768873892872206,0.9049243231720315,270.7,0.5999261174732177,0.0,474.2,2.0794415416798357,225.2035189639262,562.9048253327315,0.36151759736596983
203.5,305.3,0.0,203.5,0.0,963.4,630.0,28,41.684340008,1.0,0.3999606918238994,0.6000393081761006,0.0,2.2369788010669662,0.653933983807349,508.8,0.6000393081761006,0.0,712.3,3.367295829986474,685.2447014022475,1713.2801182971182,0.11877800823502518
203.5,305.3,0.0,203.5,0.0,963.4,630.0,3,9.561653168,1.0,0.3999606918238994,0.6000393081761006,0.0,2.2369788010669662,0.653933983807349,508.8,0.6000393081761006,0.0,712.3,1.3862943611198906,282.1109024878977,705.3465709378004,0.2885106533224293
133.0,200.0,0.0,192.0,0.0,927.4,839.2,3,6.883728384,1.443609022556391,0.5765765765765766,0.6006006006006006,0.0,3.364952380952381,0.9048954065128316,333.0,0.6006006006006006,0.0,525.0,1.3862943611198906,184.37715002894544,461.63602225292357,0.4159120838598814
288.0,192.0,0.0,192.0,0.0,932.0,717.8,90,50.526869708,0.6666666666666666,0.4,0.4,0.0,2.4550595238095236,0.7701716738197424,480.0,0.4,0.0,672.0,4.51085950651685,1299.1275378768528,2165.212563128088,0.08867489652961238
200.0,133.0,0.0,192.0,0.0,965.4,806.2,7,17.165883972,0.96,0.5765765765765766,0.3993993993993994,0.0,3.3744761904761904,0.8350942614460328,333.0,0.3993993993993994,0.0,525.0,2.0794415416798357,415.88830833596717,692.4540333793854,0.27727472257325425
200.0,133.0,0.0,192.0,0.0,965.4,806.2,28,30.439675924,0.96,0.5765765765765766,0.3993993993993994,0.0,3.3744761904761904,0.8350942614460328,333.0,0.3993993993993994,0.0,525.0,3.367295829986474,673.4591659972948,1121.3095113854959,0.17122837008915032
250.2,166.8,0.0,203.5,0.0,977.6,694.1,3,9.731264264,0.8133493205435652,0.4880095923261391,0.4,0.0,2.6941176470588237,0.7100040916530278,417.0,0.4,0.0,620.5,1.3862943611198906,346.8508491521966,578.0847485869944,0.35202450937758284
122.6,183.9,0.0,203.5,0.0,958.2,800.1,3,3.31982694,1.6598694942903753,0.6639477977161501,0.6,0.0,3.44764705882353,0.8350031308703819,306.5,0.6,0.0,510.0,1.3862943611198906,169.9596886732986,424.8992216832465,0.4789370975871192
153.0,102.0,0.0,192.0,0.0,888.0,943.1,90,26.322814728,1.2549019607843137,0.7529411764705882,0.4,0.0,4.09642058165548,1.0620495495495497,255.0,0.4,0.0,447.0,4.51085950651685,690.161504497078,1150.2691741617966,0.16691745229103505
200.0,133.0,0.0,192.0,0.0,965.4,806.2,90,43.25082948,0.96,0.5765765765765766,0.3993993993993994,0.0,3.3744761904761904,0.8350942614460328,333.0,0.3993993993993994,0.0,525.0,4.51085950651685,902.17190130337,1502.116215670111,0.12781967067331515
116.0,173.0,0.0,192.0,0.0,909.8,891.9,3,6.280436884,1.6551724137931034,0.6643598615916955,0.5986159169550173,0.0,3.745738045738045,0.9803253462299407,289.0,0.5986159169550173,0.0,481.0,1.3862943611198906,160.81014588990732,400.6390703636484,0.4792343388420086
173.0,116.0,0.0,192.0,0.0,946.8,856.8,90,32.102692036,1.1098265895953756,0.6643598615916955,0.4013840830449827,0.0,3.7496881496881493,0.9049429657794676,289.0,0.4013840830449827,0.0,481.0,4.51085950651685,780.378694627415,1303.6383973833695,0.147280104962678
250.2,166.8,0.0,203.5,0.0,977.6,694.1,28,36.964187312,0.8133493205435652,0.4880095923261391,0.4,0.0,2.6941176470588237,0.7100040916530278,417.0,0.4,0.0,620.5,3.367295829986474,842.4974166626158,1404.1623611043597,0.14492626040762785
305.3,203.5,0.0,203.5,0.0,965.4,631.0,90,54.598914964,0.6665574844415328,0.3999606918238994,0.3999606918238994,0.0,2.2411905096167346,0.6536150818313653,508.8,0.3999606918238994,0.0,712.3,4.51085950651685,1377.1654073395944,2295.125316915773,0.08866618240849115
192.0,288.0,0.0,192.0,0.0,929.8,716.1,7,21.48062478,1.0,0.4,0.6,0.0,2.4492559523809527,0.7701656270165628,480.0,0.6,0.0,672.0,2.0794415416798357,399.25277600252844,998.1319400063212,0.19235933878519515
157.0,236.0,0.0,192.0,0.0,935.4,781.2,3,9.694722036,1.2229299363057324,0.48854961832061067,0.6005089058524173,0.0,2.9343589743589744,0.8351507376523413,393.0,0.6005089058524173,0.0,585.0,1.3862943611198906,217.64821469582282,544.813683920117,0.35241405578967044
153.0,102.0,0.0,192.0,0.0,888.0,943.1,7,8.374375496,1.2549019607843137,0.7529411764705882,0.4,0.0,4.09642058165548,1.0620495495495497,255.0,0.4,0.0,447.0,2.0794415416798357,318.15455587701484,530.2575931283582,0.3620881671250732
141.3,212.0,0.0,203.5,0.0,971.8,748.5,90,39.6621069,1.4401981599433828,0.5759977356354373,0.6000566091140673,0.0,3.0896192528735633,0.7702202099197366,353.3,0.6000566091140673,0.0,556.8,4.51085950651685,637.384448270831,1593.686663652403,0.12769134902190857
116.0,173.0,0.0,192.0,0.0,909.8,891.9,7,10.089791784,1.6551724137931034,0.6643598615916955,0.5986159169550173,0.0,3.745738045738045,0.9803253462299407,289.0,0.5986159169550173,0.0,481.0,2.0794415416798357,241.21521883486093,600.9586055454726,0.31948955922800576
141.3,212.0,0.0,203.5,0.0,971.8,748.5,3,4.827710952,1.4401981599433828,0.5759977356354373,0.6000566091140673,0.0,3.0896192528735633,0.7702202099197366,353.3,0.6000566091140673,0.0,556.8,1.3862943611198906,195.88339322624054,489.7777977836574,0.4154945383822588
122.6,183.9,0.0,203.5,0.0,958.2,800.1,7,10.354550568,1.6598694942903753,0.6639477977161501,0.6,0.0,3.44764705882353,0.8350031308703819,306.5,0.6,0.0,510.0,2.0794415416798357,254.93953300994784,637.3488325248696,0.3192913983914128
166.8,250.2,0.0,203.5,0.0,975.6,692.6,90,43.565230536,1.2200239808153477,0.4880095923261391,0.6,0.0,2.6884770346494764,0.7099220992209923,417.0,0.6,0.0,620.5,4.51085950651685,752.4113656870106,1881.0284142175262,0.10818550026244676
203.5,305.3,0.0,203.5,0.0,963.4,630.0,90,51.863763672,1.0,0.3999606918238994,0.6000393081761006,0.0,2.2369788010669662,0.653933983807349,508.8,0.6000393081761006,0.0,712.3,4.51085950651685,917.9599095761789,2295.125316915773,0.08866618240849115
310.0,0.0,0.0,192.0,0.0,1012.0,830.0,3,11.85209244,0.6193548387096774,0.6193548387096774,0.0,0.0,3.6693227091633465,0.8201581027667985,310.0,0.0,0.0,502.0,1.3862943611198906,429.75125194716605,429.75125194716605,0.44677007717851774
310.0,0.0,0.0,192.0,0.0,1012.0,830.0,7,17.24379476,0.6193548387096774,0.6193548387096774,0.0,0.0,3.6693227091633465,0.8201581027667985,310.0,0.0,0.0,502.0,2.0794415416798357,644.626877920749,644.626877920749,0.29784671811901187
310.0,0.0,0.0,192.0,0.0,1012.0,830.0,28,27.82725136,0.6193548387096774,0.6193548387096774,0.0,0.0,3.6693227091633465,0.8201581027667985,310.0,0.0,0.0,502.0,3.367295829986474,1043.861707295807,1043.861707295807,0.1839324104506034
310.0,0.0,0.0,192.0,0.0,1012.0,830.0,90,35.76312012,0.6193548387096774,0.6193548387096774,0.0,0.0,3.6693227091633465,0.8201581027667985,310.0,0.0,0.0,502.0,4.51085950651685,1398.3664470202234,1398.3664470202234,0.13730306559423852
310.0,0.0,0.0,192.0,0.0,1012.0,830.0,120,38.70028788,0.6193548387096774,0.6193548387096774,0.0,0.0,3.6693227091633465,0.8201581027667985,310.0,0.0,0.0,502.0,4.795790545596741,1486.6950691349898,1486.6950691349898,0.12914551476363756
331.0,0.0,0.0,192.0,0.0,1025.0,821.0,3,14.306627,0.5800604229607251,0.5800604229607251,0.0,0.0,3.529636711281071,0.8009756097560976,331.0,0.0,0.0,523.0,1.3862943611198906,458.8634335306838,458.8634335306838,0.4184251478106964
331.0,0.0,0.0,192.0,0.0,1025.0,821.0,7,17.43684804,0.5800604229607251,0.5800604229607251,0.0,0.0,3.529636711281071,0.8009756097560976,331.0,0.0,0.0,523.0,2.0794415416798357,688.2951502960257,688.2951502960257,0.27895009854046426
331.0,0.0,0.0,192.0,0.0,1025.0,821.0,28,31.74347504,0.5800604229607251,0.5800604229607251,0.0,0.0,3.529636711281071,0.8009756097560976,331.0,0.0,0.0,523.0,3.367295829986474,1114.574919725523,1114.574919725523,0.17226298259724188
331.0,0.0,0.0,192.0,0.0,1025.0,821.0,90,37.91428524,0.5800604229607251,0.5800604229607251,0.0,0.0,3.529636711281071,0.8009756097560976,331.0,0.0,0.0,523.0,4.51085950651685,1493.0944966570773,1493.0944966570773,0.12859199496741372
331.0,0.0,0.0,192.0,0.0,1025.0,821.0,120,39.38286912,0.5800604229607251,0.5800604229607251,0.0,0.0,3.529636711281071,0.8009756097560976,331.0,0.0,0.0,523.0,4.795790545596741,1587.4066705925213,1587.4066705925213,0.1209519926789355
349.0,0.0,0.0,192.0,0.0,1056.0,809.0,3,15.87173752,0.5501432664756447,0.5501432664756447,0.0,0.0,3.4473197781885396,0.7660984848484849,349.0,0.0,0.0,541.0,1.3862943611198906,483.8167320308418,483.8167320308418,0.39684448116143406
349.0,0.0,0.0,192.0,0.0,1056.0,809.0,7,9.01145132,0.5501432664756447,0.5501432664756447,0.0,0.0,3.4473197781885396,0.7660984848484849,349.0,0.0,0.0,541.0,2.0794415416798357,725.7250980462627,725.7250980462627,0.2645629874409561
349.0,0.0,0.0,192.0,0.0,1056.0,809.0,28,33.60506024,0.5501432664756447,0.5501432664756447,0.0,0.0,3.4473197781885396,0.7660984848484849,349.0,0.0,0.0,541.0,3.367295829986474,1175.1862446652794,1175.1862446652794,0.1633783588529715
349.0,0.0,0.0,192.0,0.0,1056.0,809.0,90,40.65839972,0.5501432664756447,0.5501432664756447,0.0,0.0,3.4473197781885396,0.7660984848484849,349.0,0.0,0.0,541.0,4.51085950651685,1574.2899677743806,1574.2899677743806,0.12195974307797691
349.0,0.0,0.0,192.0,0.0,1056.0,809.0,120,40.85834776,0.5501432664756447,0.5501432664756447,0.0,0.0,3.4473197781885396,0.7660984848484849,349.0,0.0,0.0,541.0,4.795790545596741,1673.7309004132628,1673.7309004132628,0.11471378102214225
238.0,0.0,0.0,186.0,0.0,1119.0,789.0,7,12.05204048,0.7815126050420168,0.7815126050420168,0.0,0.0,4.5,0.7050938337801609,238.0,0.0,0.0,424.0,2.0794415416798357,494.9070869198009,494.9070869198009,0.3758281198954443
238.0,0.0,0.0,186.0,0.0,1119.0,789.0,28,17.54026944,0.7815126050420168,0.7815126050420168,0.0,0.0,4.5,0.7050938337801609,238.0,0.0,0.0,424.0,3.367295829986474,801.4164075367809,801.4164075367809,0.23208908409011275
296.0,0.0,0.0,186.0,0.0,1090.0,769.0,7,18.91232668,0.6283783783783784,0.6283783783783784,0.0,0.0,3.8568464730290457,0.7055045871559633,296.0,0.0,0.0,482.0,2.0794415416798357,615.5146963372314,615.5146963372314,0.30218612342944506
296.0,0.0,0.0,186.0,0.0,1090.0,769.0,28,25.17966352,0.6283783783783784,0.6283783783783784,0.0,0.0,3.8568464730290457,0.7055045871559633,296.0,0.0,0.0,482.0,3.367295829986474,996.7195656759964,996.7195656759964,0.18661216896434743
297.0,0.0,0.0,186.0,0.0,1040.0,734.0,7,30.9574724,0.6262626262626263,0.6262626262626263,0.0,0.0,3.6728778467908905,0.7057692307692308,297.0,0.0,0.0,483.0,2.0794415416798357,617.5941378789112,617.5941378789112,0.30116866173439644
480.0,0.0,0.0,192.0,0.0,936.0,721.0,28,43.89204216,0.4,0.4,0.0,0.0,2.4657738095238093,0.7702991452991453,480.0,0.0,0.0,672.0,3.367295829986474,1616.3019983935076,1616.3019983935076,0.11878968174934804
480.0,0.0,0.0,192.0,0.0,936.0,721.0,90,54.27555072,0.4,0.4,0.0,0.0,2.4657738095238093,0.7702991452991453,480.0,0.0,0.0,672.0,4.51085950651685,2165.212563128088,2165.212563128088,0.08867489652961238
397.0,0.0,0.0,186.0,0.0,1040.0,734.0,28,36.93522932,0.46851385390428213,0.46851385390428213,0.0,0.0,3.0428816466552315,0.7057692307692308,397.0,0.0,0.0,583.0,3.367295829986474,1336.8164445046302,1336.8164445046302,0.13913652900112553
281.0,0.0,0.0,186.0,0.0,1104.0,774.0,7,14.49968028,0.6619217081850534,0.6619217081850534,0.0,0.0,4.0214132762312635,0.7010869565217391,281.0,0.0,0.0,467.0,2.0794415416798357,584.3230732120338,584.3230732120338,0.3183170552851094
281.0,0.0,0.0,185.0,0.0,1104.0,774.0,28,22.43554904,0.6583629893238434,0.6583629893238434,0.0,0.0,4.030042918454936,0.7010869565217391,281.0,0.0,0.0,466.0,3.367295829986474,946.2101282261992,946.2101282261992,0.19551682494332193
500.0,0.0,0.0,200.0,0.0,1125.0,613.0,1,12.63809508,0.4,0.4,0.0,0.0,2.4828571428571427,0.5448888888888889,500.0,0.0,0.0,700.0,0.6931471805599453,346.5735902799726,346.5735902799726,0.5770780163555854
500.0,0.0,0.0,200.0,0.0,1125.0,613.0,3,26.0621928,0.4,0.4,0.0,0.0,2.4828571428571427,0.5448888888888889,500.0,0.0,0.0,700.0,1.3862943611198906,693.1471805599452,693.1471805599452,0.2885390081777927
500.0,0.0,0.0,200.0,0.0,1125.0,613.0,7,33.21205892,0.4,0.4,0.0,0.0,2.4828571428571427,0.5448888888888889,500.0,0.0,0.0,700.0,2.0794415416798357,1039.7207708399178,1039.7207708399178,0.19235933878519515
500.0,0.0,0.0,200.0,0.0,1125.0,613.0,14,36.93522932,0.4,0.4,0.0,0.0,2.4828571428571427,0.5448888888888889,500.0,0.0,0.0,700.0,2.70805020110221,1354.025100551105,1354.025100551105,0.14770774922754204
500.0,0.0,0.0,200.0,0.0,1125.0,613.0,28,44.0919902,0.4,0.4,0.0,0.0,2.4828571428571427,0.5448888888888889,500.0,0.0,0.0,700.0,3.367295829986474,1683.647914993237,1683.647914993237,0.11878968174934804
540.0,0.0,0.0,173.0,0.0,1125.0,613.0,7,52.61391356,0.32037037037037036,0.32037037037037036,0.0,0.0,2.4375876577840114,0.5448888888888889,540.0,0.0,0.0,713.0,2.0794415416798357,1122.8984325071112,1122.8984325071112,0.1540655815270313
540.0,0.0,0.0,173.0,0.0,1125.0,613.0,14,59.76377968,0.32037037037037036,0.32037037037037036,0.0,0.0,2.4375876577840114,0.5448888888888889,540.0,0.0,0.0,713.0,2.70805020110221,1462.3471085951935,1462.3471085951935,0.11830296581650357
540.0,0.0,0.0,173.0,0.0,1125.0,613.0,28,67.30664712,0.32037037037037036,0.32037037037037036,0.0,0.0,2.4375876577840114,0.5448888888888889,540.0,0.0,0.0,713.0,3.367295829986474,1818.339748192696,1818.339748192696,0.09514173584554263
540.0,0.0,0.0,173.0,0.0,1125.0,613.0,90,69.65776028,0.32037037037037036,0.32037037037037036,0.0,0.0,2.4375876577840114,0.5448888888888889,540.0,0.0,0.0,713.0,4.51085950651685,2435.8641335190987,2435.8641335190987,0.07102202360936546
540.0,0.0,0.0,173.0,0.0,1125.0,613.0,180,71.62276688,0.32037037037037036,0.32037037037037036,0.0,0.0,2.4375876577840114,0.5448888888888889,540.0,0.0,0.0,713.0,5.198497031265826,2807.188396883546,2807.188396883546,0.06162749895662837
540.0,0.0,0.0,173.0,0.0,1125.0,613.0,270,74.16693332,0.32037037037037036,0.32037037037037036,0.0,0.0,2.4375876577840114,0.5448888888888889,540.0,0.0,0.0,713.0,5.602118820879701,3025.1441632750384,3025.1441632750384,0.0571873572506737
350.0,0.0,0.0,203.0,0.0,974.0,775.0,7,18.12632404,0.58,0.58,0.0,0.0,3.162748643761302,0.795687885010267,350.0,0.0,0.0,553.0,2.0794415416798357,727.8045395879425,727.8045395879425,0.27892104123853295
350.0,0.0,0.0,203.0,0.0,974.0,775.0,14,22.53207568,0.58,0.58,0.0,0.0,3.162748643761302,0.795687885010267,350.0,0.0,0.0,553.0,2.70805020110221,947.8175703857735,947.8175703857735,0.21417623637993594
350.0,0.0,0.0,203.0,0.0,974.0,775.0,28,27.3377234,0.58,0.58,0.0,0.0,3.162748643761302,0.795687885010267,350.0,0.0,0.0,553.0,3.367295829986474,1178.553540495266,1178.553540495266,0.17224503853655462
350.0,0.0,0.0,203.0,0.0,974.0,775.0,56,29.97841648,0.58,0.58,0.0,0.0,3.162748643761302,0.795687885010267,350.0,0.0,0.0,553.0,4.04305126783455,1415.0679437420927,1415.0679437420927,0.1434560092310298
350.0,0.0,0.0,203.0,0.0,974.0,775.0,90,31.35047372,0.58,0.58,0.0,0.0,3.162748643761302,0.795687885010267,350.0,0.0,0.0,553.0,4.51085950651685,1578.8008272808975,1578.8008272808975,0.12857859996793794
350.0,0.0,0.0,203.0,0.0,974.0,775.0,180,32.72253096,0.58,0.58,0.0,0.0,3.162748643761302,0.795687885010267,350.0,0.0,0.0,553.0,5.198497031265826,1819.4739609430392,1819.4739609430392,0.11157070909373412
385.0,0.0,0.0,186.0,0.0,966.0,763.0,1,6.26733684,0.4831168831168831,0.4831168831168831,0.0,0.0,3.0280210157618215,0.7898550724637681,385.0,0.0,0.0,571.0,0.6931471805599453,266.8616645155789,266.8616645155789,0.6969903314424603
385.0,0.0,0.0,186.0,0.0,966.0,763.0,3,14.69962832,0.4831168831168831,0.4831168831168831,0.0,0.0,3.0280210157618215,0.7898550724637681,385.0,0.0,0.0,571.0,1.3862943611198906,533.7233290311578,533.7233290311578,0.3484951657212301
385.0,0.0,0.0,186.0,0.0,966.0,763.0,7,23.22155168,0.4831168831168831,0.4831168831168831,0.0,0.0,3.0280210157618215,0.7898550724637681,385.0,0.0,0.0,571.0,2.0794415416798357,800.5849935467368,800.5849935467368,0.2323301104808201
385.0,0.0,0.0,186.0,0.0,966.0,763.0,14,27.923778,0.4831168831168831,0.4831168831168831,0.0,0.0,3.0280210157618215,0.7898550724637681,385.0,0.0,0.0,571.0,2.70805020110221,1042.5993274243508,1042.5993274243508,0.17840026854755076
385.0,0.0,0.0,186.0,0.0,966.0,763.0,28,31.35047372,0.4831168831168831,0.4831168831168831,0.0,0.0,3.0280210157618215,0.7898550724637681,385.0,0.0,0.0,571.0,3.367295829986474,1296.4088945447925,1296.4088945447925,0.14347325198297878
331.0,0.0,0.0,192.0,0.0,978.0,825.0,180,38.99676256,0.5800604229607251,0.5800604229607251,0.0,0.0,3.447418738049713,0.843558282208589,331.0,0.0,0.0,523.0,5.198497031265826,1720.7025173489885,1720.7025173489885,0.11158233225334387
331.0,0.0,0.0,192.0,0.0,978.0,825.0,360,41.24445432,0.5800604229607251,0.5800604229607251,0.0,0.0,3.447418738049713,0.843558282208589,331.0,0.0,0.0,523.0,5.8888779583328805,1949.2186042081835,1949.2186042081835,0.09850100937139103
349.0,0.0,0.0,192.0,0.0,1047.0,806.0,3,14.98920824,0.5501432664756447,0.5501432664756447,0.0,0.0,3.425138632162662,0.76981852913085,349.0,0.0,0.0,541.0,1.3862943611198906,483.8167320308418,483.8167320308418,0.39684448116143406
331.0,0.0,0.0,192.0,0.0,978.0,825.0,3,13.52062436,0.5800604229607251,0.5800604229607251,0.0,0.0,3.447418738049713,0.843558282208589,331.0,0.0,0.0,523.0,1.3862943611198906,458.8634335306838,458.8634335306838,0.4184251478106964
382.0,0.0,0.0,186.0,0.0,1047.0,739.0,7,24.00065956,0.4869109947643979,0.4869109947643979,0.0,0.0,3.1443661971830985,0.7058261700095511,382.0,0.0,0.0,568.0,2.0794415416798357,794.3466689216973,794.3466689216973,0.234154692500303
382.0,0.0,0.0,186.0,0.0,1047.0,739.0,28,37.42475728,0.4869109947643979,0.4869109947643979,0.0,0.0,3.1443661971830985,0.7058261700095511,382.0,0.0,0.0,568.0,3.367295829986474,1286.307007054833,1286.307007054833,0.14460000527080324
382.0,0.0,0.0,186.0,0.0,1111.0,784.0,7,11.46598588,0.4869109947643979,0.4869109947643979,0.0,0.0,3.336267605633803,0.7056705670567057,382.0,0.0,0.0,568.0,2.0794415416798357,794.3466689216973,794.3466689216973,0.234154692500303
281.0,0.0,0.0,186.0,0.0,1104.0,774.0,28,22.43554904,0.6619217081850534,0.6619217081850534,0.0,0.0,4.0214132762312635,0.7010869565217391,281.0,0.0,0.0,467.0,3.367295829986474,946.2101282261992,946.2101282261992,0.19657367264571826
339.0,0.0,0.0,185.0,0.0,1069.0,754.0,7,21.16001844,0.5457227138643068,0.5457227138643068,0.0,0.0,3.4790076335877864,0.7053320860617399,339.0,0.0,0.0,524.0,2.0794415416798357,704.9306826294643,704.9306826294643,0.26243715099750076
339.0,0.0,0.0,185.0,0.0,1069.0,754.0,28,31.84000168,0.5457227138643068,0.5457227138643068,0.0,0.0,3.4790076335877864,0.7053320860617399,339.0,0.0,0.0,524.0,3.367295829986474,1141.5132863654148,1141.5132863654148,0.1620655687583288
295.0,0.0,0.0,185.0,0.0,1069.0,769.0,7,14.79615496,0.6271186440677966,0.6271186440677966,0.0,0.0,3.8291666666666666,0.7193638914873713,295.0,0.0,0.0,480.0,2.0794415416798357,613.4352547955516,613.4352547955516,0.30158031928187373
295.0,0.0,0.0,185.0,0.0,1069.0,769.0,28,25.17966352,0.6271186440677966,0.6271186440677966,0.0,0.0,3.8291666666666666,0.7193638914873713,295.0,0.0,0.0,480.0,3.367295829986474,993.3522698460099,993.3522698460099,0.18623806036974055
238.0,0.0,0.0,185.0,0.0,1118.0,789.0,28,17.54026944,0.7773109243697479,0.7773109243697479,0.0,0.0,4.508274231678487,0.7057245080500895,238.0,0.0,0.0,423.0,3.367295829986474,801.4164075367809,801.4164075367809,0.23084129331543474
296.0,0.0,0.0,192.0,0.0,1085.0,765.0,7,14.2032056,0.6486486486486487,0.6486486486486487,0.0,0.0,3.790983606557377,0.7050691244239631,296.0,0.0,0.0,488.0,2.0794415416798357,615.5146963372314,615.5146963372314,0.31193406289491105
296.0,0.0,0.0,192.0,0.0,1085.0,765.0,28,21.6495464,0.6486486486486487,0.6486486486486487,0.0,0.0,3.790983606557377,0.7050691244239631,296.0,0.0,0.0,488.0,3.367295829986474,996.7195656759964,996.7195656759964,0.1926319163502941
296.0,0.0,0.0,192.0,0.0,1085.0,765.0,90,29.39236188,0.6486486486486487,0.6486486486486487,0.0,0.0,3.790983606557377,0.7050691244239631,296.0,0.0,0.0,488.0,4.51085950651685,1335.2144139289876,1335.2144139289876,0.14379712950747953
331.0,0.0,0.0,192.0,0.0,879.0,825.0,3,13.52062436,0.5800604229607251,0.5800604229607251,0.0,0.0,3.2581261950286806,0.9385665529010239,331.0,0.0,0.0,523.0,1.3862943611198906,458.8634335306838,458.8634335306838,0.4184251478106964
331.0,0.0,0.0,192.0,0.0,978.0,825.0,7,16.26473884,0.5800604229607251,0.5800604229607251,0.0,0.0,3.447418738049713,0.843558282208589,331.0,0.0,0.0,523.0,2.0794415416798357,688.2951502960257,688.2951502960257,0.27895009854046426
331.0,0.0,0.0,192.0,0.0,978.0,825.0,28,31.44700036,0.5800604229607251,0.5800604229607251,0.0,0.0,3.447418738049713,0.843558282208589,331.0,0.0,0.0,523.0,3.367295829986474,1114.574919725523,1114.574919725523,0.17226298259724188
331.0,0.0,0.0,192.0,0.0,978.0,825.0,90,37.231704,0.5800604229607251,0.5800604229607251,0.0,0.0,3.447418738049713,0.843558282208589,331.0,0.0,0.0,523.0,4.51085950651685,1493.0944966570773,1493.0944966570773,0.12859199496741372
349.0,0.0,0.0,192.0,0.0,1047.0,806.0,7,18.12632404,0.5501432664756447,0.5501432664756447,0.0,0.0,3.425138632162662,0.76981852913085,349.0,0.0,0.0,541.0,2.0794415416798357,725.7250980462627,725.7250980462627,0.2645629874409561
349.0,0.0,0.0,192.0,0.0,1047.0,806.0,28,32.72253096,0.5501432664756447,0.5501432664756447,0.0,0.0,3.425138632162662,0.76981852913085,349.0,0.0,0.0,541.0,3.367295829986474,1175.1862446652794,1175.1862446652794,0.1633783588529715
349.0,0.0,0.0,192.0,0.0,1047.0,806.0,90,39.48629052,0.5501432664756447,0.5501432664756447,0.0,0.0,3.425138632162662,0.76981852913085,349.0,0.0,0.0,541.0,4.51085950651685,1574.2899677743806,1574.2899677743806,0.12195974307797691
349.0,0.0,0.0,192.0,0.0,1047.0,806.0,180,41.05140104,0.5501432664756447,0.5501432664756447,0.0,0.0,3.425138632162662,0.76981852913085,349.0,0.0,0.0,541.0,5.198497031265826,1814.2754639117734,1814.2754639117734,0.10582736955832898
349.0,0.0,0.0,192.0,0.0,1047.0,806.0,360,42.1269836,0.5501432664756447,0.5501432664756447,0.0,0.0,3.425138632162662,0.76981852913085,349.0,0.0,0.0,541.0,5.8888779583328805,2055.218407458175,2055.218407458175,0.09342072808576053
302.0,0.0,0.0,203.0,0.0,974.0,817.0,14,18.12632404,0.6721854304635762,0.6721854304635762,0.0,0.0,3.5465346534653466,0.8388090349075975,302.0,0.0,0.0,505.0,2.70805020110221,817.8311607328675,817.8311607328675,0.24821749249330324
302.0,0.0,0.0,203.0,0.0,974.0,817.0,180,26.74477404,0.6721854304635762,0.6721854304635762,0.0,0.0,3.5465346534653466,0.8388090349075975,302.0,0.0,0.0,505.0,5.198497031265826,1569.9461034422795,1569.9461034422795,0.12930380192982432
525.0,0.0,0.0,189.0,0.0,1125.0,613.0,180,61.92183956,0.36,0.36,0.0,0.0,2.434173669467787,0.5448888888888889,525.0,0.0,0.0,714.0,5.198497031265826,2729.210941414559,2729.210941414559,0.06925078495473153
500.0,0.0,0.0,200.0,0.0,1125.0,613.0,90,47.22221124,0.4,0.4,0.0,0.0,2.4828571428571427,0.5448888888888889,500.0,0.0,0.0,700.0,4.51085950651685,2255.429753258425,2255.429753258425,0.08867489652961238
500.0,0.0,0.0,200.0,0.0,1125.0,613.0,180,51.04190828,0.4,0.4,0.0,0.0,2.4828571428571427,0.5448888888888889,500.0,0.0,0.0,700.0,5.198497031265826,2599.248515632913,2599.248515632913,0.07694531661636837
500.0,0.0,0.0,200.0,0.0,1125.0,613.0,270,55.15808,0.4,0.4,0.0,0.0,2.4828571428571427,0.5448888888888889,500.0,0.0,0.0,700.0,5.602118820879701,2801.0594104398506,2801.0594104398506,0.07140155587367353
540.0,0.0,0.0,173.0,0.0,1125.0,613.0,3,41.63745564,0.32037037037037036,0.32037037037037036,0.0,0.0,2.4375876577840114,0.5448888888888889,540.0,0.0,0.0,713.0,1.3862943611198906,748.5989550047409,748.5989550047409,0.23109837229054692
252.0,0.0,0.0,185.0,0.0,1111.0,784.0,7,13.71367764,0.7341269841269841,0.7341269841269841,0.0,0.0,4.336384439359268,0.7056705670567057,252.0,0.0,0.0,437.0,2.0794415416798357,524.0192685033186,524.0192685033186,0.35304045312759025
252.0,0.0,0.0,185.0,0.0,1111.0,784.0,28,19.69143456,0.7341269841269841,0.7341269841269841,0.0,0.0,4.336384439359268,0.7056705670567057,252.0,0.0,0.0,437.0,3.367295829986474,848.5585491565915,848.5585491565915,0.21801677702013278
339.0,0.0,0.0,185.0,0.0,1060.0,754.0,28,31.6469484,0.5457227138643068,0.5457227138643068,0.0,0.0,3.4618320610687023,0.7113207547169811,339.0,0.0,0.0,524.0,3.367295829986474,1141.5132863654148,1141.5132863654148,0.1620655687583288
393.0,0.0,0.0,192.0,0.0,940.0,758.0,3,19.10537996,0.48854961832061067,0.48854961832061067,0.0,0.0,2.9025641025641025,0.8063829787234043,393.0,0.0,0.0,585.0,1.3862943611198906,544.813683920117,544.813683920117,0.35241405578967044
393.0,0.0,0.0,192.0,0.0,940.0,758.0,28,39.58281716,0.48854961832061067,0.48854961832061067,0.0,0.0,2.9025641025641025,0.8063829787234043,393.0,0.0,0.0,585.0,3.367295829986474,1323.3472611846844,1323.3472611846844,0.14508663419767698
393.0,0.0,0.0,192.0,0.0,940.0,758.0,90,48.79421652,0.48854961832061067,0.48854961832061067,0.0,0.0,2.9025641025641025,0.8063829787234043,393.0,0.0,0.0,585.0,4.51085950651685,1772.767786061122,1772.767786061122,0.10830521713540442
382.0,0.0,0.0,185.0,0.0,1047.0,739.0,7,24.00065956,0.48429319371727747,0.48429319371727747,0.0,0.0,3.1499118165784834,0.7058261700095511,382.0,0.0,0.0,567.0,2.0794415416798357,794.3466689216973,794.3466689216973,0.2328957963040648
382.0,0.0,0.0,185.0,0.0,1047.0,739.0,28,37.42475728,0.48429319371727747,0.48429319371727747,0.0,0.0,3.1499118165784834,0.7058261700095511,382.0,0.0,0.0,567.0,3.367295829986474,1286.307007054833,1286.307007054833,0.14382258588762686
252.0,0.0,0.0,186.0,0.0,1111.0,784.0,7,11.46598588,0.7380952380952381,0.7380952380952381,0.0,0.0,4.32648401826484,0.7056705670567057,252.0,0.0,0.0,438.0,2.0794415416798357,524.0192685033186,524.0192685033186,0.35494877990125295
252.0,0.0,0.0,185.0,0.0,1111.0,784.0,28,19.69143456,0.7341269841269841,0.7341269841269841,0.0,0.0,4.336384439359268,0.7056705670567057,252.0,0.0,0.0,437.0,3.367295829986474,848.5585491565915,848.5585491565915,0.21801677702013278
310.0,0.0,0.0,192.0,0.0,970.0,850.0,7,14.98920824,0.6193548387096774,0.6193548387096774,0.0,0.0,3.6254980079681274,0.8762886597938144,310.0,0.0,0.0,502.0,2.0794415416798357,644.626877920749,644.626877920749,0.29784671811901187
310.0,0.0,0.0,192.0,0.0,970.0,850.0,28,27.923778,0.6193548387096774,0.6193548387096774,0.0,0.0,3.6254980079681274,0.8762886597938144,310.0,0.0,0.0,502.0,3.367295829986474,1043.861707295807,1043.861707295807,0.1839324104506034
310.0,0.0,0.0,192.0,0.0,970.0,850.0,90,34.6806428,0.6193548387096774,0.6193548387096774,0.0,0.0,3.6254980079681274,0.8762886597938144,310.0,0.0,0.0,502.0,4.51085950651685,1398.3664470202234,1398.3664470202234,0.13730306559423852
310.0,0.0,0.0,192.0,0.0,970.0,850.0,180,37.32823064,0.6193548387096774,0.6193548387096774,0.0,0.0,3.6254980079681274,0.8762886597938144,310.0,0.0,0.0,502.0,5.198497031265826,1611.534079692406,1611.534079692406,0.11914113540598974
310.0,0.0,0.0,192.0,0.0,970.0,850.0,360,38.11423328,0.6193548387096774,0.6193548387096774,0.0,0.0,3.6254980079681274,0.8762886597938144,310.0,0.0,0.0,502.0,5.8888779583328805,1825.552167083193,1825.552167083193,0.10517365839332396
525.0,0.0,0.0,189.0,0.0,1125.0,613.0,3,33.79811352,0.36,0.36,0.0,0.0,2.434173669467787,0.5448888888888889,525.0,0.0,0.0,714.0,1.3862943611198906,727.8045395879426,727.8045395879426,0.25968510736001343
525.0,0.0,0.0,189.0,0.0,1125.0,613.0,7,42.42345828,0.36,0.36,0.0,0.0,2.434173669467787,0.5448888888888889,525.0,0.0,0.0,714.0,2.0794415416798357,1091.7068093819137,1091.7068093819137,0.1731234049066756
525.0,0.0,0.0,189.0,0.0,1125.0,613.0,14,48.4012152,0.36,0.36,0.0,0.0,2.434173669467787,0.5448888888888889,525.0,0.0,0.0,714.0,2.70805020110221,1421.7263555786603,1421.7263555786603,0.13293697430478782
525.0,0.0,0.0,189.0,0.0,1125.0,613.0,28,55.94408264,0.36,0.36,0.0,0.0,2.434173669467787,0.5448888888888889,525.0,0.0,0.0,714.0,3.367295829986474,1767.830310742899,1767.830310742899,0.10691071357441323
525.0,0.0,0.0,189.0,0.0,1125.0,613.0,90,58.78472376,0.36,0.36,0.0,0.0,2.434173669467787,0.5448888888888889,525.0,0.0,0.0,714.0,4.51085950651685,2368.201240921346,2368.201240921346,0.07980740687665114
525.0,0.0,0.0,189.0,0.0,1125.0,613.0,270,67.11359384,0.36,0.36,0.0,0.0,2.434173669467787,0.5448888888888889,525.0,0.0,0.0,714.0,5.602118820879701,2941.112380961843,2941.112380961843,0.06426140028630617
322.0,0.0,0.0,203.0,0.0,974.0,800.0,14,20.77391188,0.6304347826086957,0.6304347826086957,0.0,0.0,3.379047619047619,0.8213552361396304,322.0,0.0,0.0,525.0,2.70805020110221,871.9921647549116,871.9921647549116,0.23280025693471298
322.0,0.0,0.0,203.0,0.0,974.0,800.0,28,25.17966352,0.6304347826086957,0.6304347826086957,0.0,0.0,3.379047619047619,0.8213552361396304,322.0,0.0,0.0,525.0,3.367295829986474,1084.2692572556446,1084.2692572556446,0.18722286797451593
322.0,0.0,0.0,203.0,0.0,974.0,800.0,180,29.58541516,0.6304347826086957,0.6304347826086957,0.0,0.0,3.379047619047619,0.8213552361396304,322.0,0.0,0.0,525.0,5.198497031265826,1673.916044067596,1673.916044067596,0.12127250988449363
302.0,0.0,0.0,203.0,0.0,974.0,817.0,28,21.7529678,0.6721854304635762,0.6721854304635762,0.0,0.0,3.5465346534653466,0.8388090349075975,302.0,0.0,0.0,505.0,3.367295829986474,1016.9233406559152,1016.9233406559152,0.1996217334032918
397.0,0.0,0.0,185.0,0.0,1040.0,734.0,28,39.0932892,0.4659949622166247,0.4659949622166247,0.0,0.0,3.0481099656357387,0.7057692307692308,397.0,0.0,0.0,582.0,3.367295829986474,1336.8164445046302,1336.8164445046302,0.13838848314628077
480.0,0.0,0.0,192.0,0.0,936.0,721.0,3,24.39366088,0.4,0.4,0.0,0.0,2.4657738095238093,0.7702991452991453,480.0,0.0,0.0,672.0,1.3862943611198906,665.4212933375475,665.4212933375475,0.2885390081777927
522.0,0.0,0.0,146.0,0.0,896.0,896.0,7,50.51101176,0.2796934865900383,0.2796934865900383,0.0,0.0,2.682634730538922,1.0,522.0,0.0,0.0,668.0,2.0794415416798357,1085.4684847568742,1085.4684847568742,0.13450413535746403
522.0,0.0,0.0,146.0,0.0,896.0,896.0,28,74.98740976,0.2796934865900383,0.2796934865900383,0.0,0.0,2.682634730538922,1.0,522.0,0.0,0.0,668.0,3.367295829986474,1757.7284232529396,1757.7284232529396,0.08306175064849047
273.0,105.0,82.0,210.0,9.0,904.0,680.0,28,37.16965116,0.7692307692307693,0.45652173913043476,0.22826086956521738,0.1782608695652174,2.364179104477612,0.7522123893805309,460.0,0.40652173913043477,0.01956521739130435,679.0,3.367295829986474,919.2717615863074,1548.9560817937781,0.13557518025740808
162.0,190.0,148.0,179.0,19.0,838.0,741.0,28,33.75674496,1.1049382716049383,0.358,0.38,0.296,2.325478645066274,0.8842482100238663,500.0,0.676,0.038,698.0,3.367295829986474,545.5019244578089,1683.647914993237,0.10631676516566649
154.0,144.0,112.0,220.0,10.0,923.0,658.0,28,16.49916068,1.4285714285714286,0.5365853658536586,0.35121951219512193,0.2731707317073171,2.5095238095238095,0.7128927410617552,410.0,0.624390243902439,0.024390243902439025,640.0,3.367295829986474,518.5635578179171,1380.5912902944544,0.15935201210278396
147.0,115.0,89.0,202.0,9.0,860.0,829.0,28,19.98790924,1.3741496598639455,0.5754985754985755,0.32763532763532766,0.2535612535612536,3.054249547920434,0.963953488372093,351.0,0.5811965811965812,0.02564102564102564,562.0,3.367295829986474,494.9924870080117,1181.9208363252524,0.17090823157669732
152.0,178.0,139.0,168.0,18.0,944.0,695.0,28,36.34917472,1.105263157894737,0.3582089552238806,0.3795309168443497,0.29637526652452023,2.572998430141287,0.736228813559322,469.0,0.67590618336887,0.03837953091684435,655.0,3.367295829986474,511.8289661579441,1579.2617442636563,0.10637881947702808
310.0,143.0,111.0,168.0,22.0,914.0,651.0,28,33.68779736,0.5419354838709678,0.2978723404255319,0.25354609929078015,0.19680851063829788,2.137978142076503,0.712253829321663,564.0,0.450354609929078,0.03900709219858156,754.0,3.367295829986474,1043.861707295807,1899.1548481123714,0.08846040130270598
144.0,0.0,175.0,158.0,18.0,943.0,844.0,28,15.41668336,1.0972222222222223,0.4952978056426332,0.0,0.54858934169279,3.7463312368972748,0.8950159066808059,319.0,0.54858934169279,0.05642633228840126,495.0,3.367295829986474,484.8905995180523,1074.1673697656852,0.14709067175859708
304.0,140.0,0.0,214.0,6.0,895.0,722.0,28,33.41890172,0.7039473684210527,0.481981981981982,0.3153153153153153,0.0,2.4574468085106385,0.8067039106145252,444.0,0.3153153153153153,0.013513513513513514,664.0,3.367295829986474,1023.6579323158882,1495.0793485139945,0.1431362156213991
374.0,0.0,0.0,190.0,7.0,1013.0,730.0,28,39.05192064,0.5080213903743316,0.5080213903743316,0.0,0.0,3.0904255319148937,0.7206317867719645,374.0,0.0,0.01871657754010695,571.0,3.367295829986474,1259.3686404149414,1259.3686404149414,0.15086924821107037
159.0,149.0,116.0,175.0,15.0,953.0,720.0,28,27.67556664,1.10062893081761,0.41273584905660377,0.35141509433962265,0.27358490566037735,2.7929883138564273,0.7555089192025184,424.0,0.625,0.03537735849056604,614.0,3.367295829986474,535.4000369678494,1427.733431914265,0.12257190038995228
153.0,239.0,0.0,200.0,6.0,1002.0,684.0,28,26.8550902,1.3071895424836601,0.5102040816326531,0.6096938775510204,0.0,2.847972972972973,0.6826347305389222,392.0,0.6096938775510204,0.015306122448979591,598.0,3.367295829986474,515.1962619879306,1319.979965354698,0.1515174512109031
310.0,143.0,0.0,168.0,10.0,914.0,804.0,28,45.2985732,0.5419354838709678,0.3708609271523179,0.31567328918322296,0.0,2.7665056360708533,0.8796498905908097,453.0,0.31567328918322296,0.02207505518763797,631.0,3.367295829986474,1043.861707295807,1525.3850109838727,0.11013612877422997
305.0,0.0,100.0,196.0,10.0,959.0,705.0,28,30.12320644,0.6426229508196721,0.4839506172839506,0.0,0.24691358024691357,2.7687188019966724,0.735140771637122,405.0,0.24691358024691357,0.024691358024691357,611.0,3.367295829986474,1027.0252281458745,1363.7548111445221,0.14372084952390254
151.0,0.0,184.0,167.0,12.0,991.0,772.0,28,15.56836808,1.1059602649006623,0.49850746268656715,0.0,0.5492537313432836,3.5119521912350598,0.7790110998990918,335.0,0.5492537313432836,0.03582089552238806,514.0,3.367295829986474,508.4616703279576,1128.0441030454688,0.14804385710553075
142.0,167.0,130.0,174.0,11.0,883.0,785.0,28,44.6090972,1.2253521126760563,0.39635535307517084,0.3804100227790433,0.296127562642369,2.721044045676998,0.8890147225368064,439.0,0.6765375854214123,0.025056947608200455,624.0,3.367295829986474,478.1560078580793,1478.2428693640622,0.11770731562862503
298.0,137.0,107.0,201.0,6.0,878.0,655.0,28,53.52402188,0.674496644295302,0.37084870848708484,0.25276752767527677,0.1974169741697417,2.063257065948856,0.7460136674259681,542.0,0.45018450184501846,0.01107011070110701,749.0,3.367295829986474,1003.4541573359693,1825.074339852669,0.11013250014584387
321.0,164.0,0.0,190.0,5.0,870.0,774.0,28,57.21271848,0.5919003115264797,0.3917525773195876,0.33814432989690724,0.0,2.4355555555555557,0.8896551724137931,485.0,0.33814432989690724,0.010309278350515464,680.0,3.367295829986474,1080.901961425658,1633.1384775434399,0.11634040996070168
366.0,187.0,0.0,191.0,7.0,824.0,757.0,28,65.90701084,0.5218579234972678,0.3453887884267631,0.33815551537070526,0.0,2.125,0.9186893203883495,553.0,0.33815551537070526,0.012658227848101266,751.0,3.367295829986474,1232.4302737750495,1862.11459398252,0.10257156064252024
280.0,129.0,100.0,172.0,9.0,825.0,805.0,28,52.82075636,0.6142857142857143,0.3379174852652259,0.25343811394891946,0.19646365422396855,2.393538913362702,0.9757575757575757,509.0,0.449901768172888,0.01768172888015717,690.0,3.367295829986474,942.8428323962128,1713.9535774631154,0.10035277633049047
252.0,97.0,76.0,194.0,8.0,835.0,821.0,28,33.39821744,0.7698412698412699,0.45647058823529413,0.22823529411764706,0.17882352941176471,2.6752827140549273,0.9832335329341317,425.0,0.40705882352941175,0.018823529411764704,627.0,3.367295829986474,848.5585491565915,1431.1007277442516,0.1355599897610207
165.0,0.0,150.0,182.0,12.0,1023.0,729.0,28,18.0297974,1.103030303030303,0.5777777777777777,0.0,0.47619047619047616,3.5251509054325956,0.7126099706744868,315.0,0.47619047619047616,0.0380952380952381,509.0,3.367295829986474,555.6038119477682,1060.6981864457393,0.17158509586016937
156.0,243.0,0.0,180.0,11.0,1022.0,698.0,28,37.36270444,1.1538461538461537,0.45112781954887216,0.6090225563909775,0.0,2.970639032815199,0.6829745596868885,399.0,0.6090225563909775,0.02756892230576441,590.0,3.367295829986474,525.29814947789,1343.5510361646031,0.13397332528121958
160.0,188.0,146.0,203.0,11.0,829.0,710.0,28,32.83974188,1.26875,0.4109311740890688,0.3805668016194332,0.29554655870445345,2.2080344332855093,0.856453558504222,494.0,0.6761133603238867,0.022267206477732792,708.0,3.367295829986474,538.7673327978358,1663.4441400133182,0.12203595847731605
298.0,0.0,107.0,186.0,6.0,879.0,815.0,28,42.63719584,0.6241610738255033,0.45925925925925926,0.0,0.2641975308641975,2.8663282571912014,0.9271899886234357,405.0,0.2641975308641975,0.014814814814814815,597.0,3.367295829986474,1003.4541573359693,1363.7548111445221,0.13638815311962182
318.0,0.0,126.0,210.0,6.0,861.0,737.0,28,40.0585556,0.660377358490566,0.47297297297297297,0.0,0.28378378378378377,2.4434250764525993,0.8559814169570267,444.0,0.28378378378378377,0.013513513513513514,660.0,3.367295829986474,1070.8000739356987,1495.0793485139945,0.14046077233875612
287.0,121.0,94.0,188.0,9.0,904.0,696.0,28,41.94082508,0.6550522648083623,0.3745019920318725,0.2410358565737052,0.18725099601593626,2.318840579710145,0.7699115044247787,502.0,0.42828685258964144,0.017928286852589643,699.0,3.367295829986474,966.4139032061181,1690.38250665321,0.11121743111990752
326.0,166.0,0.0,174.0,9.0,882.0,790.0,28,61.23236356,0.5337423312883436,0.35365853658536583,0.33739837398373984,0.0,2.5105105105105103,0.8956916099773242,492.0,0.33739837398373984,0.018292682926829267,675.0,3.367295829986474,1097.7384405755906,1656.7095483533453,0.10502746252228941
356.0,0.0,142.0,193.0,11.0,801.0,778.0,28,40.86524252,0.5421348314606742,0.38755020080321284,0.0,0.285140562248996,2.285094066570188,0.9712858926342073,498.0,0.285140562248996,0.02208835341365462,702.0,3.367295829986474,1198.757315475185,1676.913323333264,0.11509241253827394
132.0,207.0,161.0,179.0,5.0,867.0,736.0,28,33.3016908,1.356060606060606,0.358,0.414,0.322,2.3608247422680413,0.8489042675893888,500.0,0.736,0.01,684.0,3.367295829986474,444.4830495582146,1683.647914993237,0.10631676516566649
322.0,149.0,0.0,186.0,8.0,951.0,709.0,28,52.42086028,0.577639751552795,0.39490445859872614,0.31634819532908703,0.0,2.5266362252663623,0.7455310199789695,471.0,0.31634819532908703,0.016985138004246284,665.0,3.367295829986474,1084.2692572556446,1585.9963359236294,0.11727643739585315
164.0,0.0,200.0,181.0,13.0,849.0,846.0,28,15.08573488,1.103658536585366,0.49725274725274726,0.0,0.5494505494505495,3.110091743119266,0.9964664310954063,364.0,0.5494505494505495,0.03571428571428571,558.0,3.367295829986474,552.2365161177818,1225.6956821150766,0.1476712389878571
314.0,0.0,113.0,170.0,10.0,925.0,783.0,28,38.45897128,0.5414012738853503,0.3981264637002342,0.0,0.2646370023419204,2.8609715242881073,0.8464864864864865,427.0,0.2646370023419204,0.0234192037470726,607.0,3.367295829986474,1057.3308906157529,1437.8353194042245,0.11823328979736045
321.0,0.0,128.0,182.0,11.0,870.0,780.0,28,37.25928304,0.5669781931464174,0.4053452115812918,0.0,0.28507795100222716,2.6148969889064975,0.896551724137931,449.0,0.28507795100222716,0.024498886414253896,642.0,3.367295829986474,1080.901961425658,1511.9158276639268,0.12037707170590949
140.0,164.0,128.0,237.0,6.0,869.0,656.0,28,35.22532884,1.6928571428571428,0.5486111111111112,0.37962962962962965,0.2962962962962963,2.279521674140508,0.7548906789413119,432.0,0.6759259259259259,0.013888888888888888,675.0,3.367295829986474,471.4214161981064,1454.6717985541568,0.16292334823261276
288.0,121.0,0.0,177.0,7.0,908.0,829.0,28,42.13387836,0.6145833333333334,0.43276283618581907,0.29584352078239606,0.0,2.964163822525597,0.9129955947136564,409.0,0.29584352078239606,0.017114914425427872,593.0,3.367295829986474,969.7811990361046,1377.223994464468,0.1285193989586467
298.0,0.0,107.0,210.0,11.0,880.0,744.0,28,31.87447548,0.7046979865771812,0.5185185185185185,0.0,0.2641975308641975,2.640650406504065,0.8454545454545455,405.0,0.2641975308641975,0.027160493827160494,626.0,3.367295829986474,1003.4541573359693,1363.7548111445221,0.15398662448989558
265.0,111.0,86.0,195.0,6.0,833.0,790.0,28,41.540929,0.7358490566037735,0.42207792207792205,0.24025974025974026,0.18614718614718614,2.470319634703196,0.9483793517406963,462.0,0.4264069264069264,0.012987012987012988,663.0,3.367295829986474,892.3333949464156,1555.690673453751,0.1253462550926562
160.0,250.0,0.0,168.0,12.0,1049.0,688.0,28,39.45181672,1.05,0.4097560975609756,0.6097560975609756,0.0,3.0051903114186853,0.655862726406101,410.0,0.6097560975609756,0.02926829268292683,590.0,3.367295829986474,538.7673327978358,1380.5912902944544,0.12168699106030774
166.0,260.0,0.0,183.0,13.0,859.0,827.0,28,37.91428524,1.1024096385542168,0.4295774647887324,0.6103286384976526,0.0,2.768472906403941,0.9627473806752037,426.0,0.6103286384976526,0.03051643192488263,622.0,3.367295829986474,558.9711077777547,1434.468023574238,0.1275734258223632
276.0,116.0,90.0,180.0,9.0,870.0,768.0,28,44.27814872,0.6521739130434783,0.37344398340248963,0.24066390041493776,0.18672199170124482,2.474320241691843,0.8827586206896552,482.0,0.42738589211618255,0.01867219917012448,671.0,3.367295829986474,929.3736490762668,1623.0365900534805,0.11090322984897638
322.0,0.0,116.0,196.0,10.0,818.0,813.0,28,31.17810472,0.6086956521739131,0.4474885844748858,0.0,0.2648401826484018,2.5725552050473186,0.9938875305623472,438.0,0.2648401826484018,0.0228310502283105,644.0,3.367295829986474,1084.2692572556446,1474.8755735340758,0.13289256634059482
149.0,139.0,109.0,193.0,6.0,892.0,780.0,28,23.69039536,1.2953020134228188,0.48614609571788414,0.3501259445843829,0.27455919395465994,2.833898305084746,0.874439461883408,397.0,0.6246851385390428,0.015113350125944584,596.0,3.367295829986474,501.72707866798464,1336.8164445046302,0.14437284998503885
159.0,187.0,0.0,176.0,11.0,990.0,789.0,28,32.76389952,1.1069182389937107,0.5086705202312138,0.5404624277456648,0.0,3.4080459770114944,0.796969696969697,346.0,0.5404624277456648,0.031791907514450865,533.0,3.367295829986474,535.4000369678494,1165.08435717532,0.15106202303385297
261.0,100.0,78.0,201.0,9.0,864.0,761.0,28,32.39847724,0.7701149425287356,0.45785876993166286,0.22779043280182232,0.1776765375854214,2.5390625,0.8807870370370371,439.0,0.4054669703872437,0.02050113895216401,649.0,3.367295829986474,878.8642116264698,1478.2428693640622,0.13597224391582546
237.0,92.0,71.0,247.0,6.0,853.0,695.0,28,28.62704352,1.0421940928270041,0.6175,0.23,0.1775,2.39258114374034,0.8147713950762017,400.0,0.4075,0.015,653.0,3.367295829986474,798.0491117067944,1346.9183319945896,0.18338157120055604
313.0,0.0,113.0,178.0,8.0,1002.0,689.0,28,36.80422888,0.5686900958466453,0.41784037558685444,0.0,0.2652582159624413,2.7996688741721854,0.687624750499002,426.0,0.2652582159624413,0.018779342723004695,612.0,3.367295829986474,1053.9635947857664,1434.468023574238,0.12408781309497623
155.0,183.0,0.0,193.0,9.0,1047.0,697.0,28,18.28490352,1.2451612903225806,0.5710059171597633,0.5414201183431953,0.0,3.2843691148775895,0.6657115568290354,338.0,0.5414201183431953,0.026627218934911243,540.0,3.367295829986474,521.9308536479035,1138.1459905354282,0.16957402794100718
146.0,230.0,0.0,202.0,3.0,827.0,872.0,28,33.0603742,1.3835616438356164,0.5372340425531915,0.6117021276595744,0.0,2.9394463667820068,1.0544135429262393,376.0,0.6117021276595744,0.007978723404255319,581.0,3.367295829986474,491.6251911780252,1266.1032320749143,0.1595446523495233
296.0,0.0,107.0,221.0,11.0,819.0,778.0,28,31.41942132,0.7466216216216216,0.5483870967741935,0.0,0.2655086848635236,2.559294871794872,0.9499389499389499,403.0,0.2655086848635236,0.02729528535980149,635.0,3.367295829986474,996.7195656759964,1357.020219484549,0.16285682175313843
133.0,210.0,0.0,196.0,3.0,949.0,795.0,28,31.02642,1.4736842105263157,0.5714285714285714,0.6122448979591837,0.0,3.235621521335807,0.8377239199157007,343.0,0.6122448979591837,0.008746355685131196,542.0,3.367295829986474,447.85034538820105,1154.9824696853607,0.16969954535621146
313.0,145.0,0.0,178.0,8.0,867.0,824.0,28,44.38846488,0.5686900958466453,0.388646288209607,0.3165938864628821,0.0,2.658805031446541,0.9504036908881199,458.0,0.3165938864628821,0.017467248908296942,644.0,3.367295829986474,1053.9635947857664,1542.2214901338052,0.11541792222371153
152.0,0.0,112.0,184.0,8.0,992.0,816.0,28,12.17614616,1.2105263157894737,0.696969696969697,0.0,0.42424242424242425,4.035714285714286,0.8225806451612904,264.0,0.42424242424242425,0.030303030303030304,456.0,3.367295829986474,511.8289661579441,888.9660991164292,0.20698202122992462
153.0,145.0,113.0,178.0,8.0,1002.0,689.0,28,25.55887532,1.1633986928104576,0.43309002433090027,0.35279805352798055,0.2749391727493917,2.870967741935484,0.687624750499002,411.0,0.6277372262773723,0.019464720194647202,597.0,3.367295829986474,515.1962619879306,1383.958586124441,0.1286165653977126
140.0,133.0,103.0,200.0,7.0,916.0,753.0,28,36.4388066,1.4285714285714286,0.5319148936170213,0.3537234042553192,0.27393617021276595,2.8975694444444446,0.8220524017467249,376.0,0.6276595744680851,0.018617021276595744,583.0,3.367295829986474,471.4214161981064,1266.1032320749143,0.15796500232626068
149.0,236.0,0.0,176.0,13.0,847.0,893.0,28,32.9569528,1.1812080536912752,0.45714285714285713,0.612987012987013,0.0,3.1016042780748663,1.0543093270365997,385.0,0.612987012987013,0.033766233766233764,574.0,3.367295829986474,501.72707866798464,1296.4088945447925,0.13575963628496918
300.0,0.0,120.0,212.0,10.0,878.0,728.0,28,23.83518532,0.7066666666666667,0.5047619047619047,0.0,0.2857142857142857,2.5411392405063293,0.8291571753986332,420.0,0.2857142857142857,0.023809523809523808,642.0,3.367295829986474,1010.1887489959422,1414.264248594319,0.14990126506465346
153.0,145.0,113.0,178.0,8.0,867.0,824.0,28,26.22766704,1.1633986928104576,0.43309002433090027,0.35279805352798055,0.2749391727493917,2.870967741935484,0.9504036908881199,411.0,0.6277372262773723,0.019464720194647202,597.0,3.367295829986474,515.1962619879306,1383.958586124441,0.1286165653977126
148.0,0.0,137.0,158.0,16.0,1002.0,830.0,28,17.95395504,1.0675675675675675,0.5543859649122806,0.0,0.4807017543859649,4.135440180586907,0.8283433133732535,285.0,0.4807017543859649,0.056140350877192984,459.0,3.367295829986474,498.3597828379982,959.6793115461452,0.1646383308455876
326.0,0.0,138.0,199.0,11.0,801.0,792.0,28,40.679084,0.6104294478527608,0.42887931034482757,0.0,0.2974137931034483,2.4027149321266967,0.9887640449438202,464.0,0.2974137931034483,0.023706896551724137,674.0,3.367295829986474,1097.7384405755906,1562.425265113724,0.12736609196185483
153.0,145.0,0.0,178.0,8.0,1000.0,822.0,28,19.00885332,1.1633986928104576,0.5973154362416108,0.4865771812080537,0.0,3.827731092436975,0.822,298.0,0.4865771812080537,0.026845637583892617,484.0,3.367295829986474,515.1962619879306,1003.4541573359693,0.17738727643778482
262.0,111.0,86.0,195.0,5.0,895.0,733.0,28,33.7153764,0.7442748091603053,0.42483660130718953,0.24183006535947713,0.18736383442265794,2.489296636085627,0.8189944134078212,459.0,0.42919389978213507,0.010893246187363835,659.0,3.367295829986474,882.2315074564563,1545.5887859637917,0.12616551166188925
158.0,0.0,195.0,220.0,11.0,898.0,713.0,28,8.53571288,1.3924050632911393,0.623229461756374,0.0,0.5524079320113314,2.81151832460733,0.7939866369710468,353.0,0.5524079320113314,0.031161473087818695,584.0,3.367295829986474,532.0327411378629,1188.6554279852253,0.18508307354714282
151.0,0.0,185.0,167.0,16.0,1074.0,678.0,28,13.45857152,1.1059602649006623,0.49702380952380953,0.0,0.5505952380952381,3.4831013916500995,0.6312849162011173,336.0,0.5505952380952381,0.047619047619047616,519.0,3.367295829986474,508.4616703279576,1131.4113988754552,0.14760325038795477
273.0,0.0,90.0,199.0,11.0,931.0,762.0,28,32.23989776,0.7289377289377289,0.5482093663911846,0.0,0.24793388429752067,3.012455516014235,0.8184747583243824,363.0,0.24793388429752067,0.030303030303030304,573.0,3.367295829986474,919.2717615863074,1222.3283862850901,0.16280404041405136
149.0,118.0,92.0,183.0,7.0,953.0,780.0,28,23.51802636,1.2281879194630871,0.5097493036211699,0.3286908077994429,0.2562674094707521,3.197416974169742,0.8184679958027282,359.0,0.584958217270195,0.019498607242339833,549.0,3.367295829986474,501.72707866798464,1208.8592029651443,0.15138239387277638
143.0,169.0,143.0,191.0,8.0,967.0,643.0,28,29.72331036,1.3356643356643356,0.4197802197802198,0.37142857142857144,0.3142857142857143,2.4922600619195046,0.6649431230610134,455.0,0.6857142857142857,0.017582417582417582,654.0,3.367295829986474,481.5233036880658,1532.1196026438458,0.1246638967809092
260.0,101.0,78.0,171.0,10.0,936.0,763.0,28,49.77327244,0.6576923076923077,0.3895216400911162,0.23006833712984054,0.1776765375854214,2.7852459016393443,0.8151709401709402,439.0,0.40774487471526194,0.022779043280182234,620.0,3.367295829986474,875.4969157964832,1478.2428693640622,0.11567787915226944
313.0,161.0,0.0,178.0,10.0,917.0,759.0,28,52.44154456,0.5686900958466453,0.3755274261603376,0.339662447257384,0.0,2.5705521472392636,0.8276990185387132,474.0,0.339662447257384,0.02109704641350211,662.0,3.367295829986474,1053.9635947857664,1596.0982234135888,0.11152195860434573
284.0,120.0,0.0,168.0,7.0,970.0,794.0,28,40.93419012,0.5915492957746479,0.4158415841584158,0.297029702970297,0.0,3.0839160839160837,0.8185567010309278,404.0,0.297029702970297,0.017326732673267328,579.0,3.367295829986474,956.3120157161586,1360.3875153145354,0.12349422360080735
336.0,0.0,0.0,182.0,3.0,986.0,817.0,28,44.86420332,0.5416666666666666,0.5416666666666666,0.0,0.0,3.4806949806949805,0.8286004056795132,336.0,0.0,0.008928571428571428,521.0,3.367295829986474,1131.4113988754552,1131.4113988754552,0.16086102736890878
145.0,0.0,134.0,181.0,11.0,979.0,812.0,28,13.19657064,1.2482758620689656,0.6487455197132617,0.0,0.48028673835125446,3.893478260869565,0.8294177732379979,279.0,0.48028673835125446,0.03942652329749104,471.0,3.367295829986474,488.25789534803874,939.4755365662263,0.19266068455763435
150.0,237.0,0.0,174.0,12.0,1069.0,675.0,28,37.43165204,1.16,0.4496124031007752,0.6124031007751938,0.0,3.10873440285205,0.6314312441534145,387.0,0.6124031007751938,0.031007751937984496,573.0,3.367295829986474,505.0943744979711,1303.1434862047654,0.13352328568725166
144.0,170.0,133.0,192.0,8.0,814.0,805.0,28,29.86810032,1.3333333333333333,0.42953020134228187,0.38031319910514544,0.2975391498881432,2.5336463223787167,0.9889434889434889,447.0,0.6778523489932886,0.017897091722595078,647.0,3.367295829986474,484.8905995180523,1505.181236003954,0.1275593897979576
331.0,170.0,0.0,195.0,8.0,811.0,802.0,28,56.61287436,0.5891238670694864,0.38922155688622756,0.3393213572854291,0.0,2.317528735632184,0.9889025893958077,501.0,0.3393213572854291,0.015968063872255488,704.0,3.367295829986474,1114.574919725523,1687.0152108232235,0.11558876218125183
155.0,0.0,143.0,193.0,9.0,1047.0,697.0,28,12.45883132,1.2451612903225806,0.6476510067114094,0.0,0.4798657718120805,3.5519348268839104,0.6657115568290354,298.0,0.4798657718120805,0.030201342281879196,500.0,3.367295829986474,521.9308536479035,1003.4541573359693,0.19233564242973297
155.0,183.0,0.0,193.0,9.0,877.0,868.0,28,23.786922,1.2451612903225806,0.5710059171597633,0.5414201183431953,0.0,3.286252354048964,0.9897377423033067,338.0,0.5414201183431953,0.026627218934911243,540.0,3.367295829986474,521.9308536479035,1138.1459905354282,0.16957402794100718
135.0,0.0,166.0,180.0,10.0,961.0,805.0,28,13.29309728,1.3333333333333333,0.5980066445182725,0.0,0.5514950166112956,3.6715176715176714,0.8376690946930281,301.0,0.5514950166112956,0.03322259136212625,491.0,3.367295829986474,454.584937048174,1013.5560448259287,0.17759254746580272
266.0,112.0,87.0,178.0,10.0,910.0,745.0,28,39.41734292,0.6691729323308271,0.3827956989247312,0.24086021505376345,0.1870967741935484,2.573872472783826,0.8186813186813187,465.0,0.42795698924731185,0.021505376344086023,653.0,3.367295829986474,895.7006907764021,1565.7925609437104,0.11368044812572016
314.0,145.0,113.0,179.0,8.0,869.0,690.0,28,46.2293658,0.5700636942675159,0.3129370629370629,0.2534965034965035,0.19755244755244755,2.0758988015978694,0.7940161104718066,572.0,0.45104895104895104,0.013986013986013986,759.0,3.367295829986474,1057.3308906157529,1926.0932147522633,0.0929342352846735
313.0,145.0,0.0,127.0,8.0,1000.0,822.0,28,44.51946532,0.4057507987220447,0.27729257641921395,0.3165938864628821,0.0,3.1145299145299146,0.822,458.0,0.3165938864628821,0.017467248908296942,593.0,3.367295829986474,1053.9635947857664,1542.2214901338052,0.08234874226073799
146.0,173.0,0.0,182.0,3.0,986.0,817.0,28,23.73865868,1.2465753424657535,0.5705329153605015,0.542319749216301,0.0,3.5988023952095807,0.8286004056795132,319.0,0.542319749216301,0.009404388714733543,504.0,3.367295829986474,491.6251911780252,1074.1673697656852,0.16943355860800424
144.0,136.0,106.0,178.0,7.0,941.0,774.0,28,26.14492992,1.2361111111111112,0.46113989637305697,0.35233160621761656,0.27461139896373055,3.0407801418439715,0.822529224229543,386.0,0.6269430051813472,0.018134715025906734,571.0,3.367295829986474,484.8905995180523,1299.776190374779,0.13694665383020693
148.0,0.0,182.0,181.0,15.0,839.0,884.0,28,15.52010476,1.222972972972973,0.5484848484848485,0.0,0.5515151515151515,3.371819960861057,1.0536352800953517,330.0,0.5515151515151515,0.045454545454545456,526.0,3.367295829986474,498.3597828379982,1111.2076238955365,0.1628858514896363
277.0,117.0,91.0,191.0,7.0,946.0,666.0,28,43.5748832,0.6895306859205776,0.3938144329896907,0.24123711340206186,0.18762886597938144,2.3846153846153846,0.7040169133192389,485.0,0.4288659793814433,0.01443298969072165,683.0,3.367295829986474,932.7409449062534,1633.1384775434399,0.11695272790786326
298.0,0.0,107.0,164.0,13.0,953.0,784.0,28,35.85964676,0.5503355704697986,0.4049382716049383,0.0,0.2641975308641975,3.0527240773286466,0.8226652675760755,405.0,0.2641975308641975,0.03209876543209877,582.0,3.367295829986474,1003.4541573359693,1363.7548111445221,0.12025622103020418
313.0,145.0,0.0,178.0,8.0,1002.0,689.0,28,41.05140104,0.5686900958466453,0.388646288209607,0.3165938864628821,0.0,2.658805031446541,0.687624750499002,458.0,0.3165938864628821,0.017467248908296942,644.0,3.367295829986474,1053.9635947857664,1542.2214901338052,0.11541792222371153
155.0,184.0,143.0,194.0,9.0,880.0,699.0,28,28.98557104,1.2516129032258065,0.4024896265560166,0.3817427385892116,0.2966804979253112,2.3357988165680474,0.7943181818181818,482.0,0.6784232365145229,0.01867219917012448,685.0,3.367295829986474,521.9308536479035,1623.0365900534805,0.11952903661500788
289.0,134.0,0.0,195.0,6.0,924.0,760.0,28,46.24315532,0.6747404844290658,0.46099290780141844,0.31678486997635935,0.0,2.7249190938511325,0.8225108225108225,423.0,0.31678486997635935,0.014184397163120567,624.0,3.367295829986474,973.148494866091,1424.3661360842787,0.1369030020160926
148.0,175.0,0.0,171.0,2.0,1000.0,828.0,28,26.91714304,1.1554054054054055,0.5294117647058824,0.541795665634675,0.0,3.700404858299595,0.828,323.0,0.541795665634675,0.006191950464396285,496.0,3.367295829986474,498.3597828379982,1087.6365530856312,0.15722163760943123
145.0,0.0,179.0,202.0,8.0,824.0,869.0,28,10.53519328,1.393103448275862,0.6234567901234568,0.0,0.5524691358024691,3.2186311787072244,1.0546116504854368,324.0,0.5524691358024691,0.024691358024691357,534.0,3.367295829986474,488.25789534803874,1091.0038489156177,0.18515058420808875
313.0,0.0,0.0,178.0,8.0,1000.0,822.0,28,25.0969264,0.5686900958466453,0.5686900958466453,0.0,0.0,3.7107942973523422,0.822,313.0,0.0,0.025559105431309903,499.0,3.367295829986474,1053.9635947857664,1053.9635947857664,0.16888628874907308
136.0,162.0,126.0,172.0,10.0,923.0,764.0,28,29.06830816,1.2647058823529411,0.4056603773584906,0.38207547169811323,0.2971698113207547,2.8305369127516777,0.8277356446370531,424.0,0.6792452830188679,0.02358490566037736,606.0,3.367295829986474,457.9522328781605,1427.733431914265,0.12047066781183881
155.0,0.0,143.0,193.0,9.0,877.0,868.0,28,9.73540112,1.2451612903225806,0.6476510067114094,0.0,0.4798657718120805,3.5539714867617107,0.9897377423033067,298.0,0.4798657718120805,0.030201342281879196,500.0,3.367295829986474,521.9308536479035,1003.4541573359693,0.19233564242973297
255.0,99.0,77.0,189.0,6.0,919.0,749.0,28,33.79811352,0.7411764705882353,0.4385150812064965,0.2296983758700696,0.17865429234338748,2.6903225806451614,0.8150163220892275,431.0,0.40835266821345706,0.013921113689095127,626.0,3.367295829986474,858.6604366465509,1451.3045027241703,0.13022766734702307
162.0,207.0,172.0,216.0,10.0,822.0,638.0,28,39.84481804,1.3333333333333333,0.39926062846580407,0.3826247689463956,0.3179297597042514,1.928665785997358,0.7761557177615572,541.0,0.7005545286506469,0.018484288354898338,767.0,3.367295829986474,545.5019244578089,1821.7070440226826,0.11857010747624387
136.0,196.0,98.0,199.0,6.0,847.0,783.0,28,26.96540636,1.463235294117647,0.4627906976744186,0.4558139534883721,0.22790697674418606,2.5914149443561207,0.9244391971664699,430.0,0.6837209302325581,0.013953488372093023,635.0,3.367295829986474,457.9522328781605,1447.9372068941839,0.1374368992332573
164.0,163.0,128.0,197.0,8.0,961.0,641.0,28,27.234302,1.201219512195122,0.432967032967033,0.35824175824175825,0.2813186813186813,2.457055214723926,0.6670135275754423,455.0,0.6395604395604395,0.017582417582417582,660.0,3.367295829986474,552.2365161177818,1532.1196026438458,0.12858004013528332
162.0,214.0,164.0,202.0,10.0,820.0,680.0,28,30.6472082,1.2469135802469136,0.37407407407407406,0.3962962962962963,0.3037037037037037,2.0215633423180592,0.8292682926829268,540.0,0.7,0.018518518518518517,752.0,3.367295829986474,545.5019244578089,1818.339748192696,0.11109035052485325
157.0,214.0,152.0,200.0,9.0,819.0,704.0,28,33.05347944,1.2738853503184713,0.3824091778202677,0.4091778202676864,0.29063097514340347,2.1065006915629323,0.8595848595848596,523.0,0.6998087954110899,0.017208413001912046,732.0,3.367295829986474,528.6654453078764,1761.095719082926,0.1135656613282486
149.0,153.0,194.0,192.0,8.0,935.0,623.0,28,24.5798194,1.2885906040268456,0.3870967741935484,0.3084677419354839,0.3911290322580645,2.26453488372093,0.6663101604278074,496.0,0.6995967741935484,0.016129032258064516,696.0,3.367295829986474,501.72707866798464,1670.1787316732912,0.11495775653162713
135.0,105.0,193.0,196.0,6.0,965.0,643.0,28,21.91154728,1.451851851851852,0.45265588914549654,0.24249422632794457,0.4457274826789838,2.5564387917329094,0.666321243523316,433.0,0.6882217090069284,0.013856812933025405,635.0,3.367295829986474,454.584937048174,1458.0390943841433,0.13442712253390424
159.0,209.0,161.0,201.0,7.0,848.0,669.0,28,30.88163004,1.2641509433962264,0.3799621928166352,0.3950850661625709,0.30434782608695654,2.078082191780822,0.7889150943396226,529.0,0.6994328922495274,0.013232514177693762,737.0,3.367295829986474,535.4000369678494,1781.2994940628448,0.11283896990368127
144.0,15.0,195.0,176.0,6.0,1021.0,709.0,28,15.340841,1.2222222222222223,0.4971751412429379,0.0423728813559322,0.5508474576271186,3.2641509433962264,0.6944172380019589,354.0,0.5932203389830508,0.01694915254237288,536.0,3.367295829986474,484.8905995180523,1192.0227238152117,0.14764819200483936
154.0,174.0,185.0,228.0,7.0,845.0,612.0,28,24.3385028,1.4805194805194806,0.4444444444444444,0.3391812865497076,0.36062378167641324,1.9662618083670715,0.7242603550295857,513.0,0.6998050682261209,0.01364522417153996,748.0,3.367295829986474,518.5635578179171,1727.4227607830612,0.13198853527705337
167.0,187.0,195.0,185.0,7.0,898.0,636.0,28,23.8903434,1.1077844311377245,0.33697632058287796,0.3406193078324226,0.3551912568306011,2.0899182561307903,0.7082405345211581,549.0,0.6958105646630237,0.012750455373406194,741.0,3.367295829986474,562.3384036077412,1848.6454106625742,0.10007327469776588
184.0,86.0,190.0,213.0,6.0,923.0,623.0,28,22.93197176,1.1576086956521738,0.46304347826086956,0.18695652173913044,0.41304347826086957,2.2971768202080236,0.6749729144095341,460.0,0.6,0.013043478260869565,679.0,3.367295829986474,619.5824327175112,1548.9560817937781,0.13751196854679962
156.0,178.0,187.0,221.0,7.0,854.0,614.0,28,29.41304616,1.4166666666666667,0.42418426103646834,0.3416506717850288,0.35892514395393477,1.9784366576819408,0.7189695550351288,521.0,0.7005758157389635,0.013435700575815739,749.0,3.367295829986474,525.29814947789,1754.3611274229531,0.1259717834290111
236.9,91.7,71.5,246.9,6.0,852.9,695.4,28,28.629801424,1.0422119037568593,0.6170957260684828,0.22919270182454385,0.17870532366908273,2.393044822256569,0.8153359127682026,400.1,0.4078980254936265,0.014996250937265683,653.0,3.367295829986474,797.7123821237957,1347.2550615775883,0.1832615122713948
313.3,0.0,113.0,178.5,8.0,1001.9,688.7,28,36.804918356,0.5697414618576444,0.4187192118226601,0.0,0.2650715458597232,2.795304232804233,0.687393951492165,426.3,0.2650715458597232,0.018766127140511377,612.8,3.367295829986474,1054.9737835347623,1435.478212323234,0.1243488047868791
154.8,183.4,0.0,193.3,9.1,1047.4,696.7,28,18.287661424,1.2487080103359174,0.5715552927261974,0.5422826729745712,0.0,3.2814675446848542,0.6651708993698683,338.20000000000005,0.5422826729745712,0.026907155529272614,540.6,3.367295829986474,521.2573944819062,1138.8194497014258,0.16973717831275112
145.9,230.5,0.0,202.5,3.4,827.0,871.8,28,32.720462532,1.3879369431117203,0.5379914984059512,0.6123804463336876,0.0,2.9345310070823976,1.0541717049576782,376.4,0.6123804463336876,0.009032943676939426,582.3,3.367295829986474,491.2884615950266,1267.4501504069087,0.15976959719874453
296.0,0.0,106.7,221.4,10.5,819.2,778.4,28,31.420110796,0.7479729729729729,0.5497889247578843,0.0,0.2649615098087907,2.5598461784970357,0.9501953124999999,402.7,0.2649615098087907,0.02607400049664763,634.6,3.367295829986474,996.7195656759964,1356.010030735553,0.16327312850326334
133.1,210.2,0.0,195.7,3.1,949.4,795.3,28,28.937997196,1.4703230653643877,0.5700553451791437,0.6122924555782115,0.0,3.236920222634508,0.8376869601853802,343.29999999999995,0.6122924555782115,0.009030002912904168,542.1,3.367295829986474,448.1870749711997,1155.9926584343564,0.16929173258336305
313.3,145.0,0.0,178.5,8.0,867.2,824.0,28,40.925226932,0.5697414618576444,0.3894828714815623,0.31638664630154917,0.0,2.655778894472362,0.9501845018450183,458.3,0.31638664630154917,0.017455814968361336,644.8,3.367295829986474,1054.9737835347623,1543.2316788828011,0.11566636587529251
151.6,0.0,111.9,184.4,7.9,992.0,815.9,28,12.180972492,1.216358839050132,0.6998102466793169,0.0,0.42466793168880457,4.036392051797277,0.8224798387096774,263.5,0.42466793168880457,0.02998102466793169,455.79999999999995,3.367295829986474,510.48204782594945,887.282451201436,0.207825591219922
153.1,145.0,113.0,178.5,8.0,1001.9,688.7,28,25.559564796,1.1659046374918354,0.43420092434930674,0.35271223546582336,0.2748722938457796,2.8673677069199455,0.687393951492165,411.1,0.627584529311603,0.019459985405010944,597.6,3.367295829986474,515.5329915709292,1384.2953157074396,0.12894647404681722
139.9,132.6,103.3,200.3,7.4,916.0,753.4,28,36.443632932,1.4317369549678343,0.5329962746141564,0.3528472591804151,0.27488025545502925,2.8977608054157264,0.8224890829694322,375.8,0.6277275146354443,0.019691325172964343,583.5,3.367295829986474,471.0846866151077,1265.4297729089171,0.15828614458750936
149.5,236.0,0.0,175.8,12.6,846.8,892.7,28,32.96384756,1.1759197324414716,0.4560311284046693,0.6121919584954605,0.0,3.0990557634063784,1.0542040623523856,385.5,0.6121919584954605,0.03268482490272374,573.9,3.367295829986474,503.4107265829779,1298.0925424597858,0.13542948152746684
299.8,0.0,119.8,211.5,9.9,878.2,727.6,28,23.835874796,0.7054703135423616,0.5040514775977121,0.0,0.28551000953288846,2.5444462050388212,0.8285128672284218,419.6,0.28551000953288846,0.023593898951382267,641.0,3.367295829986474,1009.515289829945,1412.9173302623246,0.1496902865228021
153.1,145.0,113.0,178.5,8.0,867.2,824.0,28,26.233182848,1.1659046374918354,0.43420092434930674,0.35271223546582336,0.2748722938457796,2.8683853459972863,0.9501845018450183,411.1,0.627584529311603,0.019459985405010944,597.6,3.367295829986474,515.5329915709292,1384.2953157074396,0.12894647404681722
148.1,0.0,136.6,158.1,16.1,1001.8,830.1,28,17.959470848,1.0675219446320054,0.5553213909378293,0.0,0.47980330172110996,4.137082204155376,0.8286085046915552,284.7,0.47980330172110996,0.05655075518089218,458.9,3.367295829986474,498.6965124209968,958.6691227971492,0.16491612824527505
326.5,0.0,137.9,199.0,10.8,801.1,792.5,28,38.630650804,0.6094946401225115,0.42850990525409133,0.0,0.29694229112833764,2.4021706361169732,0.9892647609536886,464.4,0.29694229112833764,0.023255813953488375,674.1999999999999,3.367295829986474,1099.4220884905837,1563.7721834457186,0.12725638817894197
152.7,144.7,0.0,178.1,8.0,999.7,822.2,28,19.009542796,1.16633922724296,0.5988567585743108,0.48655010087424344,0.0,3.831545741324921,0.8224467340202061,297.4,0.48655010087424344,0.026899798251513115,483.5,3.367295829986474,514.1860732389346,1001.4337798379773,0.1778450094112213
261.9,110.5,86.1,195.4,5.0,895.2,732.6,28,33.71882378,0.7460862924780451,0.4261723009814613,0.2410032715376227,0.18778625954198472,2.4893714635265334,0.8183646112600536,458.5,0.4287895310796074,0.010905125408942203,658.9,3.367295829986474,881.8947778734575,1543.9051380487983,0.12656218000993788
158.4,0.0,194.9,219.7,11.0,897.7,712.9,28,8.536402356,1.3869949494949494,0.6218511180300028,0.0,0.5516558165864704,2.8108202443280974,0.7941405814860197,353.3,0.5516558165864704,0.031135012737050664,584.0,3.367295829986474,533.3796594698575,1189.6656167342214,0.18467374101565073
150.7,0.0,185.3,166.7,15.6,1074.5,678.0,28,13.461329424,1.106171201061712,0.49613095238095234,0.0,0.5514880952380953,3.486174656852994,0.6309911586784551,336.0,0.5514880952380953,0.04642857142857143,518.3,3.367295829986474,507.4514815789616,1131.4113988754552,0.14733809484833568
272.6,0.0,89.6,198.7,10.6,931.3,762.2,28,32.245413568,0.7289068231841525,0.5485919381557149,0.0,0.24737713970182215,3.019254769121055,0.8184258563298615,362.20000000000005,0.24737713970182215,0.02926559911651021,571.5000000000001,3.367295829986474,917.9248432543129,1219.634549621101,0.1629176543594385
149.0,117.6,91.7,182.9,7.1,953.4,780.3,28,23.524231644,1.22751677852349,0.510466089868825,0.3282165782863522,0.25593078425900084,3.203436807095343,0.8184392699811202,358.3,0.584147362545353,0.019815796818308678,548.3000000000001,3.367295829986474,501.72707866798464,1206.5020958841537,0.15159526089837955
143.0,169.4,142.7,190.7,8.4,967.4,643.5,28,29.726068264,1.3335664335664335,0.41902878488244344,0.3722258844210064,0.3135574598989233,2.4944255187364512,0.6651850320446558,455.09999999999997,0.6857833443199298,0.01845748187211602,654.1999999999999,3.367295829986474,481.5233036880658,1532.4563322268443,0.12444074000000369
259.9,100.6,78.4,170.6,10.4,935.7,762.9,28,49.77327244,0.6564063101192766,0.38869902027796766,0.22920938710412395,0.17862838915470497,2.7868744872846594,0.815325424815646,438.9,0.4078377762588289,0.023695602642971065,619.9,3.367295829986474,875.1601862134845,1477.9061397810635,0.1154335822877579
312.9,160.5,0.0,177.6,9.6,916.6,759.5,28,52.446370892,0.5675934803451582,0.37515842839036756,0.3390367553865653,0.0,2.5746543778801843,0.8286057167794021,473.4,0.3390367553865653,0.020278833967046894,660.6,3.367295829986474,1053.6268652027677,1594.0778459155968,0.11141237578519333
284.0,119.7,0.0,168.3,7.2,970.4,794.2,28,40.934879596,0.592605633802817,0.4168937329700273,0.29650730740649,0.0,3.084965034965035,0.8184253915910965,403.7,0.29650730740649,0.017835026009412933,579.2,3.367295829986474,956.3120157161586,1359.3773265655395,0.12380668465701807
336.5,0.0,0.0,181.9,3.4,985.8,816.8,28,44.868340176,0.5405646359583952,0.5405646359583952,0.0,0.0,3.4772376543209877,0.8285656319740312,336.5,0.0,0.010104011887072809,521.8,3.367295829986474,1133.0950467904486,1133.0950467904486,0.16053375267612485
144.8,0.0,133.6,180.8,11.1,979.5,811.5,28,13.202086448,1.2486187845303867,0.6494252873563219,0.0,0.47988505747126436,3.900261324041812,0.8284839203675345,278.4,0.47988505747126436,0.03987068965517242,470.3,3.367295829986474,487.5844361820415,937.4551590682344,0.19286255801259092
150.0,236.8,0.0,173.8,11.9,1069.3,674.8,28,37.43165204,1.1586666666666667,0.4493278179937953,0.6122026887280249,0.0,3.111130931145201,0.6310670532123819,386.8,0.6122026887280249,0.03076525336091003,572.5,3.367295829986474,505.0943744979711,1302.4700270387682,0.1334387712515298
143.7,170.2,132.6,191.6,8.5,814.1,805.3,28,29.870858224,1.3333333333333335,0.42911534154535275,0.38118701007838746,0.296976483762598,2.537846732487071,0.989190517135487,446.5,0.6781634938409853,0.019036954087346025,646.6,3.367295829986474,483.8804107690563,1503.4975880889608,0.1274361871398381
330.5,169.6,0.0,194.9,8.1,811.0,802.3,28,56.619079644,0.5897125567322239,0.38972205558888223,0.3391321735652869,0.0,2.3212949640287768,0.989272503082614,500.1,0.3391321735652869,0.016196760647870425,703.1,3.367295829986474,1112.8912718105298,1683.9846445762357,0.1157373973852626
154.8,0.0,142.8,193.3,9.1,1047.4,696.7,28,12.459520796,1.2487080103359174,0.6495295698924731,0.0,0.4798387096774194,3.5528620900387042,0.6651708993698683,297.6,0.4798387096774194,0.03057795698924731,500.00000000000006,3.367295829986474,521.2573944819062,1002.1072390039748,0.19289352723579448
154.8,183.4,0.0,193.3,9.1,877.2,867.7,28,23.786922,1.2487080103359174,0.5715552927261974,0.5422826729745712,0.0,3.282972718720602,0.9891700866393068,338.20000000000005,0.5422826729745712,0.026907155529272614,540.6,3.367295829986474,521.2573944819062,1138.8194497014258,0.16973717831275112
134.7,0.0,165.7,180.2,10.0,961.0,804.9,28,13.293786756,1.3377876763177432,0.5998668442077231,0.0,0.5515978695073236,3.674365376612568,0.8375650364203954,300.4,0.5515978695073236,0.033288948069241014,490.59999999999997,3.367295829986474,453.57474829917805,1011.5356673279367,0.1781449787885529
266.2,112.3,87.5,177.9,10.4,909.7,744.5,28,39.421479776,0.6682945154019535,0.3817596566523605,0.2409871244635193,0.18776824034334763,2.5690324584562823,0.81840167088051,466.0,0.428755364806867,0.022317596566523604,654.3,3.367295829986474,896.3741499423994,1569.159856773697,0.1133727702961857
314.0,145.3,113.2,178.9,8.0,869.1,690.2,28,46.234192132,0.5697452229299363,0.31248908296943234,0.2537991266375546,0.1977292576419214,2.075192973116849,0.7941548728569785,572.5,0.451528384279476,0.013973799126637555,759.4,3.367295829986474,1057.3308906157529,1927.7768626672564,0.0928011967902112
312.7,144.7,0.0,127.3,8.0,999.7,822.2,28,44.523602176,0.4070994563479373,0.27831219938784435,0.31635330126803674,0.0,3.1159569009748593,0.8224467340202061,457.4,0.31635330126803674,0.017490161783996504,592.6999999999999,3.367295829986474,1052.9534060367705,1540.2011126358132,0.08265154398060781
145.7,172.6,0.0,181.9,3.4,985.8,816.8,28,23.744174488,1.2484557309540152,0.5714734527175621,0.5422557335846686,0.0,3.6037584966013596,0.8285656319740312,318.29999999999995,0.5422557335846686,0.010681746779767517,503.5999999999999,3.367295829986474,490.61500242902923,1071.8102626846946,0.16971287394130075
143.8,136.3,106.2,178.1,7.5,941.5,774.3,28,26.147687824,1.2385257301808066,0.46104064198809214,0.35283458451980326,0.2749158684959876,3.0400425230333097,0.8224110462028678,386.3,0.6277504530157908,0.0194149624644059,571.9,3.367295829986474,484.217140352055,1300.786379123775,0.13691717783820143
148.1,0.0,182.1,181.4,15.0,838.9,884.3,28,15.526310044,1.224848075624578,0.5493640218049667,0.0,0.5514839491217444,3.368256450351837,1.054118488496841,330.2,0.5514839491217444,0.045427013930950944,526.6,3.367295829986474,498.6965124209968,1111.8810830615337,0.1631469432868847
277.0,116.8,91.0,190.6,7.0,946.5,665.6,28,43.57833058,0.688086642599278,0.39315181518151815,0.24092409240924093,0.18770627062706272,2.3868818477939,0.7032223983095616,484.8,0.42863036303630364,0.014438943894389438,682.4,3.367295829986474,932.7409449062534,1632.4650183774427,0.1167559475114776
298.1,0.0,107.5,163.6,12.8,953.2,784.0,28,35.865852044,0.5488091244548808,0.403353057199211,0.0,0.2650394477317554,3.0520028109627546,0.8224926563155686,405.6,0.2650394477317554,0.03155818540433925,582.0,3.367295829986474,1003.790886918968,1365.775188642514,0.11978545324330211
313.3,145.0,0.0,178.5,8.0,1001.9,688.7,28,41.053469468,0.5697414618576444,0.3894828714815623,0.31638664630154917,0.0,2.6548366834170856,0.687393951492165,458.3,0.31638664630154917,0.017455814968361336,644.8,3.367295829986474,1054.9737835347623,1543.2316788828011,0.11566636587529251
155.2,183.9,143.2,193.8,9.2,879.6,698.5,28,28.991086848,1.2487113402061858,0.4018245905038358,0.3812979473356832,0.29691063653327804,2.334122171276438,0.7941109595270577,482.3,0.6782085838689612,0.019075264358283224,685.3000000000001,3.367295829986474,522.6043128139007,1624.0467788024764,0.11933153806253187
289.0,133.7,0.0,194.9,5.5,924.1,760.1,28,46.247292176,0.6743944636678201,0.46108351076413534,0.31629997634255974,0.0,2.7270077720207255,0.8225300292176172,422.7,0.31629997634255974,0.013011592145729832,623.1,3.367295829986474,973.148494866091,1423.3559473352825,0.1369299087588593
147.8,175.1,0.0,171.2,2.2,1000.0,828.5,28,26.922658848,1.1583220568335586,0.5301951068442242,0.542273149581914,0.0,3.7006678809957503,0.8285,322.9,0.542273149581914,0.006813254877671106,496.29999999999995,3.367295829986474,497.6863236720009,1087.2998235026325,0.15745427001771742
145.4,0.0,178.9,201.7,7.8,824.0,868.7,28,10.535882756,1.3872077028885832,0.62195497995683,0.0,0.551649707061363,3.2180608365019014,1.054247572815534,324.3,0.551649707061363,0.024051803885291396,533.8,3.367295829986474,489.6048136800334,1092.0140376646136,0.18470458532873493
312.7,0.0,0.0,178.1,8.0,999.7,822.2,28,25.10382116,0.5695554844899264,0.5695554844899264,0.0,0.0,3.712102689486553,0.8224467340202061,312.7,0.0,0.025583626479053406,498.79999999999995,3.367295829986474,1052.9534060367705,1052.9534060367705,0.16914328685288524
136.4,161.6,125.8,171.6,10.4,922.6,764.4,28,29.073134492,1.2580645161290323,0.4049079754601227,0.38131193959414816,0.2968381311939594,2.8333893181054752,0.8285280728376327,423.8,0.6781500707881075,0.024539877300613498,605.8,3.367295829986474,459.2991512101551,1427.0599727482677,0.12024722385670199
154.8,0.0,142.8,193.3,9.1,877.2,867.7,28,9.738159024,1.2487080103359174,0.6495295698924731,0.0,0.4798387096774194,3.5544917498472195,0.9891700866393068,297.6,0.4798387096774194,0.03057795698924731,500.00000000000006,3.367295829986474,521.2573944819062,1002.1072390039748,0.19289352723579448
255.3,98.8,77.0,188.6,6.5,919.0,749.3,28,33.798802996,0.7387387387387386,0.437485502203665,0.2291811644630016,0.1786128508466713,2.6921090850411487,0.8153427638737758,431.1,0.4077940153096729,0.01507770818835537,626.2,3.367295829986474,859.6706253955468,1451.641232307169,0.12992190894181765
272.8,105.1,81.8,209.7,9.0,904.0,679.7,28,37.171030112,0.7686950146627565,0.4561670654774853,0.22862736567326516,0.1779421361757668,2.365850014938751,0.7518805309734514,459.7,0.40656950184903196,0.01957798564281053,678.4,3.367295829986474,918.5983024203102,1547.9458930447822,0.1354698513315112
162.0,190.1,148.1,178.8,18.8,838.1,741.4,28,33.762260768,1.1037037037037039,0.35745701719312273,0.3800479808076769,0.29608156737305075,2.326215022091311,0.8846199737501491,500.20000000000005,0.6761295481807277,0.03758496601359456,697.8,3.367295829986474,545.5019244578089,1684.3213741592344,0.10615551327860569
153.6,144.2,112.3,220.1,10.1,923.2,657.9,28,16.503987012,1.4329427083333333,0.5366983662521336,0.35162155571811754,0.2738356498415021,2.508886067914948,0.7126299826689774,410.09999999999997,0.6254572055596197,0.024628139478176055,640.3,3.367295829986474,517.2166394859224,1380.928019877453,0.15938557030621495
146.5,114.6,89.3,201.9,8.8,860.0,829.5,28,19.98790924,1.3781569965870308,0.5761986301369862,0.3270547945205479,0.25485159817351594,3.0590258917255113,0.9645348837209302,350.40000000000003,0.5819063926940639,0.02511415525114155,561.1,3.367295829986474,493.30883909301843,1179.9004588272608,0.17111612974595722
151.8,178.1,138.7,167.5,18.3,944.0,694.6,28,36.349864196,1.103425559947299,0.3574477166026462,0.38006828851899277,0.2959880495091763,2.576010061311115,0.7358050847457628,468.59999999999997,0.676056338028169,0.039052496798975676,654.3999999999999,3.367295829986474,511.1555069919468,1577.9148259316617,0.10615275124314871
309.9,142.8,111.2,167.8,22.1,913.9,651.2,28,38.215586252,0.5414649887060343,0.29757049122184787,0.25323638943075016,0.19719808476680264,2.138991389913899,0.7125506072874495,563.9,0.4504344741975528,0.039191345983330385,753.8000000000001,3.367295829986474,1043.5249777128083,1898.8181185293727,0.08837075987560118
143.6,0.0,174.9,158.4,17.9,942.7,844.5,28,15.42357812,1.1030640668523677,0.49733124018838304,0.0,0.5491365777080063,3.747536171105054,0.8958311233690464,318.5,0.5491365777080063,0.05620094191522763,494.79999999999995,3.367295829986474,483.54368118605765,1072.483721850692,0.14769454936496645
303.6,139.9,0.0,213.5,6.2,895.5,722.5,28,33.419591196,0.703227931488801,0.4813979706877114,0.315445321307779,0.0,2.462709284627093,0.8068118369625907,443.5,0.315445321307779,0.013979706877113867,663.2,3.367295829986474,1022.3110139838936,1493.3957005990012,0.14296277933193802
374.3,0.0,0.0,190.2,6.7,1013.2,730.4,28,39.056057496,0.5081485439487042,0.5081485439487042,0.0,0.0,3.0887511071744904,0.7208843268851164,374.3,0.0,0.01790008014961261,571.2,3.367295829986474,1260.3788291639373,1260.3788291639373,0.15090700954265293
158.6,148.9,116.0,175.1,15.0,953.3,719.7,28,27.681082448,1.1040353089533417,0.41345926800472255,0.3515938606847698,0.27390791027154665,2.7948546608753757,0.754956467009336,423.5,0.6255017709563163,0.03541912632821724,613.6,3.367295829986474,534.0531186358547,1426.0497839992718,0.12278673715649846
152.6,238.7,0.0,200.0,6.3,1001.8,683.9,28,26.859916532,1.3106159895150722,0.5111167901865576,0.6100178890876565,0.0,2.8508371385083713,0.6826711918546616,391.29999999999995,0.6100178890876565,0.016100178890876567,597.5999999999999,3.367295829986474,513.849343655936,1317.6228582737072,0.15178850210752368
310.0,142.8,0.0,167.9,10.0,914.3,804.0,28,45.304778484,0.5416129032258065,0.3708038869257951,0.31537102473498235,0.0,2.7683260834541645,0.8793612599803129,452.8,0.31537102473498235,0.022084805653710248,630.7,3.367295829986474,1043.861707295807,1524.7115518178755,0.11011918929834108
304.8,0.0,99.6,196.0,9.8,959.4,705.2,28,30.12320644,0.6430446194225722,0.4846686449060337,0.0,0.24629080118694363,2.772485009993338,0.7350427350427351,404.4,0.24629080118694363,0.024233432245301684,610.1999999999999,3.367295829986474,1026.3517689798773,1361.73443364653,0.1439340852056888
150.9,0.0,183.9,166.6,11.6,991.2,772.2,28,15.569747032,1.1040424121935055,0.49761051373954596,0.0,0.5492831541218638,3.516952532907858,0.7790556900726392,334.8,0.5492831541218638,0.03464755077658303,513.0,3.367295829986474,508.12494074495896,1127.3706438794716,0.1477774864056256
141.9,166.6,129.7,173.5,10.9,882.6,785.3,28,44.611855104,1.222692036645525,0.3959379278868097,0.3801916932907348,0.2959835691465084,2.7266633970900767,0.8897575345569906,438.2,0.6761752624372431,0.02487448653582839,622.6,3.367295829986474,477.8192782750807,1475.549032700073,0.11758335111542609
297.8,137.2,106.9,201.3,6.0,878.4,655.3,28,53.524711356,0.6759570181329752,0.3714707510610814,0.2531832441409854,0.19726886879498065,2.0636437029063504,0.7460154826958105,541.9,0.45045211293596604,0.011072153533862338,749.2,3.367295829986474,1002.7806981699721,1824.7376102696703,0.11031723074434287
321.3,164.2,0.0,190.5,4.6,870.0,774.0,28,57.218234288,0.5929038281979458,0.39237899073120497,0.3382080329557157,0.0,2.4319526627218937,0.8896551724137931,485.5,0.3382080329557157,0.009474768280123584,680.6,3.367295829986474,1081.9121501746542,1634.8221254584332,0.11652643858522554
366.0,187.0,0.0,191.3,6.6,824.3,756.9,28,65.909079268,0.5226775956284153,0.34593128390596745,0.33815551537070526,0.0,2.1244121993819696,0.9182336527963121,553.0,0.33815551537070526,0.011934900542495479,750.9,3.367295829986474,1232.4302737750495,1862.11459398252,0.10273266780583308
279.8,128.9,100.4,172.4,9.5,825.1,804.9,28,52.826961644,0.6161543959971408,0.3386368100569633,0.25319190728736984,0.19721076409349833,2.391782831988261,0.9755181190158768,509.1,0.4504026713808682,0.018660381064623845,691.0,3.367295829986474,942.1693732302155,1714.290307046114,0.10056639723820272
252.1,97.1,75.6,193.8,8.3,835.5,821.4,28,33.399596392,0.7687425624752083,0.4562146892655368,0.22857815442561205,0.17796610169491525,2.6784675072744912,0.9831238779174147,424.79999999999995,0.4065442561205273,0.019538606403013185,626.8999999999999,3.367295829986474,848.8952787395901,1430.4272685782541,0.13548399436807707
164.6,0.0,150.4,181.6,11.7,1023.3,728.9,28,18.033934256,1.103280680437424,0.5765079365079365,0.0,0.4774603174603175,3.5283930728956903,0.7123033323561028,315.0,0.4774603174603175,0.03714285714285714,508.3,3.367295829986474,554.2568936157736,1060.6981864457393,0.1712079857593778
155.6,243.5,0.0,180.3,10.7,1022.0,697.7,28,37.363393916,1.1587403598971724,0.4517664745677775,0.6101227762465548,0.0,2.968070417673455,0.6826810176125245,399.1,0.6101227762465548,0.026810323227261335,590.1000000000001,3.367295829986474,523.9512311458953,1343.8877657476019,0.13416298934732807
160.2,188.0,146.4,203.2,11.3,828.7,709.7,28,35.314271244,1.268414481897628,0.41083704003234933,0.3801051354630004,0.2959967650626769,2.204643164230439,0.8564015928562809,494.6,0.6761019005256772,0.02284674484431864,709.0999999999999,3.367295829986474,539.4407919638331,1665.46451751131,0.12200800309071734
298.1,0.0,107.0,186.4,6.1,879.0,815.2,28,42.6440906,0.6252935256625293,0.46013330041964945,0.0,0.26413231300913353,2.8642434488588338,0.9274175199089876,405.1,0.26413231300913353,0.015058010367810416,597.6,3.367295829986474,1003.790886918968,1364.0915407275209,0.13664772079781826
317.9,0.0,126.5,209.7,5.7,860.5,736.6,28,40.06200298,0.6596413966656182,0.4718721872187219,0.0,0.2846534653465347,2.4416755847729705,0.8560139453805927,444.4,0.2846534653465347,0.012826282628262827,659.8,3.367295829986474,1070.4633443527,1496.426266845989,0.14013386736520186
287.3,120.5,93.9,187.6,9.2,904.4,695.9,28,43.798273424,0.6529759832927253,0.3739286426151086,0.24018337651983254,0.18716364361172014,2.321630639779486,0.7694604157452455,501.70000000000005,0.4273470201315527,0.018337651983256924,698.5000000000001,3.367295829986474,967.424091955114,1689.3723179042142,0.11104716113303613
325.6,166.4,0.0,174.0,8.9,881.6,790.0,28,61.23581094,0.5343980343980343,0.35365853658536583,0.3382113821138211,0.0,2.5099099099099096,0.896098003629764,492.0,0.3382113821138211,0.018089430894308943,674.9,3.367295829986474,1096.391522243596,1656.7095483533453,0.10502746252228941
355.9,0.0,141.6,193.3,11.0,801.4,778.4,28,40.8686899,0.543130092722675,0.3885427135678392,0.0,0.28462311557788944,2.2869137232194556,0.9713002246069379,497.5,0.28462311557788944,0.022110552763819097,701.8,3.367295829986474,1198.4205858921862,1675.229675418271,0.11538716322687927
132.0,206.5,160.9,178.9,5.5,866.9,735.6,28,33.306517132,1.3553030303030305,0.35822987585102123,0.41349619543452143,0.32218662394873854,2.3625239569512018,0.8485407774829854,499.4,0.7356828193832599,0.011013215859030838,683.8,3.367295829986474,444.4830495582146,1681.6275374952452,0.10638503236362817
322.5,148.6,0.0,185.8,8.5,951.0,709.5,28,52.426376088,0.576124031007752,0.3943960942475058,0.3154319677350881,0.0,2.5277820063936667,0.7460567823343849,471.1,0.3154319677350881,0.01804287836977287,665.4000000000001,3.367295829986474,1085.952905170638,1586.3330655066281,0.11712546629711772
164.2,0.0,200.1,181.2,12.6,849.3,846.0,28,15.091250688,1.1035322777101095,0.49739225912709306,0.0,0.5492725775459787,3.1077910174152152,0.9961144471918051,364.29999999999995,0.5492725775459787,0.034586878945923695,558.1,3.367295829986474,552.909975283779,1226.7058708640723,0.14771267041574157
313.8,0.0,112.6,169.9,10.1,925.3,782.9,28,38.461039708,0.541427660930529,0.3984521575984991,0.0,0.26407129455909945,2.8646654368606406,0.8461039662812061,426.4,0.26407129455909945,0.023686679174484054,606.4,3.367295829986474,1056.6574314497557,1435.8149419062324,0.11833001248366694
321.4,0.0,127.9,182.5,11.5,870.1,779.7,28,37.265488324,0.5678282514001245,0.40618740262630765,0.0,0.2846650344981082,2.6112693890471674,0.8961038961038962,449.29999999999995,0.2846650344981082,0.02559537057645226,643.3,3.367295829986474,1082.2488797576527,1512.9260164129228,0.12062718072143344
139.7,163.9,127.7,236.7,5.8,868.6,655.6,28,35.22532884,1.6943450250536864,0.548805935543705,0.3800139114305588,0.2960816137259448,2.281736526946108,0.7547778033617315,431.3,0.6760955251565036,0.0134477162068166,673.8,3.367295829986474,470.4112274491104,1452.3146914731662,0.16298120606347483
288.4,121.0,0.0,177.4,7.0,907.9,829.5,28,42.140083644,0.615117891816921,0.4333170493404983,0.29555446995603324,0.0,2.9608043626448537,0.9136468774094063,409.4,0.29555446995603324,0.01709819247679531,593.8,3.367295829986474,971.1281173680991,1378.5709127964624,0.12868398596931083
298.2,0.0,107.0,209.7,11.1,879.6,744.2,28,31.875164956,0.7032193158953722,0.5175222112537019,0.0,0.26406712734452126,2.6407545942429667,0.8460663938153706,405.2,0.26406712734452126,0.027393879565646595,626.0,3.367295829986474,1004.1276165019666,1364.4282703105193,0.15369074693261528
264.5,111.0,86.5,195.5,5.9,832.6,790.4,28,41.542307952,0.7391304347826086,0.4231601731601732,0.24025974025974026,0.18722943722943722,2.468441064638783,0.9493153975498438,462.0,0.4274891774891775,0.01277056277056277,663.4,3.367295829986474,890.6497470314224,1555.690673453751,0.12566765574673994
159.8,250.0,0.0,168.4,12.2,1049.3,688.2,28,39.455953576,1.053817271589487,0.4109321620302587,0.6100536847242557,0.0,3.005015565548253,0.6558658153054417,409.8,0.6100536847242557,0.029770619814543677,590.4000000000001,3.367295829986474,538.0938736318386,1379.9178311284572,0.12203625187036486
166.0,259.7,0.0,183.2,12.7,858.8,826.8,28,37.917043144,1.1036144578313252,0.4303500117453606,0.6100540286586799,0.0,2.7682706519954015,0.9627387051700047,425.7,0.6100540286586799,0.029833215879727506,621.6,3.367295829986474,558.9711077777547,1433.4578348252421,0.12780285234014893
276.4,116.0,90.3,179.6,8.9,870.1,768.3,28,44.284354004,0.6497829232995659,0.3720737518127201,0.2403148953801533,0.18707271597265382,2.4738034123508985,0.883001953798414,482.7,0.4273876113528072,0.018437953180029006,671.1999999999999,3.367295829986474,930.7205674082613,1625.393697134471,0.11049630641279733
322.2,0.0,115.6,196.0,10.4,817.9,813.4,28,31.178794196,0.6083178150217257,0.4476930105070809,0.0,0.2640475102786661,2.5738403281792364,0.9944981049027999,437.79999999999995,0.2640475102786661,0.023755139333028783,644.1999999999999,3.367295829986474,1084.942716421642,1474.2021143680781,0.13295327559885917
148.5,139.4,108.6,192.7,6.1,892.4,780.0,28,23.696600644,1.2976430976430975,0.4860025220680958,0.35157629255989914,0.2738965952080706,2.838424983027834,0.8740475123263111,396.5,0.6254728877679697,0.015384615384615384,595.3000000000001,3.367295829986474,500.0434307529914,1335.132796589637,0.14433021231462398
159.1,186.7,0.0,175.6,11.3,989.6,788.9,28,32.768036376,1.103708359522313,0.5078079814921921,0.5399074609600926,0.0,3.411008822401228,0.7971907841552142,345.79999999999995,0.5399074609600926,0.032677848467322156,532.6999999999999,3.367295829986474,535.736766550848,1164.4108980093226,0.15080587127809078
260.9,100.5,78.3,200.6,8.6,864.5,761.5,28,32.401235144,0.7688769643541588,0.4562201501023425,0.22856493063452354,0.17807596088241984,2.5394346400124945,0.8808559861191441,439.7,0.4066408915169434,0.01955879008414828,648.9,3.367295829986474,878.5274820434711,1480.5999764450526,0.13548561609574264
